customer_id,signup_date,acquisition_campaign_id,age_group,category_pref,segment,city_tier,device
C00001,2025-01-01,GG01,25-34,Fashion,25-34 | Fashion,Other,Mobile
C00002,2025-01-01,GG01,45+,Fashion,45+ | Fashion,Metro,Desktop
C00003,2025-01-01,GG01,35-44,Fashion,35-44 | Fashion,Metro,Mobile
C00004,2025-01-01,GG01,35-44,Fashion,35-44 | Fashion,Other,Mobile
C00005,2025-01-01,GG02,35-44,Cosmetics,35-44 | Cosmetics,Metro,Mobile
C00006,2025-01-01,GG02,25-34,Fashion,25-34 | Fashion,Metro,Desktop
C00007,2025-01-01,GG02,18-24,Cosmetics,18-24 | Cosmetics,Metro,Desktop
C00008,2025-01-01,GG03,25-34,Fashion,25-34 | Fashion,Other,Mobile
C00009,2025-01-01,MT01,18-24,Cosmetics,18-24 | Cosmetics,Metro,Mobile
C00010,2025-01-01,MT01,25-34,Cosmetics,25-34 | Cosmetics,Other,Mobile
C00011,2025-01-01,MT01,25-34,Fashion,25-34 | Fashion,Other,Mobile
C00012,2025-01-01,MT01,25-34,Fashion,25-34 | Fashion,Other,Mobile
C00013,2025-01-01,MT01,25-34,Fashion,25-34 | Fashion,Metro,Mobile
C00014,2025-01-01,MT01,45+,Cosmetics,45+ | Cosmetics,Metro,Mobile
C00015,2025-01-01,MT01,25-34,Fashion,25-34 | Fashion,Other,Mobile
C00016,2025-01-01,MT01,25-34,Cosmetics,25-34 | Cosmetics,Other,Mobile
C00017,2025-01-01,MT01,18-24,Cosmetics,18-24 | Cosmetics,Other,Mobile
C00018,2025-01-01,MT02,25-34,Fashion,25-34 | Fashion,Other,Mobile
C00019,2025-01-01,MT02,18-24,Fashion,18-24 | Fashion,Other,Mobile
C00020,2025-01-01,MT02,25-34,Fashion,25-34 | Fashion,Other,Mobile
C00021,2025-01-01,TT01,18-24,Cosmetics,18-24 | Cosmetics,Metro,Mobile
C00022,2025-01-01,TT01,45+,Cosmetics,45+ | Cosmetics,Other,Desktop
C00023,2025-01-01,TT02,25-34,Cosmetics,25-34 | Cosmetics,Other,Mobile
C00024,2025-01-01,EM01,25-34,Fashion,25-34 | Fashion,Metro,Mobile
C00025,2025-01-02,GG01,45+,Fashion,45+ | Fashion,Other,Mobile
C00026,2025-01-02,GG01,25-34,Fashion,25-34 | Fashion,Other,Mobile
C00027,2025-01-02,GG01,25-34,Fashion,25-34 | Fashion,Other,Mobile
C00028,2025-01-02,GG02,45+,Fashion,45+ | Fashion,Metro,Mobile
C00029,2025-01-02,GG02,25-34,Fashion,25-34 | Fashion,Metro,Desktop
C00030,2025-01-02,GG03,25-34,Fashion,25-34 | Fashion,Other,Mobile
C00031,2025-01-02,GG03,35-44,Cosmetics,35-44 | Cosmetics,Metro,Desktop
C00032,2025-01-02,GG03,45+,Fashion,45+ | Fashion,Metro,Mobile
C00033,2025-01-02,MT01,18-24,Cosmetics,18-24 | Cosmetics,Metro,Mobile
C00034,2025-01-02,MT02,25-34,Fashion,25-34 | Fashion,Other,Desktop
C00035,2025-01-02,TT01,18-24,Fashion,18-24 | Fashion,Metro,Mobile
C00036,2025-01-02,TT01,18-24,Cosmetics,18-24 | Cosmetics,Other,Mobile
C00037,2025-01-02,TT01,18-24,Cosmetics,18-24 | Cosmetics,Metro,Mobile
C00038,2025-01-02,TT01,25-34,Fashion,25-34 | Fashion,Metro,Mobile
C00039,2025-01-02,TT01,18-24,Cosmetics,18-24 | Cosmetics,Other,Mobile
C00040,2025-01-02,TT02,18-24,Fashion,18-24 | Fashion,Metro,Mobile
C00041,2025-01-02,TT02,25-34,Fashion,25-34 | Fashion,Metro,Mobile
C00042,2025-01-02,TT02,35-44,Fashion,35-44 | Fashion,Other,Mobile
C00043,2025-01-02,OR01,45+,Cosmetics,45+ | Cosmetics,Other,Mobile
C00044,2025-01-02,OR01,18-24,Fashion,18-24 | Fashion,Metro,Mobile
C00045,2025-01-02,OR01,45+,Fashion,45+ | Fashion,Metro,Mobile
C00046,2025-01-02,OR01,35-44,Fashion,35-44 | Fashion,Other,Mobile
C00047,2025-01-02,OR01,35-44,Cosmetics,35-44 | Cosmetics,Metro,Mobile
C00048,2025-01-02,OR01,35-44,Fashion,35-44 | Fashion,Other,Mobile
C00049,2025-01-02,OR02,35-44,Fashion,35-44 | Fashion,Metro,Mobile
C00050,2025-01-02,OR02,35-44,Fashion,35-44 | Fashion,Metro,Mobile
C00051,2025-01-03,GG01,35-44,Fashion,35-44 | Fashion,Other,Mobile
C00052,2025-01-03,GG01,25-34,Fashion,25-34 | Fashion,Metro,Mobile
C00053,2025-01-03,GG01,25-34,Fashion,25-34 | Fashion,Other,Mobile
C00054,2025-01-03,GG02,45+,Fashion,45+ | Fashion,Metro,Mobile
C00055,2025-01-03,GG02,35-44,Cosmetics,35-44 | Cosmetics,Other,Mobile
C00056,2025-01-03,GG02,25-34,Fashion,25-34 | Fashion,Metro,Desktop
C00057,2025-01-03,GG03,25-34,Cosmetics,25-34 | Cosmetics,Metro,Mobile
C00058,2025-01-03,GG03,35-44,Cosmetics,35-44 | Cosmetics,Other,Desktop
C00059,2025-01-03,GG03,25-34,Fashion,25-34 | Fashion,Other,Mobile
C00060,2025-01-03,MT01,25-34,Cosmetics,25-34 | Cosmetics,Other,Mobile
C00061,2025-01-03,MT01,45+,Cosmetics,45+ | Cosmetics,Metro,Mobile
C00062,2025-01-03,MT01,18-24,Fashion,18-24 | Fashion,Other,Desktop
C00063,2025-01-03,MT02,35-44,Cosmetics,35-44 | Cosmetics,Other,Mobile
C00064,2025-01-03,TT01,18-24,Cosmetics,18-24 | Cosmetics,Other,Mobile
C00065,2025-01-03,TT01,25-34,Fashion,25-34 | Fashion,Other,Desktop
C00066,2025-01-03,TT01,18-24,Cosmetics,18-24 | Cosmetics,Metro,Mobile
C00067,2025-01-03,TT02,18-24,Fashion,18-24 | Fashion,Other,Mobile
C00068,2025-01-03,TT02,18-24,Cosmetics,18-24 | Cosmetics,Metro,Mobile
C00069,2025-01-03,EM01,25-34,Fashion,25-34 | Fashion,Other,Desktop
C00070,2025-01-03,OR01,18-24,Fashion,18-24 | Fashion,Other,Desktop
C00071,2025-01-03,OR01,25-34,Cosmetics,25-34 | Cosmetics,Other,Desktop
C00072,2025-01-03,OR01,25-34,Cosmetics,25-34 | Cosmetics,Metro,Mobile
C00073,2025-01-03,OR01,45+,Fashion,45+ | Fashion,Metro,Mobile
C00074,2025-01-03,OR02,18-24,Cosmetics,18-24 | Cosmetics,Metro,Mobile
C00075,2025-01-04,GG01,25-34,Cosmetics,25-34 | Cosmetics,Other,Desktop
C00076,2025-01-04,GG01,25-34,Fashion,25-34 | Fashion,Metro,Mobile
C00077,2025-01-04,GG02,25-34,Fashion,25-34 | Fashion,Metro,Mobile
C00078,2025-01-04,GG02,25-34,Fashion,25-34 | Fashion,Other,Mobile
C00079,2025-01-04,GG02,45+,Cosmetics,45+ | Cosmetics,Metro,Mobile
C00080,2025-01-04,GG02,35-44,Cosmetics,35-44 | Cosmetics,Metro,Desktop
C00081,2025-01-04,GG02,25-34,Cosmetics,25-34 | Cosmetics,Other,Desktop
C00082,2025-01-04,GG03,35-44,Fashion,35-44 | Fashion,Metro,Mobile
C00083,2025-01-04,GG03,18-24,Fashion,18-24 | Fashion,Other,Desktop
C00084,2025-01-04,MT01,25-34,Cosmetics,25-34 | Cosmetics,Other,Mobile
C00085,2025-01-04,MT01,45+,Cosmetics,45+ | Cosmetics,Other,Mobile
C00086,2025-01-04,MT01,25-34,Cosmetics,25-34 | Cosmetics,Metro,Mobile
C00087,2025-01-04,MT03,25-34,Fashion,25-34 | Fashion,Other,Mobile
C00088,2025-01-04,MT03,25-34,Fashion,25-34 | Fashion,Other,Mobile
C00089,2025-01-04,MT03,25-34,Cosmetics,25-34 | Cosmetics,Metro,Mobile
C00090,2025-01-04,MT03,35-44,Fashion,35-44 | Fashion,Metro,Mobile
C00091,2025-01-04,TT01,25-34,Fashion,25-34 | Fashion,Metro,Mobile
C00092,2025-01-04,TT01,18-24,Cosmetics,18-24 | Cosmetics,Metro,Mobile
C00093,2025-01-04,TT01,25-34,Fashion,25-34 | Fashion,Metro,Mobile
C00094,2025-01-04,TT02,18-24,Fashion,18-24 | Fashion,Metro,Mobile
C00095,2025-01-04,TT02,18-24,Fashion,18-24 | Fashion,Other,Mobile
C00096,2025-01-04,EM02,45+,Fashion,45+ | Fashion,Other,Mobile
C00097,2025-01-04,OR01,25-34,Cosmetics,25-34 | Cosmetics,Metro,Mobile
C00098,2025-01-04,OR01,18-24,Cosmetics,18-24 | Cosmetics,Metro,Mobile
C00099,2025-01-04,OR01,25-34,Fashion,25-34 | Fashion,Metro,Mobile
C00100,2025-01-04,OR02,18-24,Cosmetics,18-24 | Cosmetics,Metro,Mobile
C00101,2025-01-05,GG01,45+,Cosmetics,45+ | Cosmetics,Metro,Mobile
C00102,2025-01-05,GG02,35-44,Fashion,35-44 | Fashion,Other,Desktop
C00103,2025-01-05,GG02,35-44,Cosmetics,35-44 | Cosmetics,Other,Mobile
C00104,2025-01-05,GG02,45+,Fashion,45+ | Fashion,Metro,Desktop
C00105,2025-01-05,GG02,18-24,Cosmetics,18-24 | Cosmetics,Metro,Desktop
C00106,2025-01-05,GG03,35-44,Fashion,35-44 | Fashion,Other,Mobile
C00107,2025-01-05,GG03,25-34,Fashion,25-34 | Fashion,Other,Mobile
C00108,2025-01-05,GG03,25-34,Fashion,25-34 | Fashion,Metro,Mobile
C00109,2025-01-05,MT01,25-34,Fashion,25-34 | Fashion,Other,Mobile
C00110,2025-01-05,MT01,25-34,Fashion,25-34 | Fashion,Metro,Mobile
C00111,2025-01-05,MT02,18-24,Fashion,18-24 | Fashion,Other,Desktop
C00112,2025-01-05,MT03,25-34,Cosmetics,25-34 | Cosmetics,Other,Mobile
C00113,2025-01-05,MT03,18-24,Fashion,18-24 | Fashion,Other,Desktop
C00114,2025-01-05,TT01,18-24,Fashion,18-24 | Fashion,Other,Mobile
C00115,2025-01-05,TT01,35-44,Cosmetics,35-44 | Cosmetics,Metro,Mobile
C00116,2025-01-05,TT02,25-34,Cosmetics,25-34 | Cosmetics,Metro,Mobile
C00117,2025-01-05,EM01,25-34,Fashion,25-34 | Fashion,Other,Mobile
C00118,2025-01-05,EM02,45+,Fashion,45+ | Fashion,Other,Desktop
C00119,2025-01-06,GG01,35-44,Cosmetics,35-44 | Cosmetics,Metro,Desktop
C00120,2025-01-06,GG01,25-34,Cosmetics,25-34 | Cosmetics,Other,Mobile
C00121,2025-01-06,GG01,25-34,Cosmetics,25-34 | Cosmetics,Other,Mobile
C00122,2025-01-06,GG01,25-34,Fashion,25-34 | Fashion,Other,Mobile
C00123,2025-01-06,GG01,35-44,Fashion,35-44 | Fashion,Metro,Mobile
C00124,2025-01-06,GG02,18-24,Fashion,18-24 | Fashion,Other,Mobile
C00125,2025-01-06,GG02,18-24,Fashion,18-24 | Fashion,Other,Mobile
C00126,2025-01-06,GG02,25-34,Cosmetics,25-34 | Cosmetics,Other,Desktop
C00127,2025-01-06,GG03,35-44,Cosmetics,35-44 | Cosmetics,Other,Desktop
C00128,2025-01-06,GG03,25-34,Fashion,25-34 | Fashion,Other,Desktop
C00129,2025-01-06,GG03,25-34,Cosmetics,25-34 | Cosmetics,Other,Desktop
C00130,2025-01-06,GG03,25-34,Fashion,25-34 | Fashion,Other,Desktop
C00131,2025-01-06,MT01,25-34,Cosmetics,25-34 | Cosmetics,Metro,Mobile
C00132,2025-01-06,MT01,45+,Cosmetics,45+ | Cosmetics,Other,Mobile
C00133,2025-01-06,MT01,18-24,Cosmetics,18-24 | Cosmetics,Metro,Mobile
C00134,2025-01-06,MT01,35-44,Cosmetics,35-44 | Cosmetics,Metro,Mobile
C00135,2025-01-06,MT02,45+,Fashion,45+ | Fashion,Metro,Desktop
C00136,2025-01-06,MT03,25-34,Fashion,25-34 | Fashion,Metro,Mobile
C00137,2025-01-06,MT03,18-24,Fashion,18-24 | Fashion,Metro,Mobile
C00138,2025-01-06,TT01,18-24,Cosmetics,18-24 | Cosmetics,Metro,Mobile
C00139,2025-01-06,TT01,18-24,Fashion,18-24 | Fashion,Metro,Mobile
C00140,2025-01-06,TT01,25-34,Fashion,25-34 | Fashion,Metro,Mobile
C00141,2025-01-06,TT01,18-24,Fashion,18-24 | Fashion,Metro,Mobile
C00142,2025-01-06,TT01,18-24,Fashion,18-24 | Fashion,Metro,Mobile
C00143,2025-01-06,TT01,18-24,Cosmetics,18-24 | Cosmetics,Other,Mobile
C00144,2025-01-06,TT01,18-24,Fashion,18-24 | Fashion,Other,Mobile
C00145,2025-01-06,TT02,35-44,Cosmetics,35-44 | Cosmetics,Other,Mobile
C00146,2025-01-06,TT02,18-24,Cosmetics,18-24 | Cosmetics,Metro,Desktop
C00147,2025-01-06,EM01,25-34,Cosmetics,25-34 | Cosmetics,Other,Mobile
C00148,2025-01-06,EM01,18-24,Fashion,18-24 | Fashion,Other,Mobile
C00149,2025-01-06,OR01,45+,Cosmetics,45+ | Cosmetics,Metro,Mobile
C00150,2025-01-06,OR01,45+,Fashion,45+ | Fashion,Other,Mobile
C00151,2025-01-06,OR01,45+,Fashion,45+ | Fashion,Metro,Mobile
C00152,2025-01-06,OR01,18-24,Fashion,18-24 | Fashion,Metro,Desktop
C00153,2025-01-06,OR01,35-44,Cosmetics,35-44 | Cosmetics,Metro,Mobile
C00154,2025-01-06,OR02,18-24,Cosmetics,18-24 | Cosmetics,Metro,Mobile
C00155,2025-01-06,OR02,35-44,Fashion,35-44 | Fashion,Metro,Mobile
C00156,2025-01-07,GG01,45+,Fashion,45+ | Fashion,Metro,Mobile
C00157,2025-01-07,GG01,45+,Cosmetics,45+ | Cosmetics,Metro,Desktop
C00158,2025-01-07,GG02,35-44,Cosmetics,35-44 | Cosmetics,Other,Mobile
C00159,2025-01-07,GG02,25-34,Fashion,25-34 | Fashion,Metro,Desktop
C00160,2025-01-07,GG02,25-34,Fashion,25-34 | Fashion,Metro,Desktop
C00161,2025-01-07,GG02,25-34,Cosmetics,25-34 | Cosmetics,Other,Mobile
C00162,2025-01-07,GG03,45+,Fashion,45+ | Fashion,Other,Mobile
C00163,2025-01-07,TT01,18-24,Cosmetics,18-24 | Cosmetics,Metro,Mobile
C00164,2025-01-07,EM01,18-24,Fashion,18-24 | Fashion,Metro,Mobile
C00165,2025-01-07,OR01,25-34,Fashion,25-34 | Fashion,Metro,Mobile
C00166,2025-01-07,OR01,35-44,Cosmetics,35-44 | Cosmetics,Other,Mobile
C00167,2025-01-07,OR01,45+,Fashion,45+ | Fashion,Metro,Mobile
C00168,2025-01-07,OR01,25-34,Fashion,25-34 | Fashion,Metro,Mobile
C00169,2025-01-07,OR01,35-44,Cosmetics,35-44 | Cosmetics,Other,Mobile
C00170,2025-01-07,OR02,18-24,Fashion,18-24 | Fashion,Other,Mobile
C00171,2025-01-07,OR02,25-34,Cosmetics,25-34 | Cosmetics,Metro,Mobile
C00172,2025-01-07,OR02,25-34,Cosmetics,25-34 | Cosmetics,Other,Mobile
C00173,2025-01-07,OR02,18-24,Fashion,18-24 | Fashion,Metro,Mobile
C00174,2025-01-08,GG02,18-24,Cosmetics,18-24 | Cosmetics,Other,Desktop
C00175,2025-01-08,GG03,25-34,Fashion,25-34 | Fashion,Metro,Desktop
C00176,2025-01-08,GG03,35-44,Fashion,35-44 | Fashion,Other,Mobile
C00177,2025-01-08,GG03,45+,Fashion,45+ | Fashion,Metro,Desktop
C00178,2025-01-08,MT01,25-34,Cosmetics,25-34 | Cosmetics,Other,Mobile
C00179,2025-01-08,MT01,35-44,Cosmetics,35-44 | Cosmetics,Other,Mobile
C00180,2025-01-08,MT01,35-44,Cosmetics,35-44 | Cosmetics,Other,Mobile
C00181,2025-01-08,MT02,45+,Cosmetics,45+ | Cosmetics,Other,Mobile
C00182,2025-01-08,MT02,25-34,Fashion,25-34 | Fashion,Metro,Desktop
C00183,2025-01-08,MT02,25-34,Fashion,25-34 | Fashion,Metro,Mobile
C00184,2025-01-08,MT02,25-34,Cosmetics,25-34 | Cosmetics,Other,Mobile
C00185,2025-01-08,MT02,25-34,Fashion,25-34 | Fashion,Other,Mobile
C00186,2025-01-08,MT03,45+,Fashion,45+ | Fashion,Metro,Mobile
C00187,2025-01-08,MT03,35-44,Cosmetics,35-44 | Cosmetics,Metro,Mobile
C00188,2025-01-08,TT01,18-24,Cosmetics,18-24 | Cosmetics,Metro,Mobile
C00189,2025-01-08,TT02,18-24,Fashion,18-24 | Fashion,Other,Mobile
C00190,2025-01-08,EM01,18-24,Fashion,18-24 | Fashion,Metro,Mobile
C00191,2025-01-08,OR01,25-34,Fashion,25-34 | Fashion,Other,Mobile
C00192,2025-01-08,OR01,25-34,Cosmetics,25-34 | Cosmetics,Other,Mobile
C00193,2025-01-08,OR02,18-24,Cosmetics,18-24 | Cosmetics,Metro,Mobile
C00194,2025-01-09,GG01,25-34,Fashion,25-34 | Fashion,Metro,Desktop
C00195,2025-01-09,GG02,45+,Cosmetics,45+ | Cosmetics,Metro,Desktop
C00196,2025-01-09,GG02,35-44,Fashion,35-44 | Fashion,Other,Mobile
C00197,2025-01-09,GG02,25-34,Fashion,25-34 | Fashion,Metro,Desktop
C00198,2025-01-09,GG02,35-44,Cosmetics,35-44 | Cosmetics,Other,Mobile
C00199,2025-01-09,MT01,35-44,Cosmetics,35-44 | Cosmetics,Metro,Mobile
C00200,2025-01-09,MT02,35-44,Cosmetics,35-44 | Cosmetics,Other,Desktop
C00201,2025-01-09,MT02,25-34,Fashion,25-34 | Fashion,Other,Mobile
C00202,2025-01-09,MT03,25-34,Fashion,25-34 | Fashion,Other,Mobile
C00203,2025-01-09,MT03,25-34,Fashion,25-34 | Fashion,Metro,Mobile
C00204,2025-01-09,TT01,18-24,Fashion,18-24 | Fashion,Other,Mobile
C00205,2025-01-09,TT01,18-24,Cosmetics,18-24 | Cosmetics,Metro,Mobile
C00206,2025-01-09,TT01,25-34,Cosmetics,25-34 | Cosmetics,Other,Mobile
C00207,2025-01-09,TT01,18-24,Cosmetics,18-24 | Cosmetics,Other,Mobile
C00208,2025-01-09,TT02,18-24,Cosmetics,18-24 | Cosmetics,Other,Mobile
C00209,2025-01-09,EM01,18-24,Fashion,18-24 | Fashion,Metro,Desktop
C00210,2025-01-09,EM01,45+,Fashion,45+ | Fashion,Other,Desktop
C00211,2025-01-09,OR01,25-34,Cosmetics,25-34 | Cosmetics,Other,Mobile
C00212,2025-01-09,OR01,25-34,Cosmetics,25-34 | Cosmetics,Other,Mobile
C00213,2025-01-09,OR01,25-34,Cosmetics,25-34 | Cosmetics,Other,Desktop
C00214,2025-01-09,OR02,35-44,Cosmetics,35-44 | Cosmetics,Other,Mobile
C00215,2025-01-09,OR02,25-34,Cosmetics,25-34 | Cosmetics,Other,Mobile
C00216,2025-01-09,OR02,25-34,Cosmetics,25-34 | Cosmetics,Metro,Mobile
C00217,2025-01-10,GG01,25-34,Fashion,25-34 | Fashion,Other,Desktop
C00218,2025-01-10,GG01,35-44,Cosmetics,35-44 | Cosmetics,Other,Mobile
C00219,2025-01-10,GG01,35-44,Fashion,35-44 | Fashion,Other,Mobile
C00220,2025-01-10,GG02,25-34,Cosmetics,25-34 | Cosmetics,Metro,Desktop
C00221,2025-01-10,GG02,45+,Cosmetics,45+ | Cosmetics,Other,Mobile
C00222,2025-01-10,GG03,35-44,Fashion,35-44 | Fashion,Other,Desktop
C00223,2025-01-10,GG03,25-34,Cosmetics,25-34 | Cosmetics,Other,Mobile
C00224,2025-01-10,MT01,35-44,Fashion,35-44 | Fashion,Other,Mobile
C00225,2025-01-10,MT01,35-44,Fashion,35-44 | Fashion,Metro,Mobile
C00226,2025-01-10,MT01,18-24,Cosmetics,18-24 | Cosmetics,Metro,Mobile
C00227,2025-01-10,MT01,18-24,Fashion,18-24 | Fashion,Metro,Mobile
C00228,2025-01-10,MT02,18-24,Cosmetics,18-24 | Cosmetics,Other,Mobile
C00229,2025-01-10,MT03,25-34,Fashion,25-34 | Fashion,Metro,Mobile
C00230,2025-01-10,MT03,25-34,Cosmetics,25-34 | Cosmetics,Other,Mobile
C00231,2025-01-10,MT03,25-34,Fashion,25-34 | Fashion,Metro,Mobile
C00232,2025-01-10,TT01,18-24,Cosmetics,18-24 | Cosmetics,Metro,Mobile
C00233,2025-01-10,TT02,18-24,Cosmetics,18-24 | Cosmetics,Other,Mobile
C00234,2025-01-10,EM01,45+,Cosmetics,45+ | Cosmetics,Metro,Mobile
C00235,2025-01-10,OR01,25-34,Cosmetics,25-34 | Cosmetics,Other,Desktop
C00236,2025-01-10,OR01,35-44,Cosmetics,35-44 | Cosmetics,Other,Mobile
C00237,2025-01-11,GG01,35-44,Fashion,35-44 | Fashion,Other,Mobile
C00238,2025-01-11,GG02,35-44,Cosmetics,35-44 | Cosmetics,Metro,Mobile
C00239,2025-01-11,GG02,35-44,Fashion,35-44 | Fashion,Other,Mobile
C00240,2025-01-11,GG02,45+,Fashion,45+ | Fashion,Other,Mobile
C00241,2025-01-11,GG02,45+,Cosmetics,45+ | Cosmetics,Metro,Mobile
C00242,2025-01-11,GG03,35-44,Fashion,35-44 | Fashion,Other,Desktop
C00243,2025-01-11,GG03,18-24,Fashion,18-24 | Fashion,Other,Desktop
C00244,2025-01-11,GG03,35-44,Cosmetics,35-44 | Cosmetics,Metro,Mobile
C00245,2025-01-11,GG03,25-34,Fashion,25-34 | Fashion,Metro,Desktop
C00246,2025-01-11,GG03,35-44,Fashion,35-44 | Fashion,Other,Desktop
C00247,2025-01-11,GG03,45+,Fashion,45+ | Fashion,Metro,Mobile
C00248,2025-01-11,MT01,25-34,Cosmetics,25-34 | Cosmetics,Other,Mobile
C00249,2025-01-11,MT01,25-34,Fashion,25-34 | Fashion,Metro,Desktop
C00250,2025-01-11,MT01,25-34,Cosmetics,25-34 | Cosmetics,Metro,Mobile
C00251,2025-01-11,MT01,35-44,Fashion,35-44 | Fashion,Other,Mobile
C00252,2025-01-11,MT02,45+,Fashion,45+ | Fashion,Metro,Mobile
C00253,2025-01-11,MT02,25-34,Fashion,25-34 | Fashion,Other,Mobile
C00254,2025-01-11,MT03,35-44,Fashion,35-44 | Fashion,Other,Mobile
C00255,2025-01-11,TT01,18-24,Fashion,18-24 | Fashion,Other,Mobile
C00256,2025-01-11,TT01,18-24,Cosmetics,18-24 | Cosmetics,Metro,Mobile
C00257,2025-01-11,TT02,18-24,Fashion,18-24 | Fashion,Other,Mobile
C00258,2025-01-11,OR01,35-44,Cosmetics,35-44 | Cosmetics,Other,Mobile
C00259,2025-01-11,OR01,45+,Cosmetics,45+ | Cosmetics,Other,Desktop
C00260,2025-01-11,OR01,25-34,Fashion,25-34 | Fashion,Metro,Mobile
C00261,2025-01-11,OR01,35-44,Cosmetics,35-44 | Cosmetics,Other,Mobile
C00262,2025-01-11,OR01,45+,Fashion,45+ | Fashion,Metro,Desktop
C00263,2025-01-11,OR01,25-34,Fashion,25-34 | Fashion,Metro,Mobile
C00264,2025-01-11,OR01,35-44,Cosmetics,35-44 | Cosmetics,Metro,Mobile
C00265,2025-01-11,OR01,45+,Fashion,45+ | Fashion,Other,Desktop
C00266,2025-01-12,GG01,35-44,Cosmetics,35-44 | Cosmetics,Other,Mobile
C00267,2025-01-12,GG02,45+,Fashion,45+ | Fashion,Other,Mobile
C00268,2025-01-12,GG02,25-34,Cosmetics,25-34 | Cosmetics,Other,Desktop
C00269,2025-01-12,GG02,25-34,Cosmetics,25-34 | Cosmetics,Other,Mobile
C00270,2025-01-12,GG02,35-44,Cosmetics,35-44 | Cosmetics,Metro,Mobile
C00271,2025-01-12,GG02,35-44,Fashion,35-44 | Fashion,Other,Mobile
C00272,2025-01-12,GG03,25-34,Fashion,25-34 | Fashion,Metro,Mobile
C00273,2025-01-12,MT01,35-44,Cosmetics,35-44 | Cosmetics,Other,Mobile
C00274,2025-01-12,MT01,45+,Cosmetics,45+ | Cosmetics,Other,Mobile
C00275,2025-01-12,MT02,18-24,Cosmetics,18-24 | Cosmetics,Metro,Mobile
C00276,2025-01-12,MT02,45+,Fashion,45+ | Fashion,Metro,Mobile
C00277,2025-01-12,MT03,35-44,Fashion,35-44 | Fashion,Metro,Mobile
C00278,2025-01-12,TT01,18-24,Cosmetics,18-24 | Cosmetics,Metro,Mobile
C00279,2025-01-12,TT01,18-24,Cosmetics,18-24 | Cosmetics,Other,Mobile
C00280,2025-01-12,TT01,18-24,Cosmetics,18-24 | Cosmetics,Metro,Mobile
C00281,2025-01-12,TT01,25-34,Cosmetics,25-34 | Cosmetics,Metro,Mobile
C00282,2025-01-12,OR01,35-44,Cosmetics,35-44 | Cosmetics,Metro,Mobile
C00283,2025-01-12,OR01,18-24,Fashion,18-24 | Fashion,Other,Mobile
C00284,2025-01-13,GG01,35-44,Fashion,35-44 | Fashion,Metro,Mobile
C00285,2025-01-13,GG01,25-34,Fashion,25-34 | Fashion,Metro,Mobile
C00286,2025-01-13,GG02,35-44,Cosmetics,35-44 | Cosmetics,Other,Desktop
C00287,2025-01-13,GG02,45+,Fashion,45+ | Fashion,Other,Mobile
C00288,2025-01-13,GG02,25-34,Fashion,25-34 | Fashion,Metro,Desktop
C00289,2025-01-13,GG03,18-24,Fashion,18-24 | Fashion,Other,Desktop
C00290,2025-01-13,GG03,25-34,Fashion,25-34 | Fashion,Metro,Mobile
C00291,2025-01-13,MT01,25-34,Fashion,25-34 | Fashion,Other,Mobile
C00292,2025-01-13,TT01,18-24,Cosmetics,18-24 | Cosmetics,Other,Mobile
C00293,2025-01-13,TT01,18-24,Fashion,18-24 | Fashion,Other,Mobile
C00294,2025-01-13,TT01,18-24,Cosmetics,18-24 | Cosmetics,Metro,Mobile
C00295,2025-01-13,TT01,18-24,Cosmetics,18-24 | Cosmetics,Other,Mobile
C00296,2025-01-13,TT01,25-34,Cosmetics,25-34 | Cosmetics,Metro,Mobile
C00297,2025-01-13,EM01,35-44,Fashion,35-44 | Fashion,Metro,Mobile
C00298,2025-01-13,EM01,25-34,Cosmetics,25-34 | Cosmetics,Other,Desktop
C00299,2025-01-13,OR01,25-34,Cosmetics,25-34 | Cosmetics,Metro,Mobile
C00300,2025-01-13,OR01,25-34,Fashion,25-34 | Fashion,Metro,Desktop
C00301,2025-01-13,OR02,25-34,Cosmetics,25-34 | Cosmetics,Metro,Desktop
C00302,2025-01-14,GG01,25-34,Cosmetics,25-34 | Cosmetics,Metro,Mobile
C00303,2025-01-14,GG01,25-34,Fashion,25-34 | Fashion,Metro,Mobile
C00304,2025-01-14,GG01,18-24,Fashion,18-24 | Fashion,Metro,Mobile
C00305,2025-01-14,GG01,25-34,Fashion,25-34 | Fashion,Metro,Desktop
C00306,2025-01-14,GG02,25-34,Fashion,25-34 | Fashion,Other,Desktop
C00307,2025-01-14,GG02,35-44,Fashion,35-44 | Fashion,Metro,Mobile
C00308,2025-01-14,GG02,25-34,Cosmetics,25-34 | Cosmetics,Metro,Desktop
C00309,2025-01-14,GG03,35-44,Fashion,35-44 | Fashion,Metro,Mobile
C00310,2025-01-14,GG03,25-34,Fashion,25-34 | Fashion,Metro,Desktop
C00311,2025-01-14,MT01,35-44,Cosmetics,35-44 | Cosmetics,Other,Mobile
C00312,2025-01-14,MT01,35-44,Cosmetics,35-44 | Cosmetics,Other,Mobile
C00313,2025-01-14,MT02,18-24,Fashion,18-24 | Fashion,Metro,Mobile
C00314,2025-01-14,MT02,18-24,Fashion,18-24 | Fashion,Metro,Mobile
C00315,2025-01-14,MT02,25-34,Fashion,25-34 | Fashion,Other,Mobile
C00316,2025-01-14,MT03,25-34,Cosmetics,25-34 | Cosmetics,Metro,Mobile
C00317,2025-01-14,MT03,35-44,Cosmetics,35-44 | Cosmetics,Other,Mobile
C00318,2025-01-14,TT01,25-34,Cosmetics,25-34 | Cosmetics,Other,Mobile
C00319,2025-01-14,TT02,35-44,Cosmetics,35-44 | Cosmetics,Metro,Mobile
C00320,2025-01-14,TT02,18-24,Cosmetics,18-24 | Cosmetics,Other,Desktop
C00321,2025-01-14,EM01,25-34,Cosmetics,25-34 | Cosmetics,Metro,Desktop
C00322,2025-01-14,EM02,25-34,Cosmetics,25-34 | Cosmetics,Other,Mobile
C00323,2025-01-14,EM02,35-44,Fashion,35-44 | Fashion,Metro,Desktop
C00324,2025-01-14,EM02,45+,Fashion,45+ | Fashion,Other,Mobile
C00325,2025-01-14,OR01,35-44,Fashion,35-44 | Fashion,Other,Desktop
C00326,2025-01-14,OR01,35-44,Cosmetics,35-44 | Cosmetics,Metro,Mobile
C00327,2025-01-14,OR01,18-24,Cosmetics,18-24 | Cosmetics,Other,Mobile
C00328,2025-01-14,OR01,25-34,Cosmetics,25-34 | Cosmetics,Other,Mobile
C00329,2025-01-14,OR01,25-34,Cosmetics,25-34 | Cosmetics,Metro,Mobile
C00330,2025-01-14,OR01,35-44,Cosmetics,35-44 | Cosmetics,Metro,Mobile
C00331,2025-01-14,OR02,18-24,Fashion,18-24 | Fashion,Other,Mobile
C00332,2025-01-14,OR02,25-34,Fashion,25-34 | Fashion,Other,Mobile
C00333,2025-01-14,OR02,18-24,Cosmetics,18-24 | Cosmetics,Other,Mobile
C00334,2025-01-14,OR02,18-24,Cosmetics,18-24 | Cosmetics,Metro,Mobile
C00335,2025-01-15,GG01,35-44,Cosmetics,35-44 | Cosmetics,Other,Mobile
C00336,2025-01-15,GG02,35-44,Cosmetics,35-44 | Cosmetics,Metro,Mobile
C00337,2025-01-15,GG02,35-44,Fashion,35-44 | Fashion,Metro,Desktop
C00338,2025-01-15,GG02,35-44,Cosmetics,35-44 | Cosmetics,Metro,Mobile
C00339,2025-01-15,GG02,35-44,Fashion,35-44 | Fashion,Metro,Desktop
C00340,2025-01-15,MT01,45+,Cosmetics,45+ | Cosmetics,Metro,Mobile
C00341,2025-01-15,MT01,35-44,Cosmetics,35-44 | Cosmetics,Other,Mobile
C00342,2025-01-15,MT01,25-34,Cosmetics,25-34 | Cosmetics,Other,Mobile
C00343,2025-01-15,MT02,25-34,Fashion,25-34 | Fashion,Other,Mobile
C00344,2025-01-15,MT02,25-34,Cosmetics,25-34 | Cosmetics,Metro,Mobile
C00345,2025-01-15,MT02,35-44,Fashion,35-44 | Fashion,Other,Mobile
C00346,2025-01-15,MT02,25-34,Cosmetics,25-34 | Cosmetics,Other,Mobile
C00347,2025-01-15,MT02,25-34,Fashion,25-34 | Fashion,Other,Mobile
C00348,2025-01-15,MT02,18-24,Fashion,18-24 | Fashion,Metro,Mobile
C00349,2025-01-15,TT01,45+,Cosmetics,45+ | Cosmetics,Metro,Mobile
C00350,2025-01-15,TT01,18-24,Cosmetics,18-24 | Cosmetics,Other,Mobile
C00351,2025-01-15,TT01,18-24,Cosmetics,18-24 | Cosmetics,Other,Mobile
C00352,2025-01-15,TT01,25-34,Fashion,25-34 | Fashion,Metro,Mobile
C00353,2025-01-15,TT01,25-34,Cosmetics,25-34 | Cosmetics,Other,Mobile
C00354,2025-01-15,TT02,25-34,Cosmetics,25-34 | Cosmetics,Other,Mobile
C00355,2025-01-15,EM01,45+,Fashion,45+ | Fashion,Other,Desktop
C00356,2025-01-15,OR01,25-34,Fashion,25-34 | Fashion,Metro,Desktop
C00357,2025-01-15,OR02,18-24,Cosmetics,18-24 | Cosmetics,Metro,Mobile
C00358,2025-01-15,OR02,25-34,Cosmetics,25-34 | Cosmetics,Metro,Mobile
C00359,2025-01-15,OR02,18-24,Cosmetics,18-24 | Cosmetics,Metro,Mobile
C00360,2025-01-16,GG01,25-34,Fashion,25-34 | Fashion,Metro,Desktop
C00361,2025-01-16,GG02,35-44,Cosmetics,35-44 | Cosmetics,Other,Desktop
C00362,2025-01-16,GG03,35-44,Fashion,35-44 | Fashion,Other,Desktop
C00363,2025-01-16,MT01,18-24,Cosmetics,18-24 | Cosmetics,Other,Mobile
C00364,2025-01-16,MT01,45+,Cosmetics,45+ | Cosmetics,Metro,Mobile
C00365,2025-01-16,MT01,35-44,Cosmetics,35-44 | Cosmetics,Other,Mobile
C00366,2025-01-16,MT03,18-24,Fashion,18-24 | Fashion,Metro,Mobile
C00367,2025-01-16,MT03,25-34,Fashion,25-34 | Fashion,Metro,Mobile
C00368,2025-01-16,TT01,18-24,Fashion,18-24 | Fashion,Metro,Mobile
C00369,2025-01-16,TT01,18-24,Fashion,18-24 | Fashion,Other,Mobile
C00370,2025-01-16,OR01,25-34,Fashion,25-34 | Fashion,Metro,Desktop
C00371,2025-01-16,OR01,35-44,Fashion,35-44 | Fashion,Other,Desktop
C00372,2025-01-16,OR02,18-24,Fashion,18-24 | Fashion,Metro,Mobile
C00373,2025-01-16,OR02,35-44,Fashion,35-44 | Fashion,Metro,Mobile
C00374,2025-01-17,GG01,25-34,Cosmetics,25-34 | Cosmetics,Other,Mobile
C00375,2025-01-17,GG02,35-44,Cosmetics,35-44 | Cosmetics,Metro,Mobile
C00376,2025-01-17,GG02,25-34,Fashion,25-34 | Fashion,Metro,Mobile
C00377,2025-01-17,GG02,35-44,Fashion,35-44 | Fashion,Other,Mobile
C00378,2025-01-17,GG02,35-44,Fashion,35-44 | Fashion,Other,Mobile
C00379,2025-01-17,GG03,35-44,Cosmetics,35-44 | Cosmetics,Metro,Mobile
C00380,2025-01-17,MT01,35-44,Cosmetics,35-44 | Cosmetics,Other,Mobile
C00381,2025-01-17,MT01,35-44,Fashion,35-44 | Fashion,Metro,Mobile
C00382,2025-01-17,MT01,35-44,Cosmetics,35-44 | Cosmetics,Other,Desktop
C00383,2025-01-17,MT03,18-24,Fashion,18-24 | Fashion,Metro,Mobile
C00384,2025-01-17,TT01,18-24,Fashion,18-24 | Fashion,Metro,Mobile
C00385,2025-01-17,EM02,35-44,Fashion,35-44 | Fashion,Metro,Mobile
C00386,2025-01-17,OR01,18-24,Fashion,18-24 | Fashion,Metro,Mobile
C00387,2025-01-17,OR01,35-44,Cosmetics,35-44 | Cosmetics,Metro,Mobile
C00388,2025-01-17,OR01,25-34,Fashion,25-34 | Fashion,Other,Desktop
C00389,2025-01-17,OR01,35-44,Fashion,35-44 | Fashion,Other,Desktop
C00390,2025-01-18,GG01,35-44,Cosmetics,35-44 | Cosmetics,Other,Mobile
C00391,2025-01-18,GG01,45+,Fashion,45+ | Fashion,Other,Mobile
C00392,2025-01-18,GG01,25-34,Fashion,25-34 | Fashion,Other,Mobile
C00393,2025-01-18,GG01,45+,Fashion,45+ | Fashion,Metro,Mobile
C00394,2025-01-18,GG01,45+,Cosmetics,45+ | Cosmetics,Other,Mobile
C00395,2025-01-18,GG02,25-34,Fashion,25-34 | Fashion,Other,Desktop
C00396,2025-01-18,GG02,35-44,Cosmetics,35-44 | Cosmetics,Other,Desktop
C00397,2025-01-18,GG02,45+,Fashion,45+ | Fashion,Other,Desktop
C00398,2025-01-18,GG02,25-34,Fashion,25-34 | Fashion,Other,Desktop
C00399,2025-01-18,GG02,35-44,Fashion,35-44 | Fashion,Other,Desktop
C00400,2025-01-18,GG02,45+,Cosmetics,45+ | Cosmetics,Other,Desktop
C00401,2025-01-18,GG02,45+,Fashion,45+ | Fashion,Metro,Mobile
C00402,2025-01-18,GG03,45+,Fashion,45+ | Fashion,Other,Mobile
C00403,2025-01-18,GG03,25-34,Fashion,25-34 | Fashion,Metro,Desktop
C00404,2025-01-18,MT01,35-44,Cosmetics,35-44 | Cosmetics,Other,Mobile
C00405,2025-01-18,MT01,45+,Cosmetics,45+ | Cosmetics,Other,Mobile
C00406,2025-01-18,MT02,25-34,Cosmetics,25-34 | Cosmetics,Other,Mobile
C00407,2025-01-18,MT02,45+,Cosmetics,45+ | Cosmetics,Other,Desktop
C00408,2025-01-18,MT02,35-44,Cosmetics,35-44 | Cosmetics,Metro,Mobile
C00409,2025-01-18,MT02,35-44,Fashion,35-44 | Fashion,Metro,Desktop
C00410,2025-01-18,MT02,25-34,Fashion,25-34 | Fashion,Metro,Mobile
C00411,2025-01-18,MT02,25-34,Cosmetics,25-34 | Cosmetics,Metro,Mobile
C00412,2025-01-18,MT02,35-44,Fashion,35-44 | Fashion,Metro,Mobile
C00413,2025-01-18,MT03,25-34,Cosmetics,25-34 | Cosmetics,Other,Mobile
C00414,2025-01-18,MT03,25-34,Fashion,25-34 | Fashion,Metro,Mobile
C00415,2025-01-18,TT02,18-24,Cosmetics,18-24 | Cosmetics,Metro,Mobile
C00416,2025-01-18,TT02,25-34,Cosmetics,25-34 | Cosmetics,Metro,Desktop
C00417,2025-01-18,TT02,25-34,Cosmetics,25-34 | Cosmetics,Metro,Mobile
C00418,2025-01-18,EM01,45+,Cosmetics,45+ | Cosmetics,Metro,Desktop
C00419,2025-01-18,EM02,35-44,Cosmetics,35-44 | Cosmetics,Other,Mobile
C00420,2025-01-18,OR01,45+,Fashion,45+ | Fashion,Metro,Mobile
C00421,2025-01-18,OR01,25-34,Cosmetics,25-34 | Cosmetics,Metro,Mobile
C00422,2025-01-18,OR01,25-34,Cosmetics,25-34 | Cosmetics,Metro,Desktop
C00423,2025-01-18,OR01,45+,Cosmetics,45+ | Cosmetics,Metro,Mobile
C00424,2025-01-18,OR02,25-34,Cosmetics,25-34 | Cosmetics,Other,Mobile
C00425,2025-01-18,OR02,35-44,Cosmetics,35-44 | Cosmetics,Metro,Mobile
C00426,2025-01-18,OR02,35-44,Cosmetics,35-44 | Cosmetics,Metro,Mobile
C00427,2025-01-19,GG01,35-44,Fashion,35-44 | Fashion,Metro,Desktop
C00428,2025-01-19,GG02,25-34,Cosmetics,25-34 | Cosmetics,Other,Mobile
C00429,2025-01-19,GG02,35-44,Cosmetics,35-44 | Cosmetics,Other,Mobile
C00430,2025-01-19,MT01,45+,Fashion,45+ | Fashion,Other,Mobile
C00431,2025-01-19,MT01,25-34,Cosmetics,25-34 | Cosmetics,Metro,Mobile
C00432,2025-01-19,MT01,18-24,Cosmetics,18-24 | Cosmetics,Other,Mobile
C00433,2025-01-19,MT02,45+,Fashion,45+ | Fashion,Other,Mobile
C00434,2025-01-19,MT02,35-44,Fashion,35-44 | Fashion,Metro,Desktop
C00435,2025-01-19,MT03,45+,Cosmetics,45+ | Cosmetics,Metro,Mobile
C00436,2025-01-19,MT03,25-34,Cosmetics,25-34 | Cosmetics,Metro,Mobile
C00437,2025-01-19,TT01,18-24,Cosmetics,18-24 | Cosmetics,Metro,Mobile
C00438,2025-01-19,TT02,25-34,Fashion,25-34 | Fashion,Other,Mobile
C00439,2025-01-19,TT02,18-24,Cosmetics,18-24 | Cosmetics,Metro,Mobile
C00440,2025-01-19,TT02,18-24,Fashion,18-24 | Fashion,Metro,Mobile
C00441,2025-01-19,EM02,25-34,Cosmetics,25-34 | Cosmetics,Other,Mobile
C00442,2025-01-19,EM02,45+,Cosmetics,45+ | Cosmetics,Other,Mobile
C00443,2025-01-19,OR01,35-44,Fashion,35-44 | Fashion,Metro,Desktop
C00444,2025-01-19,OR01,25-34,Fashion,25-34 | Fashion,Other,Desktop
C00445,2025-01-19,OR01,35-44,Fashion,35-44 | Fashion,Other,Mobile
C00446,2025-01-19,OR02,25-34,Fashion,25-34 | Fashion,Metro,Mobile
C00447,2025-01-20,GG01,35-44,Fashion,35-44 | Fashion,Other,Mobile
C00448,2025-01-20,GG01,18-24,Fashion,18-24 | Fashion,Metro,Mobile
C00449,2025-01-20,GG01,45+,Cosmetics,45+ | Cosmetics,Metro,Desktop
C00450,2025-01-20,GG01,25-34,Fashion,25-34 | Fashion,Other,Mobile
C00451,2025-01-20,GG02,45+,Fashion,45+ | Fashion,Other,Mobile
C00452,2025-01-20,GG02,35-44,Fashion,35-44 | Fashion,Other,Mobile
C00453,2025-01-20,GG03,18-24,Cosmetics,18-24 | Cosmetics,Metro,Mobile
C00454,2025-01-20,GG03,25-34,Fashion,25-34 | Fashion,Metro,Desktop
C00455,2025-01-20,GG03,35-44,Fashion,35-44 | Fashion,Metro,Desktop
C00456,2025-01-20,MT02,25-34,Fashion,25-34 | Fashion,Other,Mobile
C00457,2025-01-20,TT01,18-24,Cosmetics,18-24 | Cosmetics,Metro,Mobile
C00458,2025-01-20,TT01,18-24,Cosmetics,18-24 | Cosmetics,Metro,Mobile
C00459,2025-01-20,TT02,18-24,Cosmetics,18-24 | Cosmetics,Other,Desktop
C00460,2025-01-20,TT02,18-24,Fashion,18-24 | Fashion,Other,Mobile
C00461,2025-01-20,TT02,25-34,Cosmetics,25-34 | Cosmetics,Metro,Mobile
C00462,2025-01-20,OR01,25-34,Fashion,25-34 | Fashion,Metro,Mobile
C00463,2025-01-20,OR01,35-44,Cosmetics,35-44 | Cosmetics,Metro,Mobile
C00464,2025-01-20,OR01,35-44,Cosmetics,35-44 | Cosmetics,Metro,Desktop
C00465,2025-01-20,OR02,25-34,Cosmetics,25-34 | Cosmetics,Other,Mobile
C00466,2025-01-21,GG01,45+,Cosmetics,45+ | Cosmetics,Other,Desktop
C00467,2025-01-21,GG01,35-44,Fashion,35-44 | Fashion,Metro,Mobile
C00468,2025-01-21,GG02,18-24,Fashion,18-24 | Fashion,Metro,Mobile
C00469,2025-01-21,GG02,18-24,Fashion,18-24 | Fashion,Metro,Mobile
C00470,2025-01-21,GG02,45+,Cosmetics,45+ | Cosmetics,Other,Mobile
C00471,2025-01-21,GG03,25-34,Fashion,25-34 | Fashion,Other,Mobile
C00472,2025-01-21,GG03,25-34,Cosmetics,25-34 | Cosmetics,Metro,Desktop
C00473,2025-01-21,MT01,18-24,Fashion,18-24 | Fashion,Metro,Mobile
C00474,2025-01-21,MT01,25-34,Cosmetics,25-34 | Cosmetics,Other,Desktop
C00475,2025-01-21,MT01,35-44,Cosmetics,35-44 | Cosmetics,Other,Mobile
C00476,2025-01-21,MT01,35-44,Fashion,35-44 | Fashion,Other,Mobile
C00477,2025-01-21,MT01,25-34,Cosmetics,25-34 | Cosmetics,Other,Mobile
C00478,2025-01-21,MT02,18-24,Cosmetics,18-24 | Cosmetics,Metro,Mobile
C00479,2025-01-21,TT01,35-44,Cosmetics,35-44 | Cosmetics,Other,Mobile
C00480,2025-01-21,TT01,18-24,Fashion,18-24 | Fashion,Other,Mobile
C00481,2025-01-21,TT01,25-34,Fashion,25-34 | Fashion,Other,Mobile
C00482,2025-01-21,TT02,35-44,Cosmetics,35-44 | Cosmetics,Metro,Mobile
C00483,2025-01-21,TT02,25-34,Cosmetics,25-34 | Cosmetics,Other,Mobile
C00484,2025-01-21,EM01,25-34,Fashion,25-34 | Fashion,Metro,Mobile
C00485,2025-01-21,EM01,18-24,Cosmetics,18-24 | Cosmetics,Metro,Desktop
C00486,2025-01-21,EM01,25-34,Fashion,25-34 | Fashion,Other,Mobile
C00487,2025-01-21,OR01,18-24,Fashion,18-24 | Fashion,Other,Mobile
C00488,2025-01-21,OR02,45+,Fashion,45+ | Fashion,Other,Mobile
C00489,2025-01-22,GG02,25-34,Cosmetics,25-34 | Cosmetics,Other,Mobile
C00490,2025-01-22,GG03,25-34,Fashion,25-34 | Fashion,Metro,Desktop
C00491,2025-01-22,GG03,35-44,Fashion,35-44 | Fashion,Metro,Desktop
C00492,2025-01-22,GG03,45+,Cosmetics,45+ | Cosmetics,Metro,Mobile
C00493,2025-01-22,MT01,25-34,Fashion,25-34 | Fashion,Other,Mobile
C00494,2025-01-22,MT01,25-34,Cosmetics,25-34 | Cosmetics,Metro,Mobile
C00495,2025-01-22,MT01,35-44,Fashion,35-44 | Fashion,Metro,Mobile
C00496,2025-01-22,MT02,18-24,Cosmetics,18-24 | Cosmetics,Metro,Mobile
C00497,2025-01-22,MT02,18-24,Cosmetics,18-24 | Cosmetics,Other,Mobile
C00498,2025-01-22,MT02,25-34,Fashion,25-34 | Fashion,Other,Mobile
C00499,2025-01-22,MT03,25-34,Fashion,25-34 | Fashion,Other,Mobile
C00500,2025-01-22,MT03,18-24,Cosmetics,18-24 | Cosmetics,Metro,Desktop
C00501,2025-01-22,TT01,18-24,Cosmetics,18-24 | Cosmetics,Other,Mobile
C00502,2025-01-22,TT01,18-24,Cosmetics,18-24 | Cosmetics,Other,Mobile
C00503,2025-01-22,TT01,25-34,Cosmetics,25-34 | Cosmetics,Metro,Mobile
C00504,2025-01-22,EM01,25-34,Fashion,25-34 | Fashion,Metro,Mobile
C00505,2025-01-22,EM01,18-24,Cosmetics,18-24 | Cosmetics,Metro,Mobile
C00506,2025-01-22,OR01,35-44,Fashion,35-44 | Fashion,Other,Mobile
C00507,2025-01-22,OR01,25-34,Fashion,25-34 | Fashion,Other,Mobile
C00508,2025-01-22,OR01,35-44,Cosmetics,35-44 | Cosmetics,Metro,Mobile
C00509,2025-01-22,OR01,25-34,Cosmetics,25-34 | Cosmetics,Metro,Desktop
C00510,2025-01-22,OR01,45+,Fashion,45+ | Fashion,Other,Mobile
C00511,2025-01-22,OR02,25-34,Cosmetics,25-34 | Cosmetics,Metro,Mobile
C00512,2025-01-22,OR02,18-24,Fashion,18-24 | Fashion,Other,Mobile
C00513,2025-01-23,GG01,18-24,Cosmetics,18-24 | Cosmetics,Other,Mobile
C00514,2025-01-23,GG02,25-34,Fashion,25-34 | Fashion,Other,Mobile
C00515,2025-01-23,GG02,25-34,Fashion,25-34 | Fashion,Other,Mobile
C00516,2025-01-23,GG03,25-34,Fashion,25-34 | Fashion,Metro,Mobile
C00517,2025-01-23,GG03,25-34,Cosmetics,25-34 | Cosmetics,Metro,Desktop
C00518,2025-01-23,GG03,25-34,Fashion,25-34 | Fashion,Other,Desktop
C00519,2025-01-23,MT01,25-34,Cosmetics,25-34 | Cosmetics,Metro,Mobile
C00520,2025-01-23,MT01,18-24,Fashion,18-24 | Fashion,Other,Mobile
C00521,2025-01-23,MT01,25-34,Cosmetics,25-34 | Cosmetics,Other,Mobile
C00522,2025-01-23,MT01,25-34,Cosmetics,25-34 | Cosmetics,Other,Mobile
C00523,2025-01-23,MT01,25-34,Fashion,25-34 | Fashion,Metro,Desktop
C00524,2025-01-23,MT01,35-44,Cosmetics,35-44 | Cosmetics,Other,Mobile
C00525,2025-01-23,MT02,18-24,Cosmetics,18-24 | Cosmetics,Other,Mobile
C00526,2025-01-23,MT02,25-34,Cosmetics,25-34 | Cosmetics,Other,Mobile
C00527,2025-01-23,MT02,25-34,Cosmetics,25-34 | Cosmetics,Other,Mobile
C00528,2025-01-23,MT02,25-34,Cosmetics,25-34 | Cosmetics,Other,Mobile
C00529,2025-01-23,MT02,25-34,Cosmetics,25-34 | Cosmetics,Other,Mobile
C00530,2025-01-23,MT03,18-24,Cosmetics,18-24 | Cosmetics,Other,Mobile
C00531,2025-01-23,TT02,18-24,Cosmetics,18-24 | Cosmetics,Other,Mobile
C00532,2025-01-23,TT02,18-24,Cosmetics,18-24 | Cosmetics,Metro,Mobile
C00533,2025-01-23,TT02,25-34,Cosmetics,25-34 | Cosmetics,Metro,Mobile
C00534,2025-01-23,OR01,35-44,Fashion,35-44 | Fashion,Metro,Mobile
C00535,2025-01-23,OR01,45+,Fashion,45+ | Fashion,Metro,Mobile
C00536,2025-01-23,OR01,25-34,Cosmetics,25-34 | Cosmetics,Other,Desktop
C00537,2025-01-23,OR01,25-34,Fashion,25-34 | Fashion,Other,Mobile
C00538,2025-01-24,GG01,18-24,Fashion,18-24 | Fashion,Metro,Mobile
C00539,2025-01-24,GG01,35-44,Fashion,35-44 | Fashion,Other,Mobile
C00540,2025-01-24,GG03,25-34,Fashion,25-34 | Fashion,Metro,Desktop
C00541,2025-01-24,GG03,45+,Cosmetics,45+ | Cosmetics,Other,Mobile
C00542,2025-01-24,GG03,25-34,Cosmetics,25-34 | Cosmetics,Other,Mobile
C00543,2025-01-24,GG03,35-44,Fashion,35-44 | Fashion,Metro,Mobile
C00544,2025-01-24,GG03,45+,Fashion,45+ | Fashion,Other,Desktop
C00545,2025-01-24,MT01,45+,Cosmetics,45+ | Cosmetics,Metro,Mobile
C00546,2025-01-24,MT01,18-24,Cosmetics,18-24 | Cosmetics,Other,Mobile
C00547,2025-01-24,MT02,25-34,Fashion,25-34 | Fashion,Metro,Mobile
C00548,2025-01-24,MT02,25-34,Cosmetics,25-34 | Cosmetics,Metro,Mobile
C00549,2025-01-24,TT01,18-24,Fashion,18-24 | Fashion,Other,Mobile
C00550,2025-01-24,TT01,18-24,Cosmetics,18-24 | Cosmetics,Other,Mobile
C00551,2025-01-24,TT02,18-24,Cosmetics,18-24 | Cosmetics,Metro,Mobile
C00552,2025-01-24,TT02,18-24,Cosmetics,18-24 | Cosmetics,Metro,Mobile
C00553,2025-01-24,EM02,25-34,Cosmetics,25-34 | Cosmetics,Other,Mobile
C00554,2025-01-24,OR01,35-44,Fashion,35-44 | Fashion,Metro,Mobile
C00555,2025-01-24,OR01,25-34,Cosmetics,25-34 | Cosmetics,Other,Mobile
C00556,2025-01-24,OR01,45+,Fashion,45+ | Fashion,Metro,Mobile
C00557,2025-01-24,OR01,35-44,Fashion,35-44 | Fashion,Other,Desktop
C00558,2025-01-25,GG02,45+,Fashion,45+ | Fashion,Other,Mobile
C00559,2025-01-25,GG02,35-44,Fashion,35-44 | Fashion,Other,Desktop
C00560,2025-01-25,GG03,35-44,Cosmetics,35-44 | Cosmetics,Other,Desktop
C00561,2025-01-25,GG03,25-34,Fashion,25-34 | Fashion,Other,Desktop
C00562,2025-01-25,GG03,35-44,Cosmetics,35-44 | Cosmetics,Other,Mobile
C00563,2025-01-25,GG03,25-34,Fashion,25-34 | Fashion,Other,Desktop
C00564,2025-01-25,MT01,18-24,Cosmetics,18-24 | Cosmetics,Other,Mobile
C00565,2025-01-25,MT01,25-34,Cosmetics,25-34 | Cosmetics,Metro,Mobile
C00566,2025-01-25,MT01,25-34,Cosmetics,25-34 | Cosmetics,Other,Mobile
C00567,2025-01-25,MT01,25-34,Cosmetics,25-34 | Cosmetics,Metro,Mobile
C00568,2025-01-25,MT03,25-34,Fashion,25-34 | Fashion,Other,Mobile
C00569,2025-01-25,MT03,18-24,Fashion,18-24 | Fashion,Other,Mobile
C00570,2025-01-25,MT03,25-34,Fashion,25-34 | Fashion,Metro,Desktop
C00571,2025-01-25,TT01,18-24,Cosmetics,18-24 | Cosmetics,Metro,Mobile
C00572,2025-01-25,TT01,18-24,Cosmetics,18-24 | Cosmetics,Metro,Mobile
C00573,2025-01-25,TT01,25-34,Cosmetics,25-34 | Cosmetics,Metro,Mobile
C00574,2025-01-25,TT02,18-24,Cosmetics,18-24 | Cosmetics,Metro,Mobile
C00575,2025-01-25,TT02,25-34,Fashion,25-34 | Fashion,Other,Desktop
C00576,2025-01-25,TT02,18-24,Cosmetics,18-24 | Cosmetics,Other,Mobile
C00577,2025-01-25,EM01,35-44,Fashion,35-44 | Fashion,Other,Mobile
C00578,2025-01-25,EM01,25-34,Cosmetics,25-34 | Cosmetics,Metro,Mobile
C00579,2025-01-25,EM02,35-44,Cosmetics,35-44 | Cosmetics,Other,Mobile
C00580,2025-01-25,OR01,45+,Fashion,45+ | Fashion,Other,Mobile
C00581,2025-01-25,OR01,18-24,Fashion,18-24 | Fashion,Other,Desktop
C00582,2025-01-25,OR01,25-34,Cosmetics,25-34 | Cosmetics,Metro,Mobile
C00583,2025-01-25,OR01,25-34,Fashion,25-34 | Fashion,Metro,Mobile
C00584,2025-01-25,OR01,45+,Cosmetics,45+ | Cosmetics,Other,Mobile
C00585,2025-01-25,OR02,18-24,Cosmetics,18-24 | Cosmetics,Other,Mobile
C00586,2025-01-26,GG01,35-44,Cosmetics,35-44 | Cosmetics,Metro,Desktop
C00587,2025-01-26,GG02,45+,Cosmetics,45+ | Cosmetics,Metro,Desktop
C00588,2025-01-26,GG02,35-44,Cosmetics,35-44 | Cosmetics,Other,Mobile
C00589,2025-01-26,GG03,25-34,Fashion,25-34 | Fashion,Metro,Mobile
C00590,2025-01-26,GG03,45+,Cosmetics,45+ | Cosmetics,Other,Mobile
C00591,2025-01-26,MT01,18-24,Fashion,18-24 | Fashion,Metro,Mobile
C00592,2025-01-26,MT01,18-24,Fashion,18-24 | Fashion,Other,Mobile
C00593,2025-01-26,MT01,35-44,Fashion,35-44 | Fashion,Other,Mobile
C00594,2025-01-26,MT01,18-24,Fashion,18-24 | Fashion,Metro,Desktop
C00595,2025-01-26,MT02,45+,Cosmetics,45+ | Cosmetics,Other,Mobile
C00596,2025-01-26,TT01,25-34,Fashion,25-34 | Fashion,Metro,Mobile
C00597,2025-01-26,TT01,25-34,Cosmetics,25-34 | Cosmetics,Other,Desktop
C00598,2025-01-26,TT01,18-24,Cosmetics,18-24 | Cosmetics,Metro,Mobile
C00599,2025-01-26,TT01,25-34,Cosmetics,25-34 | Cosmetics,Other,Mobile
C00600,2025-01-26,TT02,35-44,Fashion,35-44 | Fashion,Other,Mobile
C00601,2025-01-26,EM01,18-24,Fashion,18-24 | Fashion,Metro,Mobile
C00602,2025-01-26,EM02,45+,Fashion,45+ | Fashion,Metro,Mobile
C00603,2025-01-26,OR01,18-24,Fashion,18-24 | Fashion,Metro,Mobile
C00604,2025-01-26,OR01,35-44,Fashion,35-44 | Fashion,Metro,Mobile
C00605,2025-01-26,OR01,35-44,Fashion,35-44 | Fashion,Other,Desktop
C00606,2025-01-26,OR01,45+,Cosmetics,45+ | Cosmetics,Other,Desktop
C00607,2025-01-26,OR01,45+,Fashion,45+ | Fashion,Other,Mobile
C00608,2025-01-26,OR02,45+,Cosmetics,45+ | Cosmetics,Other,Mobile
C00609,2025-01-26,OR02,18-24,Cosmetics,18-24 | Cosmetics,Metro,Mobile
C00610,2025-01-27,GG01,18-24,Cosmetics,18-24 | Cosmetics,Metro,Mobile
C00611,2025-01-27,GG01,35-44,Fashion,35-44 | Fashion,Metro,Mobile
C00612,2025-01-27,GG01,45+,Fashion,45+ | Fashion,Metro,Mobile
C00613,2025-01-27,GG01,35-44,Fashion,35-44 | Fashion,Metro,Desktop
C00614,2025-01-27,GG02,45+,Cosmetics,45+ | Cosmetics,Metro,Mobile
C00615,2025-01-27,GG02,45+,Fashion,45+ | Fashion,Other,Mobile
C00616,2025-01-27,GG02,25-34,Fashion,25-34 | Fashion,Metro,Mobile
C00617,2025-01-27,GG03,25-34,Cosmetics,25-34 | Cosmetics,Metro,Mobile
C00618,2025-01-27,GG03,25-34,Fashion,25-34 | Fashion,Other,Mobile
C00619,2025-01-27,GG03,25-34,Cosmetics,25-34 | Cosmetics,Other,Desktop
C00620,2025-01-27,MT01,35-44,Cosmetics,35-44 | Cosmetics,Metro,Mobile
C00621,2025-01-27,MT01,25-34,Fashion,25-34 | Fashion,Metro,Mobile
C00622,2025-01-27,MT02,25-34,Cosmetics,25-34 | Cosmetics,Metro,Mobile
C00623,2025-01-27,MT02,45+,Cosmetics,45+ | Cosmetics,Metro,Mobile
C00624,2025-01-27,MT03,18-24,Fashion,18-24 | Fashion,Metro,Mobile
C00625,2025-01-27,MT03,18-24,Cosmetics,18-24 | Cosmetics,Other,Mobile
C00626,2025-01-27,TT01,18-24,Fashion,18-24 | Fashion,Metro,Mobile
C00627,2025-01-27,TT01,18-24,Cosmetics,18-24 | Cosmetics,Metro,Mobile
C00628,2025-01-27,TT02,18-24,Cosmetics,18-24 | Cosmetics,Other,Mobile
C00629,2025-01-27,TT02,25-34,Fashion,25-34 | Fashion,Other,Mobile
C00630,2025-01-27,EM02,25-34,Cosmetics,25-34 | Cosmetics,Metro,Mobile
C00631,2025-01-28,GG01,35-44,Fashion,35-44 | Fashion,Metro,Desktop
C00632,2025-01-28,GG02,35-44,Fashion,35-44 | Fashion,Other,Mobile
C00633,2025-01-28,GG02,18-24,Cosmetics,18-24 | Cosmetics,Metro,Desktop
C00634,2025-01-28,GG02,45+,Cosmetics,45+ | Cosmetics,Metro,Mobile
C00635,2025-01-28,GG02,25-34,Cosmetics,25-34 | Cosmetics,Other,Mobile
C00636,2025-01-28,GG03,25-34,Fashion,25-34 | Fashion,Other,Desktop
C00637,2025-01-28,GG03,35-44,Fashion,35-44 | Fashion,Other,Mobile
C00638,2025-01-28,MT01,25-34,Cosmetics,25-34 | Cosmetics,Metro,Desktop
C00639,2025-01-28,MT01,18-24,Fashion,18-24 | Fashion,Metro,Mobile
C00640,2025-01-28,MT02,25-34,Fashion,25-34 | Fashion,Metro,Mobile
C00641,2025-01-28,MT02,35-44,Cosmetics,35-44 | Cosmetics,Other,Mobile
C00642,2025-01-28,TT01,25-34,Cosmetics,25-34 | Cosmetics,Metro,Mobile
C00643,2025-01-28,TT01,18-24,Cosmetics,18-24 | Cosmetics,Metro,Mobile
C00644,2025-01-28,TT01,18-24,Cosmetics,18-24 | Cosmetics,Other,Mobile
C00645,2025-01-28,TT01,25-34,Cosmetics,25-34 | Cosmetics,Other,Mobile
C00646,2025-01-28,TT01,18-24,Fashion,18-24 | Fashion,Metro,Mobile
C00647,2025-01-28,TT02,25-34,Cosmetics,25-34 | Cosmetics,Metro,Mobile
C00648,2025-01-28,EM01,35-44,Fashion,35-44 | Fashion,Metro,Mobile
C00649,2025-01-28,OR01,45+,Cosmetics,45+ | Cosmetics,Metro,Desktop
C00650,2025-01-28,OR01,25-34,Fashion,25-34 | Fashion,Metro,Mobile
C00651,2025-01-28,OR02,45+,Fashion,45+ | Fashion,Other,Mobile
C00652,2025-01-28,OR02,25-34,Cosmetics,25-34 | Cosmetics,Metro,Mobile
C00653,2025-01-28,OR02,25-34,Fashion,25-34 | Fashion,Metro,Desktop
C00654,2025-01-29,GG02,35-44,Fashion,35-44 | Fashion,Other,Desktop
C00655,2025-01-29,GG03,35-44,Fashion,35-44 | Fashion,Metro,Mobile
C00656,2025-01-29,GG03,35-44,Cosmetics,35-44 | Cosmetics,Other,Mobile
C00657,2025-01-29,GG03,25-34,Fashion,25-34 | Fashion,Metro,Desktop
C00658,2025-01-29,GG03,18-24,Fashion,18-24 | Fashion,Other,Mobile
C00659,2025-01-29,MT01,18-24,Fashion,18-24 | Fashion,Metro,Mobile
C00660,2025-01-29,MT01,25-34,Cosmetics,25-34 | Cosmetics,Other,Mobile
C00661,2025-01-29,MT02,25-34,Fashion,25-34 | Fashion,Metro,Mobile
C00662,2025-01-29,MT02,35-44,Cosmetics,35-44 | Cosmetics,Other,Mobile
C00663,2025-01-29,MT03,35-44,Cosmetics,35-44 | Cosmetics,Other,Desktop
C00664,2025-01-29,MT03,45+,Cosmetics,45+ | Cosmetics,Other,Mobile
C00665,2025-01-29,MT03,18-24,Cosmetics,18-24 | Cosmetics,Other,Mobile
C00666,2025-01-29,TT01,18-24,Fashion,18-24 | Fashion,Metro,Mobile
C00667,2025-01-29,TT01,18-24,Fashion,18-24 | Fashion,Other,Mobile
C00668,2025-01-29,TT01,25-34,Cosmetics,25-34 | Cosmetics,Other,Mobile
C00669,2025-01-29,TT01,18-24,Cosmetics,18-24 | Cosmetics,Other,Mobile
C00670,2025-01-29,TT01,18-24,Cosmetics,18-24 | Cosmetics,Metro,Mobile
C00671,2025-01-29,TT02,35-44,Fashion,35-44 | Fashion,Metro,Desktop
C00672,2025-01-29,TT02,18-24,Cosmetics,18-24 | Cosmetics,Other,Mobile
C00673,2025-01-29,EM01,35-44,Fashion,35-44 | Fashion,Other,Mobile
C00674,2025-01-29,EM02,35-44,Fashion,35-44 | Fashion,Other,Mobile
C00675,2025-01-29,OR01,45+,Cosmetics,45+ | Cosmetics,Metro,Desktop
C00676,2025-01-29,OR01,35-44,Fashion,35-44 | Fashion,Other,Desktop
C00677,2025-01-29,OR01,35-44,Cosmetics,35-44 | Cosmetics,Other,Desktop
C00678,2025-01-29,OR02,25-34,Fashion,25-34 | Fashion,Metro,Mobile
C00679,2025-01-30,GG02,45+,Fashion,45+ | Fashion,Metro,Desktop
C00680,2025-01-30,GG03,25-34,Cosmetics,25-34 | Cosmetics,Other,Mobile
C00681,2025-01-30,MT02,45+,Fashion,45+ | Fashion,Other,Mobile
C00682,2025-01-30,MT03,35-44,Fashion,35-44 | Fashion,Metro,Mobile
C00683,2025-01-30,MT03,35-44,Fashion,35-44 | Fashion,Metro,Mobile
C00684,2025-01-30,TT01,18-24,Cosmetics,18-24 | Cosmetics,Other,Mobile
C00685,2025-01-30,TT01,18-24,Cosmetics,18-24 | Cosmetics,Metro,Mobile
C00686,2025-01-30,TT02,18-24,Cosmetics,18-24 | Cosmetics,Other,Mobile
C00687,2025-01-30,EM01,25-34,Fashion,25-34 | Fashion,Other,Mobile
C00688,2025-01-30,EM02,35-44,Cosmetics,35-44 | Cosmetics,Other,Desktop
C00689,2025-01-30,OR01,25-34,Fashion,25-34 | Fashion,Metro,Mobile
C00690,2025-01-30,OR01,45+,Cosmetics,45+ | Cosmetics,Metro,Mobile
C00691,2025-01-30,OR01,25-34,Cosmetics,25-34 | Cosmetics,Other,Desktop
C00692,2025-01-30,OR01,45+,Fashion,45+ | Fashion,Metro,Mobile
C00693,2025-01-30,OR02,25-34,Cosmetics,25-34 | Cosmetics,Metro,Mobile
C00694,2025-01-30,OR02,18-24,Fashion,18-24 | Fashion,Other,Mobile
C00695,2025-01-31,GG01,18-24,Fashion,18-24 | Fashion,Metro,Desktop
C00696,2025-01-31,GG01,45+,Cosmetics,45+ | Cosmetics,Metro,Desktop
C00697,2025-01-31,GG02,25-34,Cosmetics,25-34 | Cosmetics,Other,Mobile
C00698,2025-01-31,GG02,45+,Fashion,45+ | Fashion,Metro,Mobile
C00699,2025-01-31,GG03,35-44,Fashion,35-44 | Fashion,Metro,Mobile
C00700,2025-01-31,MT01,35-44,Fashion,35-44 | Fashion,Metro,Mobile
C00701,2025-01-31,TT01,18-24,Fashion,18-24 | Fashion,Metro,Mobile
C00702,2025-01-31,TT02,18-24,Fashion,18-24 | Fashion,Metro,Mobile
C00703,2025-01-31,TT02,18-24,Cosmetics,18-24 | Cosmetics,Metro,Mobile
C00704,2025-01-31,TT02,18-24,Cosmetics,18-24 | Cosmetics,Other,Mobile
C00705,2025-01-31,TT02,25-34,Cosmetics,25-34 | Cosmetics,Metro,Mobile
C00706,2025-01-31,EM01,35-44,Cosmetics,35-44 | Cosmetics,Metro,Mobile
C00707,2025-01-31,OR01,25-34,Cosmetics,25-34 | Cosmetics,Metro,Mobile
C00708,2025-01-31,OR01,35-44,Fashion,35-44 | Fashion,Other,Desktop
C00709,2025-01-31,OR02,25-34,Cosmetics,25-34 | Cosmetics,Metro,Mobile
C00710,2025-01-31,OR02,35-44,Cosmetics,35-44 | Cosmetics,Metro,Mobile
C00711,2025-02-01,GG01,25-34,Fashion,25-34 | Fashion,Metro,Desktop
C00712,2025-02-01,GG02,18-24,Fashion,18-24 | Fashion,Metro,Desktop
C00713,2025-02-01,GG02,25-34,Fashion,25-34 | Fashion,Metro,Mobile
C00714,2025-02-01,GG03,35-44,Fashion,35-44 | Fashion,Other,Desktop
C00715,2025-02-01,GG03,35-44,Fashion,35-44 | Fashion,Metro,Mobile
C00716,2025-02-01,MT01,45+,Cosmetics,45+ | Cosmetics,Metro,Mobile
C00717,2025-02-01,MT01,18-24,Cosmetics,18-24 | Cosmetics,Metro,Mobile
C00718,2025-02-01,MT02,25-34,Fashion,25-34 | Fashion,Other,Mobile
C00719,2025-02-01,MT02,35-44,Cosmetics,35-44 | Cosmetics,Metro,Desktop
C00720,2025-02-01,MT02,45+,Cosmetics,45+ | Cosmetics,Other,Desktop
C00721,2025-02-01,MT03,35-44,Cosmetics,35-44 | Cosmetics,Other,Mobile
C00722,2025-02-01,MT03,35-44,Fashion,35-44 | Fashion,Metro,Desktop
C00723,2025-02-01,TT01,25-34,Cosmetics,25-34 | Cosmetics,Other,Mobile
C00724,2025-02-01,TT01,25-34,Cosmetics,25-34 | Cosmetics,Metro,Mobile
C00725,2025-02-01,TT01,25-34,Cosmetics,25-34 | Cosmetics,Metro,Mobile
C00726,2025-02-01,TT01,25-34,Fashion,25-34 | Fashion,Metro,Mobile
C00727,2025-02-01,TT01,18-24,Cosmetics,18-24 | Cosmetics,Metro,Mobile
C00728,2025-02-01,TT02,18-24,Cosmetics,18-24 | Cosmetics,Other,Mobile
C00729,2025-02-01,TT02,35-44,Cosmetics,35-44 | Cosmetics,Metro,Mobile
C00730,2025-02-01,TT02,25-34,Cosmetics,25-34 | Cosmetics,Other,Mobile
C00731,2025-02-01,EM02,45+,Cosmetics,45+ | Cosmetics,Metro,Desktop
C00732,2025-02-01,OR01,18-24,Cosmetics,18-24 | Cosmetics,Metro,Mobile
C00733,2025-02-01,OR01,18-24,Fashion,18-24 | Fashion,Other,Mobile
C00734,2025-02-01,OR01,45+,Fashion,45+ | Fashion,Other,Mobile
C00735,2025-02-01,OR01,35-44,Fashion,35-44 | Fashion,Other,Mobile
C00736,2025-02-01,OR01,25-34,Cosmetics,25-34 | Cosmetics,Metro,Mobile
C00737,2025-02-01,OR01,35-44,Cosmetics,35-44 | Cosmetics,Other,Desktop
C00738,2025-02-02,GG01,45+,Cosmetics,45+ | Cosmetics,Metro,Mobile
C00739,2025-02-02,GG01,25-34,Fashion,25-34 | Fashion,Other,Desktop
C00740,2025-02-02,GG01,35-44,Fashion,35-44 | Fashion,Other,Mobile
C00741,2025-02-02,GG02,35-44,Cosmetics,35-44 | Cosmetics,Other,Desktop
C00742,2025-02-02,GG02,25-34,Fashion,25-34 | Fashion,Other,Desktop
C00743,2025-02-02,GG02,35-44,Cosmetics,35-44 | Cosmetics,Other,Mobile
C00744,2025-02-02,GG02,45+,Fashion,45+ | Fashion,Other,Desktop
C00745,2025-02-02,GG03,45+,Cosmetics,45+ | Cosmetics,Metro,Mobile
C00746,2025-02-02,MT01,18-24,Cosmetics,18-24 | Cosmetics,Metro,Mobile
C00747,2025-02-02,MT01,18-24,Cosmetics,18-24 | Cosmetics,Other,Mobile
C00748,2025-02-02,MT01,35-44,Cosmetics,35-44 | Cosmetics,Metro,Mobile
C00749,2025-02-02,MT02,35-44,Fashion,35-44 | Fashion,Other,Mobile
C00750,2025-02-02,MT02,18-24,Fashion,18-24 | Fashion,Metro,Mobile
C00751,2025-02-02,MT02,18-24,Fashion,18-24 | Fashion,Other,Mobile
C00752,2025-02-02,MT02,45+,Fashion,45+ | Fashion,Metro,Mobile
C00753,2025-02-02,MT02,35-44,Fashion,35-44 | Fashion,Other,Mobile
C00754,2025-02-02,MT02,45+,Cosmetics,45+ | Cosmetics,Other,Mobile
C00755,2025-02-02,MT02,25-34,Fashion,25-34 | Fashion,Metro,Desktop
C00756,2025-02-02,MT03,25-34,Fashion,25-34 | Fashion,Other,Mobile
C00757,2025-02-02,TT01,18-24,Cosmetics,18-24 | Cosmetics,Other,Mobile
C00758,2025-02-02,TT01,18-24,Fashion,18-24 | Fashion,Metro,Desktop
C00759,2025-02-02,TT01,18-24,Cosmetics,18-24 | Cosmetics,Metro,Mobile
C00760,2025-02-02,EM01,25-34,Fashion,25-34 | Fashion,Other,Mobile
C00761,2025-02-02,EM02,35-44,Cosmetics,35-44 | Cosmetics,Metro,Mobile
C00762,2025-02-02,OR01,35-44,Fashion,35-44 | Fashion,Other,Desktop
C00763,2025-02-02,OR01,35-44,Fashion,35-44 | Fashion,Other,Mobile
C00764,2025-02-02,OR01,25-34,Cosmetics,25-34 | Cosmetics,Metro,Mobile
C00765,2025-02-02,OR01,45+,Fashion,45+ | Fashion,Other,Mobile
C00766,2025-02-02,OR01,18-24,Cosmetics,18-24 | Cosmetics,Other,Mobile
C00767,2025-02-02,OR01,35-44,Fashion,35-44 | Fashion,Metro,Mobile
C00768,2025-02-02,OR02,25-34,Cosmetics,25-34 | Cosmetics,Metro,Mobile
C00769,2025-02-03,GG01,25-34,Cosmetics,25-34 | Cosmetics,Metro,Mobile
C00770,2025-02-03,GG01,25-34,Fashion,25-34 | Fashion,Other,Desktop
C00771,2025-02-03,GG02,25-34,Fashion,25-34 | Fashion,Other,Mobile
C00772,2025-02-03,GG02,35-44,Fashion,35-44 | Fashion,Other,Mobile
C00773,2025-02-03,GG03,35-44,Fashion,35-44 | Fashion,Other,Mobile
C00774,2025-02-03,GG03,25-34,Cosmetics,25-34 | Cosmetics,Other,Mobile
C00775,2025-02-03,GG03,35-44,Fashion,35-44 | Fashion,Other,Mobile
C00776,2025-02-03,MT01,18-24,Fashion,18-24 | Fashion,Metro,Mobile
C00777,2025-02-03,MT02,35-44,Fashion,35-44 | Fashion,Other,Mobile
C00778,2025-02-03,MT02,35-44,Cosmetics,35-44 | Cosmetics,Metro,Mobile
C00779,2025-02-03,MT02,35-44,Fashion,35-44 | Fashion,Other,Mobile
C00780,2025-02-03,MT03,45+,Cosmetics,45+ | Cosmetics,Other,Desktop
C00781,2025-02-03,TT01,25-34,Fashion,25-34 | Fashion,Other,Mobile
C00782,2025-02-03,TT01,18-24,Cosmetics,18-24 | Cosmetics,Metro,Mobile
C00783,2025-02-03,TT01,25-34,Fashion,25-34 | Fashion,Metro,Mobile
C00784,2025-02-03,EM02,35-44,Fashion,35-44 | Fashion,Metro,Desktop
C00785,2025-02-03,OR01,25-34,Cosmetics,25-34 | Cosmetics,Other,Mobile
C00786,2025-02-03,OR01,35-44,Fashion,35-44 | Fashion,Metro,Mobile
C00787,2025-02-03,OR02,25-34,Fashion,25-34 | Fashion,Other,Mobile
C00788,2025-02-04,GG02,45+,Fashion,45+ | Fashion,Other,Mobile
C00789,2025-02-04,GG02,45+,Cosmetics,45+ | Cosmetics,Metro,Desktop
C00790,2025-02-04,GG02,18-24,Cosmetics,18-24 | Cosmetics,Metro,Mobile
C00791,2025-02-04,GG02,45+,Cosmetics,45+ | Cosmetics,Metro,Mobile
C00792,2025-02-04,GG03,35-44,Fashion,35-44 | Fashion,Metro,Mobile
C00793,2025-02-04,GG03,45+,Cosmetics,45+ | Cosmetics,Metro,Desktop
C00794,2025-02-04,GG03,25-34,Fashion,25-34 | Fashion,Metro,Mobile
C00795,2025-02-04,MT01,18-24,Cosmetics,18-24 | Cosmetics,Other,Desktop
C00796,2025-02-04,MT01,35-44,Fashion,35-44 | Fashion,Other,Mobile
C00797,2025-02-04,MT01,35-44,Fashion,35-44 | Fashion,Metro,Mobile
C00798,2025-02-04,MT02,35-44,Fashion,35-44 | Fashion,Other,Mobile
C00799,2025-02-04,MT02,18-24,Fashion,18-24 | Fashion,Metro,Mobile
C00800,2025-02-04,MT02,35-44,Fashion,35-44 | Fashion,Other,Mobile
C00801,2025-02-04,MT03,18-24,Cosmetics,18-24 | Cosmetics,Metro,Mobile
C00802,2025-02-04,MT03,25-34,Fashion,25-34 | Fashion,Metro,Mobile
C00803,2025-02-04,TT01,18-24,Cosmetics,18-24 | Cosmetics,Metro,Mobile
C00804,2025-02-04,TT01,18-24,Cosmetics,18-24 | Cosmetics,Metro,Mobile
C00805,2025-02-04,TT01,45+,Fashion,45+ | Fashion,Metro,Mobile
C00806,2025-02-04,TT02,25-34,Cosmetics,25-34 | Cosmetics,Metro,Mobile
C00807,2025-02-04,TT02,25-34,Fashion,25-34 | Fashion,Metro,Mobile
C00808,2025-02-04,TT02,18-24,Cosmetics,18-24 | Cosmetics,Other,Mobile
C00809,2025-02-04,EM01,25-34,Fashion,25-34 | Fashion,Metro,Mobile
C00810,2025-02-04,OR01,25-34,Cosmetics,25-34 | Cosmetics,Metro,Mobile
C00811,2025-02-04,OR01,25-34,Cosmetics,25-34 | Cosmetics,Metro,Mobile
C00812,2025-02-04,OR02,25-34,Cosmetics,25-34 | Cosmetics,Metro,Mobile
C00813,2025-02-05,GG01,45+,Cosmetics,45+ | Cosmetics,Metro,Mobile
C00814,2025-02-05,GG01,35-44,Fashion,35-44 | Fashion,Metro,Mobile
C00815,2025-02-05,GG01,35-44,Cosmetics,35-44 | Cosmetics,Other,Mobile
C00816,2025-02-05,GG01,45+,Cosmetics,45+ | Cosmetics,Other,Mobile
C00817,2025-02-05,GG01,45+,Cosmetics,45+ | Cosmetics,Other,Desktop
C00818,2025-02-05,GG01,45+,Fashion,45+ | Fashion,Metro,Mobile
C00819,2025-02-05,GG03,35-44,Fashion,35-44 | Fashion,Metro,Mobile
C00820,2025-02-05,MT01,35-44,Cosmetics,35-44 | Cosmetics,Metro,Mobile
C00821,2025-02-05,MT03,35-44,Cosmetics,35-44 | Cosmetics,Other,Mobile
C00822,2025-02-05,TT01,18-24,Fashion,18-24 | Fashion,Other,Mobile
C00823,2025-02-05,TT01,18-24,Cosmetics,18-24 | Cosmetics,Metro,Mobile
C00824,2025-02-05,TT01,18-24,Cosmetics,18-24 | Cosmetics,Other,Mobile
C00825,2025-02-05,TT01,18-24,Fashion,18-24 | Fashion,Other,Mobile
C00826,2025-02-05,TT02,18-24,Cosmetics,18-24 | Cosmetics,Metro,Mobile
C00827,2025-02-05,OR01,45+,Cosmetics,45+ | Cosmetics,Metro,Desktop
C00828,2025-02-05,OR01,45+,Fashion,45+ | Fashion,Metro,Desktop
C00829,2025-02-05,OR01,45+,Fashion,45+ | Fashion,Other,Mobile
C00830,2025-02-05,OR01,35-44,Fashion,35-44 | Fashion,Metro,Mobile
C00831,2025-02-05,OR01,18-24,Cosmetics,18-24 | Cosmetics,Metro,Mobile
C00832,2025-02-05,OR01,35-44,Fashion,35-44 | Fashion,Metro,Desktop
C00833,2025-02-05,OR01,25-34,Fashion,25-34 | Fashion,Other,Desktop
C00834,2025-02-05,OR02,25-34,Fashion,25-34 | Fashion,Other,Mobile
C00835,2025-02-05,OR02,35-44,Cosmetics,35-44 | Cosmetics,Other,Mobile
C00836,2025-02-06,GG01,25-34,Fashion,25-34 | Fashion,Other,Desktop
C00837,2025-02-06,GG01,35-44,Fashion,35-44 | Fashion,Metro,Mobile
C00838,2025-02-06,GG02,18-24,Cosmetics,18-24 | Cosmetics,Other,Desktop
C00839,2025-02-06,GG02,35-44,Cosmetics,35-44 | Cosmetics,Metro,Mobile
C00840,2025-02-06,GG02,35-44,Fashion,35-44 | Fashion,Metro,Desktop
C00841,2025-02-06,GG02,45+,Cosmetics,45+ | Cosmetics,Other,Desktop
C00842,2025-02-06,GG02,25-34,Fashion,25-34 | Fashion,Other,Desktop
C00843,2025-02-06,GG03,25-34,Fashion,25-34 | Fashion,Metro,Desktop
C00844,2025-02-06,GG03,35-44,Fashion,35-44 | Fashion,Metro,Mobile
C00845,2025-02-06,GG03,45+,Fashion,45+ | Fashion,Other,Mobile
C00846,2025-02-06,GG03,45+,Cosmetics,45+ | Cosmetics,Metro,Mobile
C00847,2025-02-06,MT01,18-24,Cosmetics,18-24 | Cosmetics,Other,Mobile
C00848,2025-02-06,MT01,25-34,Cosmetics,25-34 | Cosmetics,Other,Mobile
C00849,2025-02-06,MT01,18-24,Cosmetics,18-24 | Cosmetics,Other,Mobile
C00850,2025-02-06,MT02,35-44,Cosmetics,35-44 | Cosmetics,Other,Desktop
C00851,2025-02-06,MT02,25-34,Cosmetics,25-34 | Cosmetics,Metro,Mobile
C00852,2025-02-06,MT02,25-34,Fashion,25-34 | Fashion,Other,Mobile
C00853,2025-02-06,MT02,45+,Cosmetics,45+ | Cosmetics,Metro,Mobile
C00854,2025-02-06,MT02,18-24,Cosmetics,18-24 | Cosmetics,Metro,Mobile
C00855,2025-02-06,MT02,25-34,Cosmetics,25-34 | Cosmetics,Metro,Mobile
C00856,2025-02-06,TT01,18-24,Fashion,18-24 | Fashion,Metro,Mobile
C00857,2025-02-06,TT01,45+,Cosmetics,45+ | Cosmetics,Metro,Mobile
C00858,2025-02-06,TT01,25-34,Cosmetics,25-34 | Cosmetics,Metro,Mobile
C00859,2025-02-06,TT01,25-34,Cosmetics,25-34 | Cosmetics,Metro,Desktop
C00860,2025-02-06,TT01,25-34,Fashion,25-34 | Fashion,Metro,Mobile
C00861,2025-02-06,TT01,18-24,Cosmetics,18-24 | Cosmetics,Metro,Desktop
C00862,2025-02-06,TT01,35-44,Fashion,35-44 | Fashion,Metro,Mobile
C00863,2025-02-06,TT01,18-24,Cosmetics,18-24 | Cosmetics,Metro,Mobile
C00864,2025-02-06,TT02,18-24,Cosmetics,18-24 | Cosmetics,Metro,Mobile
C00865,2025-02-06,TT02,35-44,Cosmetics,35-44 | Cosmetics,Metro,Mobile
C00866,2025-02-06,OR01,25-34,Cosmetics,25-34 | Cosmetics,Metro,Desktop
C00867,2025-02-06,OR02,18-24,Cosmetics,18-24 | Cosmetics,Other,Mobile
C00868,2025-02-07,GG01,45+,Fashion,45+ | Fashion,Metro,Desktop
C00869,2025-02-07,GG01,25-34,Fashion,25-34 | Fashion,Metro,Mobile
C00870,2025-02-07,GG02,25-34,Cosmetics,25-34 | Cosmetics,Metro,Desktop
C00871,2025-02-07,GG02,45+,Fashion,45+ | Fashion,Metro,Desktop
C00872,2025-02-07,GG02,25-34,Cosmetics,25-34 | Cosmetics,Metro,Mobile
C00873,2025-02-07,GG03,25-34,Fashion,25-34 | Fashion,Other,Mobile
C00874,2025-02-07,MT01,35-44,Cosmetics,35-44 | Cosmetics,Metro,Mobile
C00875,2025-02-07,MT01,35-44,Cosmetics,35-44 | Cosmetics,Other,Desktop
C00876,2025-02-07,MT01,18-24,Fashion,18-24 | Fashion,Metro,Mobile
C00877,2025-02-07,MT01,35-44,Fashion,35-44 | Fashion,Metro,Mobile
C00878,2025-02-07,MT01,25-34,Cosmetics,25-34 | Cosmetics,Other,Mobile
C00879,2025-02-07,MT01,35-44,Cosmetics,35-44 | Cosmetics,Other,Mobile
C00880,2025-02-07,MT02,35-44,Cosmetics,35-44 | Cosmetics,Metro,Mobile
C00881,2025-02-07,MT02,45+,Cosmetics,45+ | Cosmetics,Metro,Mobile
C00882,2025-02-07,TT01,18-24,Fashion,18-24 | Fashion,Metro,Mobile
C00883,2025-02-07,TT02,18-24,Fashion,18-24 | Fashion,Metro,Mobile
C00884,2025-02-07,EM01,25-34,Fashion,25-34 | Fashion,Metro,Mobile
C00885,2025-02-07,OR01,25-34,Fashion,25-34 | Fashion,Other,Desktop
C00886,2025-02-07,OR01,25-34,Cosmetics,25-34 | Cosmetics,Other,Desktop
C00887,2025-02-07,OR02,35-44,Cosmetics,35-44 | Cosmetics,Metro,Mobile
C00888,2025-02-07,OR02,25-34,Fashion,25-34 | Fashion,Metro,Mobile
C00889,2025-02-08,GG01,25-34,Fashion,25-34 | Fashion,Other,Desktop
C00890,2025-02-08,GG01,45+,Fashion,45+ | Fashion,Metro,Mobile
C00891,2025-02-08,GG02,35-44,Fashion,35-44 | Fashion,Metro,Desktop
C00892,2025-02-08,GG02,35-44,Fashion,35-44 | Fashion,Other,Desktop
C00893,2025-02-08,GG02,35-44,Fashion,35-44 | Fashion,Other,Desktop
C00894,2025-02-08,GG03,25-34,Fashion,25-34 | Fashion,Other,Mobile
C00895,2025-02-08,MT01,18-24,Fashion,18-24 | Fashion,Metro,Mobile
C00896,2025-02-08,MT02,35-44,Cosmetics,35-44 | Cosmetics,Metro,Desktop
C00897,2025-02-08,MT02,25-34,Fashion,25-34 | Fashion,Other,Mobile
C00898,2025-02-08,MT03,45+,Fashion,45+ | Fashion,Other,Desktop
C00899,2025-02-08,MT03,25-34,Cosmetics,25-34 | Cosmetics,Metro,Mobile
C00900,2025-02-08,TT02,18-24,Fashion,18-24 | Fashion,Metro,Mobile
C00901,2025-02-08,TT02,25-34,Fashion,25-34 | Fashion,Metro,Desktop
C00902,2025-02-08,TT02,18-24,Fashion,18-24 | Fashion,Metro,Mobile
C00903,2025-02-08,EM01,25-34,Cosmetics,25-34 | Cosmetics,Metro,Desktop
C00904,2025-02-08,EM01,18-24,Fashion,18-24 | Fashion,Other,Mobile
C00905,2025-02-08,EM02,25-34,Cosmetics,25-34 | Cosmetics,Other,Desktop
C00906,2025-02-08,EM02,18-24,Cosmetics,18-24 | Cosmetics,Other,Mobile
C00907,2025-02-08,OR01,18-24,Cosmetics,18-24 | Cosmetics,Other,Mobile
C00908,2025-02-08,OR01,18-24,Fashion,18-24 | Fashion,Other,Desktop
C00909,2025-02-08,OR02,25-34,Fashion,25-34 | Fashion,Metro,Mobile
C00910,2025-02-08,OR02,25-34,Fashion,25-34 | Fashion,Metro,Desktop
C00911,2025-02-08,OR02,25-34,Fashion,25-34 | Fashion,Metro,Mobile
C00912,2025-02-09,GG01,35-44,Fashion,35-44 | Fashion,Other,Mobile
C00913,2025-02-09,GG01,35-44,Fashion,35-44 | Fashion,Other,Mobile
C00914,2025-02-09,GG01,45+,Fashion,45+ | Fashion,Other,Mobile
C00915,2025-02-09,GG01,35-44,Fashion,35-44 | Fashion,Other,Mobile
C00916,2025-02-09,GG01,25-34,Cosmetics,25-34 | Cosmetics,Other,Desktop
C00917,2025-02-09,GG02,25-34,Fashion,25-34 | Fashion,Metro,Desktop
C00918,2025-02-09,GG02,25-34,Fashion,25-34 | Fashion,Metro,Desktop
C00919,2025-02-09,GG02,45+,Fashion,45+ | Fashion,Metro,Desktop
C00920,2025-02-09,GG02,25-34,Fashion,25-34 | Fashion,Metro,Mobile
C00921,2025-02-09,GG02,18-24,Fashion,18-24 | Fashion,Metro,Mobile
C00922,2025-02-09,GG02,25-34,Fashion,25-34 | Fashion,Other,Desktop
C00923,2025-02-09,GG02,25-34,Cosmetics,25-34 | Cosmetics,Metro,Desktop
C00924,2025-02-09,GG03,35-44,Fashion,35-44 | Fashion,Metro,Desktop
C00925,2025-02-09,GG03,35-44,Fashion,35-44 | Fashion,Other,Mobile
C00926,2025-02-09,MT01,25-34,Fashion,25-34 | Fashion,Metro,Mobile
C00927,2025-02-09,MT01,18-24,Fashion,18-24 | Fashion,Other,Mobile
C00928,2025-02-09,MT02,18-24,Fashion,18-24 | Fashion,Metro,Mobile
C00929,2025-02-09,MT03,45+,Cosmetics,45+ | Cosmetics,Metro,Mobile
C00930,2025-02-09,MT03,35-44,Cosmetics,35-44 | Cosmetics,Other,Mobile
C00931,2025-02-09,MT03,35-44,Fashion,35-44 | Fashion,Other,Mobile
C00932,2025-02-09,TT01,35-44,Cosmetics,35-44 | Cosmetics,Other,Mobile
C00933,2025-02-09,TT01,18-24,Cosmetics,18-24 | Cosmetics,Metro,Mobile
C00934,2025-02-09,TT01,18-24,Cosmetics,18-24 | Cosmetics,Other,Mobile
C00935,2025-02-09,TT02,35-44,Fashion,35-44 | Fashion,Other,Mobile
C00936,2025-02-09,TT02,35-44,Cosmetics,35-44 | Cosmetics,Other,Mobile
C00937,2025-02-09,EM01,35-44,Fashion,35-44 | Fashion,Other,Desktop
C00938,2025-02-09,OR01,35-44,Cosmetics,35-44 | Cosmetics,Other,Mobile
C00939,2025-02-09,OR01,45+,Fashion,45+ | Fashion,Other,Mobile
C00940,2025-02-09,OR01,25-34,Fashion,25-34 | Fashion,Metro,Mobile
C00941,2025-02-09,OR02,18-24,Fashion,18-24 | Fashion,Other,Mobile
C00942,2025-02-10,GG01,25-34,Fashion,25-34 | Fashion,Metro,Desktop
C00943,2025-02-10,GG02,45+,Fashion,45+ | Fashion,Other,Mobile
C00944,2025-02-10,GG02,25-34,Fashion,25-34 | Fashion,Metro,Mobile
C00945,2025-02-10,GG03,45+,Fashion,45+ | Fashion,Metro,Desktop
C00946,2025-02-10,GG03,25-34,Cosmetics,25-34 | Cosmetics,Metro,Desktop
C00947,2025-02-10,MT02,25-34,Cosmetics,25-34 | Cosmetics,Other,Mobile
C00948,2025-02-10,MT03,35-44,Cosmetics,35-44 | Cosmetics,Other,Mobile
C00949,2025-02-10,MT03,35-44,Fashion,35-44 | Fashion,Metro,Mobile
C00950,2025-02-10,MT03,25-34,Fashion,25-34 | Fashion,Metro,Mobile
C00951,2025-02-10,MT03,35-44,Cosmetics,35-44 | Cosmetics,Metro,Mobile
C00952,2025-02-10,TT01,25-34,Cosmetics,25-34 | Cosmetics,Other,Mobile
C00953,2025-02-10,TT02,18-24,Cosmetics,18-24 | Cosmetics,Metro,Mobile
C00954,2025-02-10,TT02,25-34,Cosmetics,25-34 | Cosmetics,Other,Mobile
C00955,2025-02-10,EM01,45+,Cosmetics,45+ | Cosmetics,Metro,Desktop
C00956,2025-02-10,EM02,18-24,Fashion,18-24 | Fashion,Other,Mobile
C00957,2025-02-10,EM02,35-44,Fashion,35-44 | Fashion,Metro,Mobile
C00958,2025-02-10,OR01,18-24,Cosmetics,18-24 | Cosmetics,Metro,Mobile
C00959,2025-02-10,OR01,25-34,Fashion,25-34 | Fashion,Other,Mobile
C00960,2025-02-10,OR01,35-44,Cosmetics,35-44 | Cosmetics,Other,Mobile
C00961,2025-02-10,OR01,25-34,Fashion,25-34 | Fashion,Other,Desktop
C00962,2025-02-10,OR01,35-44,Fashion,35-44 | Fashion,Other,Mobile
C00963,2025-02-10,OR01,25-34,Fashion,25-34 | Fashion,Other,Mobile
C00964,2025-02-10,OR02,25-34,Cosmetics,25-34 | Cosmetics,Other,Mobile
C00965,2025-02-10,OR02,25-34,Fashion,25-34 | Fashion,Metro,Mobile
C00966,2025-02-10,OR02,18-24,Fashion,18-24 | Fashion,Other,Desktop
C00967,2025-02-11,GG01,25-34,Fashion,25-34 | Fashion,Metro,Desktop
C00968,2025-02-11,GG03,45+,Fashion,45+ | Fashion,Other,Mobile
C00969,2025-02-11,MT01,35-44,Cosmetics,35-44 | Cosmetics,Metro,Mobile
C00970,2025-02-11,MT01,18-24,Fashion,18-24 | Fashion,Metro,Mobile
C00971,2025-02-11,MT02,25-34,Cosmetics,25-34 | Cosmetics,Metro,Mobile
C00972,2025-02-11,MT03,18-24,Fashion,18-24 | Fashion,Other,Mobile
C00973,2025-02-11,MT03,45+,Cosmetics,45+ | Cosmetics,Metro,Desktop
C00974,2025-02-11,TT01,18-24,Cosmetics,18-24 | Cosmetics,Metro,Mobile
C00975,2025-02-11,TT01,18-24,Cosmetics,18-24 | Cosmetics,Other,Mobile
C00976,2025-02-11,TT01,18-24,Cosmetics,18-24 | Cosmetics,Metro,Mobile
C00977,2025-02-11,TT02,18-24,Cosmetics,18-24 | Cosmetics,Other,Mobile
C00978,2025-02-11,EM01,18-24,Cosmetics,18-24 | Cosmetics,Metro,Desktop
C00979,2025-02-11,EM02,35-44,Cosmetics,35-44 | Cosmetics,Metro,Mobile
C00980,2025-02-11,OR01,35-44,Fashion,35-44 | Fashion,Metro,Mobile
C00981,2025-02-11,OR01,35-44,Cosmetics,35-44 | Cosmetics,Metro,Desktop
C00982,2025-02-11,OR01,25-34,Cosmetics,25-34 | Cosmetics,Metro,Mobile
C00983,2025-02-11,OR01,45+,Cosmetics,45+ | Cosmetics,Other,Mobile
C00984,2025-02-11,OR01,35-44,Cosmetics,35-44 | Cosmetics,Other,Mobile
C00985,2025-02-11,OR01,25-34,Fashion,25-34 | Fashion,Metro,Desktop
C00986,2025-02-11,OR01,35-44,Fashion,35-44 | Fashion,Metro,Desktop
C00987,2025-02-11,OR01,25-34,Cosmetics,25-34 | Cosmetics,Other,Mobile
C00988,2025-02-11,OR01,45+,Cosmetics,45+ | Cosmetics,Other,Mobile
C00989,2025-02-11,OR02,18-24,Cosmetics,18-24 | Cosmetics,Other,Mobile
C00990,2025-02-12,GG01,25-34,Fashion,25-34 | Fashion,Metro,Mobile
C00991,2025-02-12,GG01,45+,Cosmetics,45+ | Cosmetics,Metro,Mobile
C00992,2025-02-12,GG02,18-24,Fashion,18-24 | Fashion,Other,Desktop
C00993,2025-02-12,GG03,35-44,Cosmetics,35-44 | Cosmetics,Metro,Desktop
C00994,2025-02-12,GG03,25-34,Fashion,25-34 | Fashion,Metro,Mobile
C00995,2025-02-12,GG03,18-24,Fashion,18-24 | Fashion,Other,Mobile
C00996,2025-02-12,GG03,35-44,Cosmetics,35-44 | Cosmetics,Metro,Desktop
C00997,2025-02-12,GG03,25-34,Fashion,25-34 | Fashion,Other,Mobile
C00998,2025-02-12,GG03,35-44,Cosmetics,35-44 | Cosmetics,Other,Desktop
C00999,2025-02-12,MT01,25-34,Fashion,25-34 | Fashion,Metro,Mobile
C01000,2025-02-12,MT01,35-44,Fashion,35-44 | Fashion,Metro,Mobile
C01001,2025-02-12,MT01,35-44,Fashion,35-44 | Fashion,Other,Mobile
C01002,2025-02-12,MT02,35-44,Cosmetics,35-44 | Cosmetics,Metro,Mobile
C01003,2025-02-12,MT02,25-34,Cosmetics,25-34 | Cosmetics,Other,Mobile
C01004,2025-02-12,MT02,18-24,Cosmetics,18-24 | Cosmetics,Metro,Mobile
C01005,2025-02-12,MT02,35-44,Cosmetics,35-44 | Cosmetics,Metro,Mobile
C01006,2025-02-12,MT03,35-44,Fashion,35-44 | Fashion,Metro,Mobile
C01007,2025-02-12,MT03,35-44,Cosmetics,35-44 | Cosmetics,Metro,Mobile
C01008,2025-02-12,TT01,18-24,Cosmetics,18-24 | Cosmetics,Other,Mobile
C01009,2025-02-12,TT01,18-24,Fashion,18-24 | Fashion,Metro,Mobile
C01010,2025-02-12,TT02,18-24,Fashion,18-24 | Fashion,Other,Mobile
C01011,2025-02-12,TT02,35-44,Cosmetics,35-44 | Cosmetics,Other,Mobile
C01012,2025-02-12,EM01,25-34,Cosmetics,25-34 | Cosmetics,Other,Mobile
C01013,2025-02-12,EM02,25-34,Fashion,25-34 | Fashion,Metro,Desktop
C01014,2025-02-12,OR01,25-34,Fashion,25-34 | Fashion,Other,Mobile
C01015,2025-02-12,OR01,45+,Cosmetics,45+ | Cosmetics,Metro,Mobile
C01016,2025-02-12,OR01,35-44,Fashion,35-44 | Fashion,Metro,Desktop
C01017,2025-02-12,OR01,35-44,Cosmetics,35-44 | Cosmetics,Other,Mobile
C01018,2025-02-12,OR02,35-44,Cosmetics,35-44 | Cosmetics,Metro,Mobile
C01019,2025-02-12,OR02,35-44,Fashion,35-44 | Fashion,Other,Mobile
C01020,2025-02-13,GG02,35-44,Fashion,35-44 | Fashion,Metro,Mobile
C01021,2025-02-13,GG02,18-24,Fashion,18-24 | Fashion,Metro,Desktop
C01022,2025-02-13,GG02,25-34,Fashion,25-34 | Fashion,Other,Desktop
C01023,2025-02-13,GG03,35-44,Cosmetics,35-44 | Cosmetics,Metro,Mobile
C01024,2025-02-13,MT01,25-34,Cosmetics,25-34 | Cosmetics,Metro,Desktop
C01025,2025-02-13,MT01,35-44,Cosmetics,35-44 | Cosmetics,Metro,Mobile
C01026,2025-02-13,MT02,18-24,Cosmetics,18-24 | Cosmetics,Other,Mobile
C01027,2025-02-13,MT02,18-24,Fashion,18-24 | Fashion,Metro,Mobile
C01028,2025-02-13,EM01,25-34,Fashion,25-34 | Fashion,Metro,Desktop
C01029,2025-02-13,OR01,25-34,Cosmetics,25-34 | Cosmetics,Metro,Desktop
C01030,2025-02-13,OR01,18-24,Fashion,18-24 | Fashion,Metro,Mobile
C01031,2025-02-14,GG01,45+,Fashion,45+ | Fashion,Metro,Desktop
C01032,2025-02-14,GG02,45+,Fashion,45+ | Fashion,Other,Mobile
C01033,2025-02-14,GG02,35-44,Fashion,35-44 | Fashion,Metro,Mobile
C01034,2025-02-14,GG02,18-24,Fashion,18-24 | Fashion,Metro,Desktop
C01035,2025-02-14,GG03,25-34,Cosmetics,25-34 | Cosmetics,Other,Mobile
C01036,2025-02-14,GG03,25-34,Fashion,25-34 | Fashion,Metro,Mobile
C01037,2025-02-14,GG03,45+,Fashion,45+ | Fashion,Metro,Mobile
C01038,2025-02-14,GG03,35-44,Fashion,35-44 | Fashion,Other,Mobile
C01039,2025-02-14,MT01,35-44,Fashion,35-44 | Fashion,Other,Mobile
C01040,2025-02-14,MT02,25-34,Fashion,25-34 | Fashion,Metro,Mobile
C01041,2025-02-14,MT02,18-24,Fashion,18-24 | Fashion,Other,Mobile
C01042,2025-02-14,MT02,18-24,Fashion,18-24 | Fashion,Metro,Mobile
C01043,2025-02-14,MT02,45+,Cosmetics,45+ | Cosmetics,Other,Mobile
C01044,2025-02-14,MT03,18-24,Cosmetics,18-24 | Cosmetics,Metro,Mobile
C01045,2025-02-14,MT03,25-34,Fashion,25-34 | Fashion,Metro,Mobile
C01046,2025-02-14,TT02,18-24,Fashion,18-24 | Fashion,Metro,Mobile
C01047,2025-02-14,EM01,25-34,Fashion,25-34 | Fashion,Metro,Mobile
C01048,2025-02-14,OR01,45+,Cosmetics,45+ | Cosmetics,Metro,Mobile
C01049,2025-02-14,OR01,35-44,Cosmetics,35-44 | Cosmetics,Other,Desktop
C01050,2025-02-14,OR01,45+,Fashion,45+ | Fashion,Metro,Desktop
C01051,2025-02-14,OR01,35-44,Fashion,35-44 | Fashion,Metro,Mobile
C01052,2025-02-15,GG01,25-34,Fashion,25-34 | Fashion,Metro,Desktop
C01053,2025-02-15,GG01,25-34,Cosmetics,25-34 | Cosmetics,Metro,Mobile
C01054,2025-02-15,GG01,45+,Fashion,45+ | Fashion,Metro,Desktop
C01055,2025-02-15,GG01,18-24,Cosmetics,18-24 | Cosmetics,Metro,Mobile
C01056,2025-02-15,GG02,25-34,Fashion,25-34 | Fashion,Other,Mobile
C01057,2025-02-15,GG02,25-34,Fashion,25-34 | Fashion,Other,Desktop
C01058,2025-02-15,GG03,35-44,Cosmetics,35-44 | Cosmetics,Metro,Mobile
C01059,2025-02-15,GG03,35-44,Fashion,35-44 | Fashion,Other,Mobile
C01060,2025-02-15,GG03,35-44,Fashion,35-44 | Fashion,Metro,Mobile
C01061,2025-02-15,MT02,35-44,Fashion,35-44 | Fashion,Metro,Mobile
C01062,2025-02-15,MT02,35-44,Cosmetics,35-44 | Cosmetics,Metro,Mobile
C01063,2025-02-15,MT02,35-44,Fashion,35-44 | Fashion,Metro,Desktop
C01064,2025-02-15,TT01,18-24,Cosmetics,18-24 | Cosmetics,Other,Mobile
C01065,2025-02-15,TT01,18-24,Cosmetics,18-24 | Cosmetics,Other,Mobile
C01066,2025-02-15,TT01,18-24,Cosmetics,18-24 | Cosmetics,Other,Mobile
C01067,2025-02-15,TT01,18-24,Cosmetics,18-24 | Cosmetics,Other,Mobile
C01068,2025-02-15,TT01,18-24,Cosmetics,18-24 | Cosmetics,Metro,Mobile
C01069,2025-02-15,TT02,35-44,Cosmetics,35-44 | Cosmetics,Metro,Mobile
C01070,2025-02-15,TT02,45+,Cosmetics,45+ | Cosmetics,Other,Mobile
C01071,2025-02-15,OR01,35-44,Cosmetics,35-44 | Cosmetics,Metro,Desktop
C01072,2025-02-15,OR01,45+,Fashion,45+ | Fashion,Metro,Mobile
C01073,2025-02-15,OR01,35-44,Fashion,35-44 | Fashion,Other,Desktop
C01074,2025-02-15,OR02,25-34,Cosmetics,25-34 | Cosmetics,Metro,Mobile
C01075,2025-02-15,OR02,18-24,Fashion,18-24 | Fashion,Metro,Mobile
C01076,2025-02-15,OR02,25-34,Cosmetics,25-34 | Cosmetics,Other,Mobile
C01077,2025-02-15,OR02,45+,Cosmetics,45+ | Cosmetics,Metro,Mobile
C01078,2025-02-16,GG01,35-44,Cosmetics,35-44 | Cosmetics,Other,Desktop
C01079,2025-02-16,GG01,35-44,Fashion,35-44 | Fashion,Metro,Desktop
C01080,2025-02-16,GG01,35-44,Fashion,35-44 | Fashion,Other,Desktop
C01081,2025-02-16,GG02,25-34,Cosmetics,25-34 | Cosmetics,Other,Mobile
C01082,2025-02-16,GG02,35-44,Fashion,35-44 | Fashion,Metro,Mobile
C01083,2025-02-16,GG02,35-44,Cosmetics,35-44 | Cosmetics,Metro,Mobile
C01084,2025-02-16,GG02,35-44,Fashion,35-44 | Fashion,Metro,Desktop
C01085,2025-02-16,GG03,45+,Fashion,45+ | Fashion,Metro,Desktop
C01086,2025-02-16,GG03,35-44,Fashion,35-44 | Fashion,Other,Mobile
C01087,2025-02-16,MT01,25-34,Cosmetics,25-34 | Cosmetics,Metro,Mobile
C01088,2025-02-16,MT01,25-34,Cosmetics,25-34 | Cosmetics,Other,Mobile
C01089,2025-02-16,MT01,18-24,Cosmetics,18-24 | Cosmetics,Metro,Desktop
C01090,2025-02-16,MT01,25-34,Fashion,25-34 | Fashion,Other,Mobile
C01091,2025-02-16,MT01,18-24,Fashion,18-24 | Fashion,Other,Desktop
C01092,2025-02-16,MT02,18-24,Cosmetics,18-24 | Cosmetics,Metro,Mobile
C01093,2025-02-16,MT02,35-44,Fashion,35-44 | Fashion,Other,Mobile
C01094,2025-02-16,MT02,25-34,Cosmetics,25-34 | Cosmetics,Other,Mobile
C01095,2025-02-16,TT01,18-24,Cosmetics,18-24 | Cosmetics,Metro,Desktop
C01096,2025-02-16,TT01,18-24,Cosmetics,18-24 | Cosmetics,Metro,Mobile
C01097,2025-02-16,TT01,18-24,Cosmetics,18-24 | Cosmetics,Metro,Mobile
C01098,2025-02-16,TT01,18-24,Fashion,18-24 | Fashion,Metro,Mobile
C01099,2025-02-16,TT02,25-34,Fashion,25-34 | Fashion,Other,Mobile
C01100,2025-02-16,OR01,25-34,Fashion,25-34 | Fashion,Other,Mobile
C01101,2025-02-16,OR01,45+,Fashion,45+ | Fashion,Metro,Mobile
C01102,2025-02-16,OR01,25-34,Fashion,25-34 | Fashion,Other,Desktop
C01103,2025-02-17,GG01,25-34,Cosmetics,25-34 | Cosmetics,Other,Mobile
C01104,2025-02-17,GG01,35-44,Cosmetics,35-44 | Cosmetics,Metro,Desktop
C01105,2025-02-17,GG01,25-34,Fashion,25-34 | Fashion,Other,Mobile
C01106,2025-02-17,GG01,35-44,Fashion,35-44 | Fashion,Other,Desktop
C01107,2025-02-17,GG02,45+,Fashion,45+ | Fashion,Metro,Desktop
C01108,2025-02-17,GG02,25-34,Fashion,25-34 | Fashion,Other,Desktop
C01109,2025-02-17,GG02,45+,Fashion,45+ | Fashion,Other,Mobile
C01110,2025-02-17,GG03,35-44,Fashion,35-44 | Fashion,Other,Mobile
C01111,2025-02-17,MT02,18-24,Fashion,18-24 | Fashion,Other,Mobile
C01112,2025-02-17,MT02,25-34,Cosmetics,25-34 | Cosmetics,Metro,Mobile
C01113,2025-02-17,MT03,25-34,Cosmetics,25-34 | Cosmetics,Other,Mobile
C01114,2025-02-17,TT01,25-34,Fashion,25-34 | Fashion,Other,Mobile
C01115,2025-02-17,TT01,18-24,Cosmetics,18-24 | Cosmetics,Other,Mobile
C01116,2025-02-17,OR01,35-44,Cosmetics,35-44 | Cosmetics,Metro,Mobile
C01117,2025-02-17,OR01,25-34,Fashion,25-34 | Fashion,Other,Mobile
C01118,2025-02-17,OR02,35-44,Cosmetics,35-44 | Cosmetics,Other,Mobile
C01119,2025-02-17,OR02,35-44,Fashion,35-44 | Fashion,Other,Mobile
C01120,2025-02-17,OR02,25-34,Cosmetics,25-34 | Cosmetics,Metro,Mobile
C01121,2025-02-18,GG01,18-24,Fashion,18-24 | Fashion,Other,Mobile
C01122,2025-02-18,GG02,35-44,Fashion,35-44 | Fashion,Metro,Desktop
C01123,2025-02-18,GG02,25-34,Cosmetics,25-34 | Cosmetics,Other,Mobile
C01124,2025-02-18,GG03,25-34,Fashion,25-34 | Fashion,Metro,Desktop
C01125,2025-02-18,GG03,25-34,Fashion,25-34 | Fashion,Other,Desktop
C01126,2025-02-18,MT01,25-34,Cosmetics,25-34 | Cosmetics,Other,Desktop
C01127,2025-02-18,MT01,25-34,Cosmetics,25-34 | Cosmetics,Metro,Desktop
C01128,2025-02-18,MT01,18-24,Fashion,18-24 | Fashion,Other,Mobile
C01129,2025-02-18,TT01,18-24,Fashion,18-24 | Fashion,Other,Mobile
C01130,2025-02-18,TT01,18-24,Cosmetics,18-24 | Cosmetics,Other,Mobile
C01131,2025-02-18,TT01,18-24,Cosmetics,18-24 | Cosmetics,Other,Mobile
C01132,2025-02-18,TT02,18-24,Cosmetics,18-24 | Cosmetics,Metro,Mobile
C01133,2025-02-18,TT02,18-24,Cosmetics,18-24 | Cosmetics,Metro,Mobile
C01134,2025-02-18,EM01,45+,Fashion,45+ | Fashion,Other,Desktop
C01135,2025-02-18,EM01,18-24,Cosmetics,18-24 | Cosmetics,Other,Mobile
C01136,2025-02-18,EM02,25-34,Fashion,25-34 | Fashion,Metro,Mobile
C01137,2025-02-18,OR01,45+,Fashion,45+ | Fashion,Other,Desktop
C01138,2025-02-18,OR01,45+,Cosmetics,45+ | Cosmetics,Metro,Mobile
C01139,2025-02-18,OR02,25-34,Cosmetics,25-34 | Cosmetics,Metro,Mobile
C01140,2025-02-18,OR02,18-24,Cosmetics,18-24 | Cosmetics,Metro,Mobile
C01141,2025-02-18,OR02,18-24,Fashion,18-24 | Fashion,Metro,Mobile
C01142,2025-02-18,OR02,35-44,Fashion,35-44 | Fashion,Metro,Desktop
C01143,2025-02-19,GG01,35-44,Fashion,35-44 | Fashion,Metro,Desktop
C01144,2025-02-19,GG01,35-44,Cosmetics,35-44 | Cosmetics,Metro,Desktop
C01145,2025-02-19,GG02,45+,Cosmetics,45+ | Cosmetics,Other,Desktop
C01146,2025-02-19,GG02,18-24,Fashion,18-24 | Fashion,Other,Desktop
C01147,2025-02-19,GG02,35-44,Fashion,35-44 | Fashion,Metro,Mobile
C01148,2025-02-19,GG03,35-44,Cosmetics,35-44 | Cosmetics,Metro,Desktop
C01149,2025-02-19,GG03,25-34,Fashion,25-34 | Fashion,Metro,Desktop
C01150,2025-02-19,GG03,35-44,Fashion,35-44 | Fashion,Other,Mobile
C01151,2025-02-19,MT01,35-44,Cosmetics,35-44 | Cosmetics,Other,Mobile
C01152,2025-02-19,MT01,35-44,Fashion,35-44 | Fashion,Metro,Mobile
C01153,2025-02-19,MT01,25-34,Fashion,25-34 | Fashion,Metro,Mobile
C01154,2025-02-19,MT01,45+,Fashion,45+ | Fashion,Metro,Mobile
C01155,2025-02-19,MT02,25-34,Cosmetics,25-34 | Cosmetics,Other,Mobile
C01156,2025-02-19,MT02,18-24,Cosmetics,18-24 | Cosmetics,Other,Desktop
C01157,2025-02-19,MT03,25-34,Cosmetics,25-34 | Cosmetics,Metro,Desktop
C01158,2025-02-19,MT03,35-44,Cosmetics,35-44 | Cosmetics,Other,Mobile
C01159,2025-02-19,TT02,18-24,Fashion,18-24 | Fashion,Metro,Desktop
C01160,2025-02-19,TT02,18-24,Fashion,18-24 | Fashion,Metro,Desktop
C01161,2025-02-19,TT02,18-24,Fashion,18-24 | Fashion,Other,Desktop
C01162,2025-02-19,EM01,35-44,Fashion,35-44 | Fashion,Other,Mobile
C01163,2025-02-19,EM02,25-34,Cosmetics,25-34 | Cosmetics,Metro,Mobile
C01164,2025-02-19,OR01,45+,Fashion,45+ | Fashion,Other,Desktop
C01165,2025-02-19,OR01,25-34,Fashion,25-34 | Fashion,Metro,Mobile
C01166,2025-02-19,OR02,18-24,Cosmetics,18-24 | Cosmetics,Other,Mobile
C01167,2025-02-20,GG01,25-34,Fashion,25-34 | Fashion,Metro,Mobile
C01168,2025-02-20,GG01,25-34,Cosmetics,25-34 | Cosmetics,Other,Mobile
C01169,2025-02-20,GG02,35-44,Cosmetics,35-44 | Cosmetics,Metro,Desktop
C01170,2025-02-20,GG03,45+,Fashion,45+ | Fashion,Other,Mobile
C01171,2025-02-20,MT01,25-34,Cosmetics,25-34 | Cosmetics,Metro,Mobile
C01172,2025-02-20,MT01,25-34,Fashion,25-34 | Fashion,Metro,Desktop
C01173,2025-02-20,MT01,18-24,Fashion,18-24 | Fashion,Other,Mobile
C01174,2025-02-20,MT02,25-34,Cosmetics,25-34 | Cosmetics,Metro,Desktop
C01175,2025-02-20,MT03,45+,Cosmetics,45+ | Cosmetics,Metro,Mobile
C01176,2025-02-20,MT03,35-44,Fashion,35-44 | Fashion,Other,Mobile
C01177,2025-02-20,TT01,18-24,Fashion,18-24 | Fashion,Other,Mobile
C01178,2025-02-20,TT01,25-34,Cosmetics,25-34 | Cosmetics,Metro,Mobile
C01179,2025-02-20,TT01,25-34,Cosmetics,25-34 | Cosmetics,Other,Mobile
C01180,2025-02-20,TT01,18-24,Cosmetics,18-24 | Cosmetics,Metro,Mobile
C01181,2025-02-20,TT02,18-24,Cosmetics,18-24 | Cosmetics,Metro,Mobile
C01182,2025-02-20,EM01,35-44,Fashion,35-44 | Fashion,Other,Mobile
C01183,2025-02-20,EM02,45+,Cosmetics,45+ | Cosmetics,Metro,Mobile
C01184,2025-02-20,OR01,35-44,Cosmetics,35-44 | Cosmetics,Other,Mobile
C01185,2025-02-20,OR01,25-34,Fashion,25-34 | Fashion,Other,Mobile
C01186,2025-02-20,OR01,25-34,Fashion,25-34 | Fashion,Metro,Mobile
C01187,2025-02-20,OR01,45+,Cosmetics,45+ | Cosmetics,Other,Mobile
C01188,2025-02-20,OR01,18-24,Fashion,18-24 | Fashion,Metro,Mobile
C01189,2025-02-20,OR02,18-24,Fashion,18-24 | Fashion,Other,Mobile
C01190,2025-02-21,GG01,25-34,Cosmetics,25-34 | Cosmetics,Other,Desktop
C01191,2025-02-21,GG02,25-34,Fashion,25-34 | Fashion,Metro,Mobile
C01192,2025-02-21,GG03,25-34,Fashion,25-34 | Fashion,Metro,Desktop
C01193,2025-02-21,GG03,18-24,Fashion,18-24 | Fashion,Other,Mobile
C01194,2025-02-21,MT01,25-34,Fashion,25-34 | Fashion,Other,Mobile
C01195,2025-02-21,MT01,18-24,Fashion,18-24 | Fashion,Metro,Mobile
C01196,2025-02-21,MT02,25-34,Cosmetics,25-34 | Cosmetics,Metro,Mobile
C01197,2025-02-21,MT03,25-34,Cosmetics,25-34 | Cosmetics,Metro,Mobile
C01198,2025-02-21,TT01,18-24,Fashion,18-24 | Fashion,Metro,Mobile
C01199,2025-02-21,TT01,35-44,Cosmetics,35-44 | Cosmetics,Other,Mobile
C01200,2025-02-21,TT01,18-24,Cosmetics,18-24 | Cosmetics,Metro,Mobile
C01201,2025-02-21,TT01,18-24,Cosmetics,18-24 | Cosmetics,Other,Desktop
C01202,2025-02-21,TT01,18-24,Cosmetics,18-24 | Cosmetics,Other,Mobile
C01203,2025-02-21,TT01,18-24,Cosmetics,18-24 | Cosmetics,Other,Mobile
C01204,2025-02-21,TT02,25-34,Cosmetics,25-34 | Cosmetics,Other,Mobile
C01205,2025-02-21,TT02,18-24,Cosmetics,18-24 | Cosmetics,Other,Mobile
C01206,2025-02-21,EM01,45+,Cosmetics,45+ | Cosmetics,Metro,Desktop
C01207,2025-02-21,EM01,25-34,Fashion,25-34 | Fashion,Metro,Desktop
C01208,2025-02-21,OR01,18-24,Fashion,18-24 | Fashion,Other,Desktop
C01209,2025-02-21,OR01,35-44,Cosmetics,35-44 | Cosmetics,Metro,Mobile
C01210,2025-02-21,OR02,35-44,Fashion,35-44 | Fashion,Metro,Mobile
C01211,2025-02-21,OR02,35-44,Fashion,35-44 | Fashion,Metro,Mobile
C01212,2025-02-22,GG01,25-34,Cosmetics,25-34 | Cosmetics,Other,Mobile
C01213,2025-02-22,GG01,18-24,Cosmetics,18-24 | Cosmetics,Other,Mobile
C01214,2025-02-22,GG01,45+,Cosmetics,45+ | Cosmetics,Other,Mobile
C01215,2025-02-22,GG02,45+,Fashion,45+ | Fashion,Metro,Mobile
C01216,2025-02-22,GG02,25-34,Cosmetics,25-34 | Cosmetics,Metro,Desktop
C01217,2025-02-22,GG02,45+,Fashion,45+ | Fashion,Metro,Desktop
C01218,2025-02-22,GG02,18-24,Fashion,18-24 | Fashion,Metro,Mobile
C01219,2025-02-22,MT02,25-34,Cosmetics,25-34 | Cosmetics,Metro,Mobile
C01220,2025-02-22,MT02,18-24,Fashion,18-24 | Fashion,Metro,Mobile
C01221,2025-02-22,MT02,25-34,Cosmetics,25-34 | Cosmetics,Metro,Mobile
C01222,2025-02-22,TT01,25-34,Fashion,25-34 | Fashion,Other,Mobile
C01223,2025-02-22,TT01,18-24,Cosmetics,18-24 | Cosmetics,Other,Mobile
C01224,2025-02-22,TT01,18-24,Cosmetics,18-24 | Cosmetics,Metro,Mobile
C01225,2025-02-22,TT01,18-24,Fashion,18-24 | Fashion,Metro,Mobile
C01226,2025-02-22,EM01,25-34,Fashion,25-34 | Fashion,Other,Mobile
C01227,2025-02-22,EM01,25-34,Cosmetics,25-34 | Cosmetics,Metro,Mobile
C01228,2025-02-22,EM02,25-34,Fashion,25-34 | Fashion,Metro,Mobile
C01229,2025-02-22,OR01,35-44,Fashion,35-44 | Fashion,Other,Mobile
C01230,2025-02-22,OR01,25-34,Cosmetics,25-34 | Cosmetics,Metro,Desktop
C01231,2025-02-22,OR01,35-44,Fashion,35-44 | Fashion,Metro,Mobile
C01232,2025-02-22,OR01,45+,Cosmetics,45+ | Cosmetics,Other,Desktop
C01233,2025-02-22,OR01,18-24,Fashion,18-24 | Fashion,Other,Mobile
C01234,2025-02-22,OR01,45+,Fashion,45+ | Fashion,Metro,Desktop
C01235,2025-02-22,OR02,18-24,Fashion,18-24 | Fashion,Metro,Mobile
C01236,2025-02-22,OR02,25-34,Cosmetics,25-34 | Cosmetics,Metro,Mobile
C01237,2025-02-23,GG01,25-34,Cosmetics,25-34 | Cosmetics,Other,Mobile
C01238,2025-02-23,GG02,25-34,Fashion,25-34 | Fashion,Metro,Desktop
C01239,2025-02-23,GG02,25-34,Fashion,25-34 | Fashion,Other,Mobile
C01240,2025-02-23,GG02,45+,Fashion,45+ | Fashion,Other,Desktop
C01241,2025-02-23,GG03,35-44,Fashion,35-44 | Fashion,Metro,Desktop
C01242,2025-02-23,GG03,18-24,Fashion,18-24 | Fashion,Other,Mobile
C01243,2025-02-23,MT01,35-44,Fashion,35-44 | Fashion,Other,Mobile
C01244,2025-02-23,MT02,18-24,Fashion,18-24 | Fashion,Metro,Mobile
C01245,2025-02-23,MT02,25-34,Fashion,25-34 | Fashion,Other,Mobile
C01246,2025-02-23,MT03,45+,Fashion,45+ | Fashion,Metro,Mobile
C01247,2025-02-23,TT01,35-44,Cosmetics,35-44 | Cosmetics,Other,Desktop
C01248,2025-02-23,TT01,18-24,Cosmetics,18-24 | Cosmetics,Metro,Mobile
C01249,2025-02-23,TT01,18-24,Cosmetics,18-24 | Cosmetics,Metro,Mobile
C01250,2025-02-23,TT01,18-24,Cosmetics,18-24 | Cosmetics,Other,Mobile
C01251,2025-02-23,TT01,25-34,Fashion,25-34 | Fashion,Metro,Mobile
C01252,2025-02-23,OR01,35-44,Cosmetics,35-44 | Cosmetics,Other,Desktop
C01253,2025-02-23,OR01,25-34,Fashion,25-34 | Fashion,Other,Mobile
C01254,2025-02-23,OR01,18-24,Fashion,18-24 | Fashion,Other,Mobile
C01255,2025-02-23,OR01,25-34,Cosmetics,25-34 | Cosmetics,Metro,Mobile
C01256,2025-02-23,OR02,18-24,Cosmetics,18-24 | Cosmetics,Metro,Mobile
C01257,2025-02-23,OR02,18-24,Fashion,18-24 | Fashion,Metro,Mobile
C01258,2025-02-24,GG01,45+,Cosmetics,45+ | Cosmetics,Metro,Desktop
C01259,2025-02-24,GG01,45+,Fashion,45+ | Fashion,Other,Desktop
C01260,2025-02-24,GG02,25-34,Cosmetics,25-34 | Cosmetics,Metro,Desktop
C01261,2025-02-24,GG02,45+,Fashion,45+ | Fashion,Other,Mobile
C01262,2025-02-24,GG02,25-34,Fashion,25-34 | Fashion,Metro,Desktop
C01263,2025-02-24,GG03,35-44,Fashion,35-44 | Fashion,Other,Desktop
C01264,2025-02-24,GG03,35-44,Fashion,35-44 | Fashion,Metro,Desktop
C01265,2025-02-24,MT01,25-34,Cosmetics,25-34 | Cosmetics,Other,Mobile
C01266,2025-02-24,MT01,25-34,Cosmetics,25-34 | Cosmetics,Metro,Mobile
C01267,2025-02-24,MT01,25-34,Cosmetics,25-34 | Cosmetics,Other,Mobile
C01268,2025-02-24,MT01,25-34,Cosmetics,25-34 | Cosmetics,Other,Mobile
C01269,2025-02-24,MT01,35-44,Cosmetics,35-44 | Cosmetics,Other,Mobile
C01270,2025-02-24,MT01,35-44,Fashion,35-44 | Fashion,Metro,Mobile
C01271,2025-02-24,MT02,25-34,Fashion,25-34 | Fashion,Metro,Desktop
C01272,2025-02-24,MT02,25-34,Fashion,25-34 | Fashion,Metro,Mobile
C01273,2025-02-24,MT02,35-44,Fashion,35-44 | Fashion,Other,Desktop
C01274,2025-02-24,TT01,18-24,Cosmetics,18-24 | Cosmetics,Other,Mobile
C01275,2025-02-24,TT01,18-24,Cosmetics,18-24 | Cosmetics,Metro,Mobile
C01276,2025-02-24,TT01,35-44,Cosmetics,35-44 | Cosmetics,Metro,Desktop
C01277,2025-02-24,TT01,25-34,Cosmetics,25-34 | Cosmetics,Other,Mobile
C01278,2025-02-24,TT02,18-24,Fashion,18-24 | Fashion,Metro,Mobile
C01279,2025-02-24,OR01,35-44,Cosmetics,35-44 | Cosmetics,Other,Mobile
C01280,2025-02-24,OR01,35-44,Fashion,35-44 | Fashion,Metro,Mobile
C01281,2025-02-24,OR02,18-24,Cosmetics,18-24 | Cosmetics,Metro,Mobile
C01282,2025-02-24,OR02,25-34,Cosmetics,25-34 | Cosmetics,Other,Mobile
C01283,2025-02-25,GG01,18-24,Fashion,18-24 | Fashion,Metro,Mobile
C01284,2025-02-25,GG01,35-44,Fashion,35-44 | Fashion,Metro,Mobile
C01285,2025-02-25,GG01,45+,Cosmetics,45+ | Cosmetics,Metro,Mobile
C01286,2025-02-25,GG01,35-44,Cosmetics,35-44 | Cosmetics,Other,Mobile
C01287,2025-02-25,GG02,35-44,Fashion,35-44 | Fashion,Metro,Desktop
C01288,2025-02-25,GG03,25-34,Fashion,25-34 | Fashion,Metro,Mobile
C01289,2025-02-25,MT01,35-44,Fashion,35-44 | Fashion,Metro,Mobile
C01290,2025-02-25,MT02,35-44,Cosmetics,35-44 | Cosmetics,Metro,Mobile
C01291,2025-02-25,MT02,18-24,Cosmetics,18-24 | Cosmetics,Metro,Mobile
C01292,2025-02-25,MT03,45+,Fashion,45+ | Fashion,Metro,Desktop
C01293,2025-02-25,TT01,18-24,Fashion,18-24 | Fashion,Metro,Mobile
C01294,2025-02-25,TT01,45+,Cosmetics,45+ | Cosmetics,Other,Mobile
C01295,2025-02-25,TT02,25-34,Cosmetics,25-34 | Cosmetics,Other,Desktop
C01296,2025-02-25,OR01,25-34,Cosmetics,25-34 | Cosmetics,Other,Mobile
C01297,2025-02-25,OR01,25-34,Fashion,25-34 | Fashion,Other,Mobile
C01298,2025-02-26,GG01,25-34,Fashion,25-34 | Fashion,Metro,Desktop
C01299,2025-02-26,GG01,25-34,Fashion,25-34 | Fashion,Metro,Mobile
C01300,2025-02-26,GG01,18-24,Fashion,18-24 | Fashion,Metro,Mobile
C01301,2025-02-26,GG02,25-34,Cosmetics,25-34 | Cosmetics,Other,Desktop
C01302,2025-02-26,GG02,18-24,Fashion,18-24 | Fashion,Metro,Mobile
C01303,2025-02-26,GG02,45+,Cosmetics,45+ | Cosmetics,Metro,Mobile
C01304,2025-02-26,GG03,35-44,Fashion,35-44 | Fashion,Other,Mobile
C01305,2025-02-26,MT01,25-34,Cosmetics,25-34 | Cosmetics,Other,Mobile
C01306,2025-02-26,MT02,25-34,Cosmetics,25-34 | Cosmetics,Metro,Mobile
C01307,2025-02-26,MT02,35-44,Fashion,35-44 | Fashion,Other,Mobile
C01308,2025-02-26,MT02,25-34,Cosmetics,25-34 | Cosmetics,Metro,Desktop
C01309,2025-02-26,TT01,18-24,Fashion,18-24 | Fashion,Metro,Mobile
C01310,2025-02-26,TT02,18-24,Cosmetics,18-24 | Cosmetics,Metro,Mobile
C01311,2025-02-26,EM01,35-44,Cosmetics,35-44 | Cosmetics,Metro,Desktop
C01312,2025-02-26,EM01,35-44,Cosmetics,35-44 | Cosmetics,Metro,Desktop
C01313,2025-02-26,OR01,45+,Cosmetics,45+ | Cosmetics,Metro,Desktop
C01314,2025-02-26,OR01,25-34,Fashion,25-34 | Fashion,Metro,Mobile
C01315,2025-02-27,GG01,35-44,Cosmetics,35-44 | Cosmetics,Metro,Desktop
C01316,2025-02-27,GG01,45+,Fashion,45+ | Fashion,Metro,Mobile
C01317,2025-02-27,GG03,35-44,Fashion,35-44 | Fashion,Other,Desktop
C01318,2025-02-27,MT01,25-34,Cosmetics,25-34 | Cosmetics,Metro,Desktop
C01319,2025-02-27,MT01,25-34,Cosmetics,25-34 | Cosmetics,Metro,Desktop
C01320,2025-02-27,MT01,35-44,Fashion,35-44 | Fashion,Metro,Desktop
C01321,2025-02-27,MT02,25-34,Fashion,25-34 | Fashion,Other,Mobile
C01322,2025-02-27,MT03,35-44,Fashion,35-44 | Fashion,Other,Mobile
C01323,2025-02-27,MT03,25-34,Fashion,25-34 | Fashion,Other,Mobile
C01324,2025-02-27,MT03,35-44,Cosmetics,35-44 | Cosmetics,Other,Desktop
C01325,2025-02-27,TT01,25-34,Cosmetics,25-34 | Cosmetics,Metro,Mobile
C01326,2025-02-27,TT01,25-34,Cosmetics,25-34 | Cosmetics,Other,Mobile
C01327,2025-02-27,TT01,25-34,Fashion,25-34 | Fashion,Metro,Mobile
C01328,2025-02-27,TT01,18-24,Fashion,18-24 | Fashion,Other,Mobile
C01329,2025-02-27,TT01,25-34,Cosmetics,25-34 | Cosmetics,Metro,Mobile
C01330,2025-02-27,TT01,25-34,Cosmetics,25-34 | Cosmetics,Other,Mobile
C01331,2025-02-27,TT02,18-24,Fashion,18-24 | Fashion,Metro,Mobile
C01332,2025-02-27,EM02,35-44,Cosmetics,35-44 | Cosmetics,Metro,Desktop
C01333,2025-02-27,OR01,18-24,Cosmetics,18-24 | Cosmetics,Other,Desktop
C01334,2025-02-27,OR01,45+,Fashion,45+ | Fashion,Metro,Desktop
C01335,2025-02-27,OR01,25-34,Fashion,25-34 | Fashion,Metro,Mobile
C01336,2025-02-27,OR01,35-44,Fashion,35-44 | Fashion,Metro,Mobile
C01337,2025-02-27,OR02,18-24,Cosmetics,18-24 | Cosmetics,Metro,Mobile
C01338,2025-02-28,GG01,45+,Fashion,45+ | Fashion,Other,Desktop
C01339,2025-02-28,GG01,18-24,Cosmetics,18-24 | Cosmetics,Other,Mobile
C01340,2025-02-28,GG01,35-44,Cosmetics,35-44 | Cosmetics,Metro,Mobile
C01341,2025-02-28,GG01,25-34,Fashion,25-34 | Fashion,Metro,Mobile
C01342,2025-02-28,GG01,45+,Fashion,45+ | Fashion,Metro,Desktop
C01343,2025-02-28,GG01,18-24,Cosmetics,18-24 | Cosmetics,Metro,Desktop
C01344,2025-02-28,GG01,45+,Cosmetics,45+ | Cosmetics,Metro,Mobile
C01345,2025-02-28,GG02,25-34,Fashion,25-34 | Fashion,Metro,Desktop
C01346,2025-02-28,GG02,35-44,Fashion,35-44 | Fashion,Metro,Desktop
C01347,2025-02-28,GG02,35-44,Fashion,35-44 | Fashion,Other,Desktop
C01348,2025-02-28,GG02,35-44,Fashion,35-44 | Fashion,Metro,Desktop
C01349,2025-02-28,GG02,35-44,Fashion,35-44 | Fashion,Metro,Desktop
C01350,2025-02-28,GG03,25-34,Fashion,25-34 | Fashion,Metro,Desktop
C01351,2025-02-28,GG03,25-34,Fashion,25-34 | Fashion,Metro,Desktop
C01352,2025-02-28,MT01,25-34,Fashion,25-34 | Fashion,Metro,Desktop
C01353,2025-02-28,MT01,25-34,Fashion,25-34 | Fashion,Metro,Mobile
C01354,2025-02-28,MT01,18-24,Cosmetics,18-24 | Cosmetics,Other,Mobile
C01355,2025-02-28,MT02,25-34,Fashion,25-34 | Fashion,Other,Mobile
C01356,2025-02-28,MT02,35-44,Fashion,35-44 | Fashion,Other,Mobile
C01357,2025-02-28,MT03,25-34,Fashion,25-34 | Fashion,Metro,Mobile
C01358,2025-02-28,MT03,18-24,Cosmetics,18-24 | Cosmetics,Metro,Mobile
C01359,2025-02-28,MT03,35-44,Fashion,35-44 | Fashion,Other,Desktop
C01360,2025-02-28,TT01,18-24,Fashion,18-24 | Fashion,Other,Mobile
C01361,2025-02-28,TT01,35-44,Fashion,35-44 | Fashion,Other,Mobile
C01362,2025-02-28,TT01,18-24,Cosmetics,18-24 | Cosmetics,Metro,Mobile
C01363,2025-02-28,TT01,18-24,Cosmetics,18-24 | Cosmetics,Other,Mobile
C01364,2025-02-28,TT01,25-34,Fashion,25-34 | Fashion,Other,Mobile
C01365,2025-02-28,TT02,18-24,Cosmetics,18-24 | Cosmetics,Metro,Mobile
C01366,2025-02-28,EM01,35-44,Fashion,35-44 | Fashion,Other,Mobile
C01367,2025-02-28,OR01,18-24,Fashion,18-24 | Fashion,Other,Mobile
C01368,2025-02-28,OR01,25-34,Cosmetics,25-34 | Cosmetics,Metro,Desktop
C01369,2025-02-28,OR02,35-44,Cosmetics,35-44 | Cosmetics,Metro,Mobile
C01370,2025-02-28,OR02,18-24,Cosmetics,18-24 | Cosmetics,Other,Mobile
C01371,2025-03-01,GG01,45+,Cosmetics,45+ | Cosmetics,Other,Mobile
C01372,2025-03-01,GG01,25-34,Fashion,25-34 | Fashion,Other,Mobile
C01373,2025-03-01,GG01,18-24,Fashion,18-24 | Fashion,Metro,Desktop
C01374,2025-03-01,GG02,45+,Cosmetics,45+ | Cosmetics,Metro,Mobile
C01375,2025-03-01,GG02,35-44,Cosmetics,35-44 | Cosmetics,Metro,Mobile
C01376,2025-03-01,GG02,35-44,Cosmetics,35-44 | Cosmetics,Metro,Desktop
C01377,2025-03-01,GG02,35-44,Fashion,35-44 | Fashion,Other,Mobile
C01378,2025-03-01,GG02,35-44,Fashion,35-44 | Fashion,Other,Mobile
C01379,2025-03-01,GG03,25-34,Fashion,25-34 | Fashion,Metro,Desktop
C01380,2025-03-01,GG03,45+,Fashion,45+ | Fashion,Other,Mobile
C01381,2025-03-01,GG03,18-24,Cosmetics,18-24 | Cosmetics,Other,Mobile
C01382,2025-03-01,GG03,25-34,Fashion,25-34 | Fashion,Other,Mobile
C01383,2025-03-01,GG03,25-34,Fashion,25-34 | Fashion,Metro,Desktop
C01384,2025-03-01,MT01,35-44,Cosmetics,35-44 | Cosmetics,Metro,Mobile
C01385,2025-03-01,MT01,18-24,Fashion,18-24 | Fashion,Other,Mobile
C01386,2025-03-01,MT01,45+,Fashion,45+ | Fashion,Other,Mobile
C01387,2025-03-01,MT01,18-24,Fashion,18-24 | Fashion,Metro,Mobile
C01388,2025-03-01,MT01,25-34,Fashion,25-34 | Fashion,Metro,Desktop
C01389,2025-03-01,MT01,18-24,Cosmetics,18-24 | Cosmetics,Metro,Mobile
C01390,2025-03-01,MT01,25-34,Fashion,25-34 | Fashion,Other,Mobile
C01391,2025-03-01,MT02,25-34,Cosmetics,25-34 | Cosmetics,Other,Mobile
C01392,2025-03-01,MT02,45+,Cosmetics,45+ | Cosmetics,Other,Mobile
C01393,2025-03-01,MT03,35-44,Fashion,35-44 | Fashion,Metro,Mobile
C01394,2025-03-01,TT01,18-24,Cosmetics,18-24 | Cosmetics,Other,Mobile
C01395,2025-03-01,TT01,25-34,Cosmetics,25-34 | Cosmetics,Other,Mobile
C01396,2025-03-01,TT01,18-24,Cosmetics,18-24 | Cosmetics,Metro,Mobile
C01397,2025-03-01,TT01,18-24,Fashion,18-24 | Fashion,Metro,Mobile
C01398,2025-03-01,TT01,25-34,Cosmetics,25-34 | Cosmetics,Other,Mobile
C01399,2025-03-01,TT02,18-24,Fashion,18-24 | Fashion,Metro,Mobile
C01400,2025-03-01,TT02,18-24,Fashion,18-24 | Fashion,Other,Mobile
C01401,2025-03-01,EM01,25-34,Fashion,25-34 | Fashion,Metro,Desktop
C01402,2025-03-01,EM01,18-24,Fashion,18-24 | Fashion,Other,Mobile
C01403,2025-03-01,OR01,25-34,Fashion,25-34 | Fashion,Metro,Desktop
C01404,2025-03-01,OR01,45+,Fashion,45+ | Fashion,Other,Mobile
C01405,2025-03-01,OR01,35-44,Fashion,35-44 | Fashion,Other,Desktop
C01406,2025-03-01,OR02,18-24,Fashion,18-24 | Fashion,Other,Mobile
C01407,2025-03-01,OR02,18-24,Cosmetics,18-24 | Cosmetics,Metro,Mobile
C01408,2025-03-02,GG01,45+,Fashion,45+ | Fashion,Metro,Desktop
C01409,2025-03-02,GG01,25-34,Cosmetics,25-34 | Cosmetics,Metro,Desktop
C01410,2025-03-02,GG01,35-44,Fashion,35-44 | Fashion,Metro,Desktop
C01411,2025-03-02,GG02,25-34,Fashion,25-34 | Fashion,Metro,Desktop
C01412,2025-03-02,GG02,35-44,Fashion,35-44 | Fashion,Other,Desktop
C01413,2025-03-02,GG02,25-34,Cosmetics,25-34 | Cosmetics,Metro,Desktop
C01414,2025-03-02,GG02,45+,Cosmetics,45+ | Cosmetics,Metro,Mobile
C01415,2025-03-02,GG02,45+,Fashion,45+ | Fashion,Metro,Desktop
C01416,2025-03-02,GG02,45+,Cosmetics,45+ | Cosmetics,Metro,Mobile
C01417,2025-03-02,GG03,25-34,Fashion,25-34 | Fashion,Other,Desktop
C01418,2025-03-02,GG03,18-24,Fashion,18-24 | Fashion,Metro,Mobile
C01419,2025-03-02,MT01,25-34,Cosmetics,25-34 | Cosmetics,Other,Mobile
C01420,2025-03-02,MT02,35-44,Fashion,35-44 | Fashion,Other,Mobile
C01421,2025-03-02,MT02,25-34,Fashion,25-34 | Fashion,Metro,Mobile
C01422,2025-03-02,MT02,25-34,Fashion,25-34 | Fashion,Metro,Desktop
C01423,2025-03-02,MT02,25-34,Fashion,25-34 | Fashion,Metro,Mobile
C01424,2025-03-02,MT03,25-34,Cosmetics,25-34 | Cosmetics,Other,Mobile
C01425,2025-03-02,MT03,45+,Cosmetics,45+ | Cosmetics,Other,Desktop
C01426,2025-03-02,TT01,25-34,Fashion,25-34 | Fashion,Other,Mobile
C01427,2025-03-02,TT02,18-24,Cosmetics,18-24 | Cosmetics,Metro,Mobile
C01428,2025-03-02,TT02,18-24,Fashion,18-24 | Fashion,Other,Mobile
C01429,2025-03-02,TT02,18-24,Cosmetics,18-24 | Cosmetics,Other,Desktop
C01430,2025-03-02,TT02,18-24,Cosmetics,18-24 | Cosmetics,Other,Mobile
C01431,2025-03-02,EM01,35-44,Cosmetics,35-44 | Cosmetics,Other,Mobile
C01432,2025-03-02,EM01,18-24,Cosmetics,18-24 | Cosmetics,Metro,Mobile
C01433,2025-03-02,OR01,25-34,Fashion,25-34 | Fashion,Other,Mobile
C01434,2025-03-02,OR01,35-44,Fashion,35-44 | Fashion,Metro,Mobile
C01435,2025-03-02,OR01,45+,Cosmetics,45+ | Cosmetics,Other,Mobile
C01436,2025-03-02,OR02,35-44,Cosmetics,35-44 | Cosmetics,Other,Mobile
C01437,2025-03-02,OR02,45+,Fashion,45+ | Fashion,Other,Mobile
C01438,2025-03-03,GG01,45+,Fashion,45+ | Fashion,Other,Mobile
C01439,2025-03-03,GG02,45+,Cosmetics,45+ | Cosmetics,Other,Mobile
C01440,2025-03-03,GG02,35-44,Fashion,35-44 | Fashion,Other,Desktop
C01441,2025-03-03,GG02,35-44,Cosmetics,35-44 | Cosmetics,Metro,Desktop
C01442,2025-03-03,GG03,35-44,Cosmetics,35-44 | Cosmetics,Metro,Desktop
C01443,2025-03-03,GG03,18-24,Fashion,18-24 | Fashion,Metro,Mobile
C01444,2025-03-03,GG03,35-44,Fashion,35-44 | Fashion,Metro,Desktop
C01445,2025-03-03,GG03,25-34,Cosmetics,25-34 | Cosmetics,Other,Mobile
C01446,2025-03-03,GG03,25-34,Fashion,25-34 | Fashion,Metro,Mobile
C01447,2025-03-03,GG03,25-34,Fashion,25-34 | Fashion,Metro,Mobile
C01448,2025-03-03,GG03,35-44,Fashion,35-44 | Fashion,Other,Desktop
C01449,2025-03-03,MT01,35-44,Cosmetics,35-44 | Cosmetics,Metro,Mobile
C01450,2025-03-03,MT01,18-24,Cosmetics,18-24 | Cosmetics,Other,Desktop
C01451,2025-03-03,MT01,25-34,Cosmetics,25-34 | Cosmetics,Other,Mobile
C01452,2025-03-03,MT01,18-24,Cosmetics,18-24 | Cosmetics,Metro,Mobile
C01453,2025-03-03,MT01,25-34,Cosmetics,25-34 | Cosmetics,Other,Mobile
C01454,2025-03-03,MT02,18-24,Cosmetics,18-24 | Cosmetics,Metro,Mobile
C01455,2025-03-03,MT02,25-34,Cosmetics,25-34 | Cosmetics,Metro,Mobile
C01456,2025-03-03,MT02,25-34,Cosmetics,25-34 | Cosmetics,Other,Mobile
C01457,2025-03-03,TT02,25-34,Cosmetics,25-34 | Cosmetics,Other,Mobile
C01458,2025-03-03,TT02,25-34,Cosmetics,25-34 | Cosmetics,Other,Mobile
C01459,2025-03-03,TT02,18-24,Cosmetics,18-24 | Cosmetics,Metro,Mobile
C01460,2025-03-03,OR01,35-44,Fashion,35-44 | Fashion,Metro,Desktop
C01461,2025-03-03,OR01,35-44,Fashion,35-44 | Fashion,Other,Mobile
C01462,2025-03-03,OR01,35-44,Fashion,35-44 | Fashion,Metro,Desktop
C01463,2025-03-04,GG01,35-44,Cosmetics,35-44 | Cosmetics,Other,Desktop
C01464,2025-03-04,GG02,25-34,Fashion,25-34 | Fashion,Metro,Desktop
C01465,2025-03-04,GG02,35-44,Fashion,35-44 | Fashion,Other,Desktop
C01466,2025-03-04,GG02,25-34,Fashion,25-34 | Fashion,Metro,Desktop
C01467,2025-03-04,GG03,45+,Cosmetics,45+ | Cosmetics,Metro,Desktop
C01468,2025-03-04,GG03,25-34,Fashion,25-34 | Fashion,Metro,Mobile
C01469,2025-03-04,GG03,45+,Fashion,45+ | Fashion,Metro,Mobile
C01470,2025-03-04,GG03,25-34,Fashion,25-34 | Fashion,Metro,Desktop
C01471,2025-03-04,GG03,35-44,Fashion,35-44 | Fashion,Metro,Mobile
C01472,2025-03-04,GG03,35-44,Fashion,35-44 | Fashion,Other,Desktop
C01473,2025-03-04,GG03,25-34,Fashion,25-34 | Fashion,Metro,Mobile
C01474,2025-03-04,MT01,45+,Fashion,45+ | Fashion,Other,Mobile
C01475,2025-03-04,MT02,35-44,Cosmetics,35-44 | Cosmetics,Metro,Mobile
C01476,2025-03-04,MT02,35-44,Fashion,35-44 | Fashion,Metro,Desktop
C01477,2025-03-04,MT02,45+,Cosmetics,45+ | Cosmetics,Metro,Mobile
C01478,2025-03-04,MT02,25-34,Cosmetics,25-34 | Cosmetics,Other,Desktop
C01479,2025-03-04,MT03,45+,Fashion,45+ | Fashion,Other,Mobile
C01480,2025-03-04,MT03,35-44,Cosmetics,35-44 | Cosmetics,Metro,Desktop
C01481,2025-03-04,TT01,25-34,Cosmetics,25-34 | Cosmetics,Other,Mobile
C01482,2025-03-04,TT01,18-24,Cosmetics,18-24 | Cosmetics,Other,Mobile
C01483,2025-03-04,TT01,18-24,Fashion,18-24 | Fashion,Metro,Mobile
C01484,2025-03-04,TT02,35-44,Cosmetics,35-44 | Cosmetics,Metro,Mobile
C01485,2025-03-04,TT02,25-34,Cosmetics,25-34 | Cosmetics,Other,Mobile
C01486,2025-03-04,EM01,45+,Fashion,45+ | Fashion,Other,Desktop
C01487,2025-03-04,OR01,25-34,Cosmetics,25-34 | Cosmetics,Other,Mobile
C01488,2025-03-04,OR02,18-24,Cosmetics,18-24 | Cosmetics,Other,Mobile
C01489,2025-03-04,OR02,25-34,Cosmetics,25-34 | Cosmetics,Other,Mobile
C01490,2025-03-04,OR02,18-24,Cosmetics,18-24 | Cosmetics,Other,Mobile
C01491,2025-03-05,GG01,25-34,Cosmetics,25-34 | Cosmetics,Other,Desktop
C01492,2025-03-05,GG01,25-34,Cosmetics,25-34 | Cosmetics,Other,Mobile
C01493,2025-03-05,GG02,18-24,Fashion,18-24 | Fashion,Metro,Mobile
C01494,2025-03-05,GG02,45+,Fashion,45+ | Fashion,Other,Mobile
C01495,2025-03-05,GG02,45+,Cosmetics,45+ | Cosmetics,Other,Desktop
C01496,2025-03-05,GG03,25-34,Fashion,25-34 | Fashion,Metro,Desktop
C01497,2025-03-05,GG03,18-24,Fashion,18-24 | Fashion,Other,Desktop
C01498,2025-03-05,MT01,25-34,Fashion,25-34 | Fashion,Other,Mobile
C01499,2025-03-05,MT01,35-44,Fashion,35-44 | Fashion,Metro,Mobile
C01500,2025-03-05,MT01,25-34,Cosmetics,25-34 | Cosmetics,Metro,Mobile
C01501,2025-03-05,MT02,45+,Fashion,45+ | Fashion,Metro,Mobile
C01502,2025-03-05,MT02,35-44,Cosmetics,35-44 | Cosmetics,Other,Mobile
C01503,2025-03-05,MT02,35-44,Fashion,35-44 | Fashion,Other,Mobile
C01504,2025-03-05,MT03,18-24,Cosmetics,18-24 | Cosmetics,Metro,Desktop
C01505,2025-03-05,TT01,25-34,Fashion,25-34 | Fashion,Other,Mobile
C01506,2025-03-05,TT01,35-44,Fashion,35-44 | Fashion,Metro,Mobile
C01507,2025-03-05,TT01,25-34,Fashion,25-34 | Fashion,Other,Mobile
C01508,2025-03-05,TT02,25-34,Cosmetics,25-34 | Cosmetics,Other,Mobile
C01509,2025-03-05,OR01,45+,Cosmetics,45+ | Cosmetics,Other,Mobile
C01510,2025-03-05,OR01,35-44,Fashion,35-44 | Fashion,Metro,Desktop
C01511,2025-03-05,OR01,45+,Fashion,45+ | Fashion,Metro,Desktop
C01512,2025-03-05,OR02,18-24,Cosmetics,18-24 | Cosmetics,Other,Mobile
C01513,2025-03-06,GG01,18-24,Fashion,18-24 | Fashion,Other,Desktop
C01514,2025-03-06,GG01,45+,Fashion,45+ | Fashion,Other,Mobile
C01515,2025-03-06,GG01,25-34,Fashion,25-34 | Fashion,Metro,Desktop
C01516,2025-03-06,GG01,25-34,Fashion,25-34 | Fashion,Metro,Desktop
C01517,2025-03-06,GG02,35-44,Fashion,35-44 | Fashion,Other,Desktop
C01518,2025-03-06,GG02,25-34,Fashion,25-34 | Fashion,Metro,Mobile
C01519,2025-03-06,GG02,35-44,Fashion,35-44 | Fashion,Metro,Mobile
C01520,2025-03-06,GG03,35-44,Fashion,35-44 | Fashion,Metro,Mobile
C01521,2025-03-06,GG03,25-34,Fashion,25-34 | Fashion,Other,Desktop
C01522,2025-03-06,MT01,25-34,Cosmetics,25-34 | Cosmetics,Metro,Mobile
C01523,2025-03-06,MT01,35-44,Fashion,35-44 | Fashion,Metro,Desktop
C01524,2025-03-06,MT01,18-24,Cosmetics,18-24 | Cosmetics,Metro,Mobile
C01525,2025-03-06,MT01,35-44,Cosmetics,35-44 | Cosmetics,Other,Mobile
C01526,2025-03-06,MT03,18-24,Fashion,18-24 | Fashion,Metro,Mobile
C01527,2025-03-06,MT03,35-44,Fashion,35-44 | Fashion,Other,Mobile
C01528,2025-03-06,TT01,18-24,Fashion,18-24 | Fashion,Metro,Mobile
C01529,2025-03-06,TT01,18-24,Cosmetics,18-24 | Cosmetics,Metro,Mobile
C01530,2025-03-06,TT01,18-24,Cosmetics,18-24 | Cosmetics,Other,Mobile
C01531,2025-03-06,EM02,45+,Cosmetics,45+ | Cosmetics,Other,Desktop
C01532,2025-03-06,OR01,45+,Cosmetics,45+ | Cosmetics,Metro,Mobile
C01533,2025-03-06,OR02,18-24,Cosmetics,18-24 | Cosmetics,Metro,Mobile
C01534,2025-03-07,GG02,25-34,Fashion,25-34 | Fashion,Metro,Mobile
C01535,2025-03-07,GG02,45+,Cosmetics,45+ | Cosmetics,Other,Mobile
C01536,2025-03-07,GG02,45+,Fashion,45+ | Fashion,Metro,Desktop
C01537,2025-03-07,GG03,45+,Cosmetics,45+ | Cosmetics,Metro,Mobile
C01538,2025-03-07,GG03,25-34,Cosmetics,25-34 | Cosmetics,Other,Desktop
C01539,2025-03-07,MT01,25-34,Cosmetics,25-34 | Cosmetics,Metro,Mobile
C01540,2025-03-07,MT02,35-44,Cosmetics,35-44 | Cosmetics,Metro,Mobile
C01541,2025-03-07,MT02,25-34,Cosmetics,25-34 | Cosmetics,Other,Mobile
C01542,2025-03-07,MT03,35-44,Cosmetics,35-44 | Cosmetics,Other,Mobile
C01543,2025-03-07,MT03,25-34,Fashion,25-34 | Fashion,Metro,Mobile
C01544,2025-03-07,TT02,18-24,Cosmetics,18-24 | Cosmetics,Other,Mobile
C01545,2025-03-07,TT02,18-24,Cosmetics,18-24 | Cosmetics,Metro,Mobile
C01546,2025-03-07,TT02,18-24,Cosmetics,18-24 | Cosmetics,Metro,Mobile
C01547,2025-03-07,EM01,45+,Fashion,45+ | Fashion,Other,Mobile
C01548,2025-03-07,EM01,25-34,Fashion,25-34 | Fashion,Metro,Desktop
C01549,2025-03-07,OR01,35-44,Fashion,35-44 | Fashion,Metro,Desktop
C01550,2025-03-07,OR01,35-44,Cosmetics,35-44 | Cosmetics,Metro,Mobile
C01551,2025-03-07,OR01,45+,Fashion,45+ | Fashion,Metro,Mobile
C01552,2025-03-08,GG01,25-34,Fashion,25-34 | Fashion,Metro,Desktop
C01553,2025-03-08,GG02,25-34,Cosmetics,25-34 | Cosmetics,Metro,Mobile
C01554,2025-03-08,GG02,25-34,Cosmetics,25-34 | Cosmetics,Metro,Mobile
C01555,2025-03-08,GG03,45+,Cosmetics,45+ | Cosmetics,Metro,Desktop
C01556,2025-03-08,GG03,18-24,Fashion,18-24 | Fashion,Other,Mobile
C01557,2025-03-08,GG03,35-44,Fashion,35-44 | Fashion,Other,Desktop
C01558,2025-03-08,MT01,25-34,Fashion,25-34 | Fashion,Metro,Mobile
C01559,2025-03-08,MT01,45+,Fashion,45+ | Fashion,Other,Mobile
C01560,2025-03-08,MT01,25-34,Cosmetics,25-34 | Cosmetics,Metro,Mobile
C01561,2025-03-08,MT01,45+,Fashion,45+ | Fashion,Metro,Mobile
C01562,2025-03-08,MT02,45+,Cosmetics,45+ | Cosmetics,Other,Mobile
C01563,2025-03-08,MT02,25-34,Cosmetics,25-34 | Cosmetics,Other,Mobile
C01564,2025-03-08,MT02,35-44,Cosmetics,35-44 | Cosmetics,Other,Mobile
C01565,2025-03-08,MT02,25-34,Fashion,25-34 | Fashion,Metro,Mobile
C01566,2025-03-08,MT02,18-24,Cosmetics,18-24 | Cosmetics,Other,Mobile
C01567,2025-03-08,MT02,25-34,Cosmetics,25-34 | Cosmetics,Other,Mobile
C01568,2025-03-08,MT02,25-34,Cosmetics,25-34 | Cosmetics,Other,Mobile
C01569,2025-03-08,TT01,18-24,Fashion,18-24 | Fashion,Metro,Mobile
C01570,2025-03-08,TT01,18-24,Cosmetics,18-24 | Cosmetics,Metro,Mobile
C01571,2025-03-08,TT01,18-24,Cosmetics,18-24 | Cosmetics,Other,Mobile
C01572,2025-03-08,TT01,18-24,Cosmetics,18-24 | Cosmetics,Metro,Mobile
C01573,2025-03-08,TT02,18-24,Cosmetics,18-24 | Cosmetics,Metro,Desktop
C01574,2025-03-08,EM02,45+,Cosmetics,45+ | Cosmetics,Metro,Desktop
C01575,2025-03-08,OR01,35-44,Cosmetics,35-44 | Cosmetics,Metro,Mobile
C01576,2025-03-08,OR01,45+,Cosmetics,45+ | Cosmetics,Metro,Desktop
C01577,2025-03-08,OR01,45+,Fashion,45+ | Fashion,Metro,Mobile
C01578,2025-03-08,OR02,18-24,Fashion,18-24 | Fashion,Metro,Mobile
C01579,2025-03-09,GG01,45+,Fashion,45+ | Fashion,Metro,Mobile
C01580,2025-03-09,GG02,25-34,Fashion,25-34 | Fashion,Other,Desktop
C01581,2025-03-09,GG02,18-24,Fashion,18-24 | Fashion,Other,Desktop
C01582,2025-03-09,GG02,25-34,Fashion,25-34 | Fashion,Other,Mobile
C01583,2025-03-09,GG02,18-24,Cosmetics,18-24 | Cosmetics,Metro,Mobile
C01584,2025-03-09,GG03,25-34,Fashion,25-34 | Fashion,Other,Mobile
C01585,2025-03-09,GG03,25-34,Cosmetics,25-34 | Cosmetics,Other,Desktop
C01586,2025-03-09,GG03,18-24,Fashion,18-24 | Fashion,Metro,Desktop
C01587,2025-03-09,MT01,45+,Cosmetics,45+ | Cosmetics,Other,Mobile
C01588,2025-03-09,MT01,25-34,Fashion,25-34 | Fashion,Other,Desktop
C01589,2025-03-09,MT02,25-34,Cosmetics,25-34 | Cosmetics,Other,Mobile
C01590,2025-03-09,MT02,45+,Fashion,45+ | Fashion,Other,Mobile
C01591,2025-03-09,MT02,18-24,Fashion,18-24 | Fashion,Metro,Mobile
C01592,2025-03-09,MT02,18-24,Cosmetics,18-24 | Cosmetics,Metro,Mobile
C01593,2025-03-09,MT03,18-24,Fashion,18-24 | Fashion,Other,Mobile
C01594,2025-03-09,MT03,18-24,Fashion,18-24 | Fashion,Metro,Mobile
C01595,2025-03-09,TT01,18-24,Cosmetics,18-24 | Cosmetics,Other,Desktop
C01596,2025-03-09,TT01,18-24,Cosmetics,18-24 | Cosmetics,Metro,Mobile
C01597,2025-03-09,TT01,25-34,Fashion,25-34 | Fashion,Metro,Mobile
C01598,2025-03-09,TT01,18-24,Fashion,18-24 | Fashion,Metro,Mobile
C01599,2025-03-09,TT02,45+,Cosmetics,45+ | Cosmetics,Metro,Mobile
C01600,2025-03-09,TT02,35-44,Cosmetics,35-44 | Cosmetics,Other,Mobile
C01601,2025-03-09,TT02,18-24,Cosmetics,18-24 | Cosmetics,Metro,Mobile
C01602,2025-03-09,TT02,45+,Cosmetics,45+ | Cosmetics,Metro,Mobile
C01603,2025-03-09,OR01,25-34,Fashion,25-34 | Fashion,Other,Mobile
C01604,2025-03-09,OR01,35-44,Fashion,35-44 | Fashion,Metro,Desktop
C01605,2025-03-09,OR01,35-44,Cosmetics,35-44 | Cosmetics,Metro,Mobile
C01606,2025-03-09,OR01,18-24,Fashion,18-24 | Fashion,Metro,Mobile
C01607,2025-03-10,GG01,18-24,Fashion,18-24 | Fashion,Metro,Mobile
C01608,2025-03-10,GG01,45+,Cosmetics,45+ | Cosmetics,Metro,Desktop
C01609,2025-03-10,GG01,35-44,Cosmetics,35-44 | Cosmetics,Other,Desktop
C01610,2025-03-10,GG02,18-24,Cosmetics,18-24 | Cosmetics,Other,Mobile
C01611,2025-03-10,GG03,35-44,Fashion,35-44 | Fashion,Metro,Desktop
C01612,2025-03-10,MT01,25-34,Fashion,25-34 | Fashion,Metro,Mobile
C01613,2025-03-10,MT01,35-44,Fashion,35-44 | Fashion,Other,Mobile
C01614,2025-03-10,MT01,18-24,Cosmetics,18-24 | Cosmetics,Other,Mobile
C01615,2025-03-10,MT01,35-44,Fashion,35-44 | Fashion,Other,Desktop
C01616,2025-03-10,MT01,18-24,Cosmetics,18-24 | Cosmetics,Other,Mobile
C01617,2025-03-10,MT02,25-34,Cosmetics,25-34 | Cosmetics,Metro,Mobile
C01618,2025-03-10,TT01,25-34,Cosmetics,25-34 | Cosmetics,Metro,Mobile
C01619,2025-03-10,TT02,25-34,Cosmetics,25-34 | Cosmetics,Metro,Mobile
C01620,2025-03-10,TT02,25-34,Cosmetics,25-34 | Cosmetics,Other,Mobile
C01621,2025-03-10,TT02,35-44,Cosmetics,35-44 | Cosmetics,Metro,Mobile
C01622,2025-03-10,TT02,18-24,Cosmetics,18-24 | Cosmetics,Metro,Mobile
C01623,2025-03-10,EM01,35-44,Cosmetics,35-44 | Cosmetics,Metro,Mobile
C01624,2025-03-10,EM02,35-44,Cosmetics,35-44 | Cosmetics,Metro,Mobile
C01625,2025-03-10,OR01,35-44,Fashion,35-44 | Fashion,Metro,Mobile
C01626,2025-03-10,OR01,18-24,Cosmetics,18-24 | Cosmetics,Metro,Desktop
C01627,2025-03-10,OR02,35-44,Cosmetics,35-44 | Cosmetics,Other,Mobile
C01628,2025-03-10,OR02,25-34,Fashion,25-34 | Fashion,Metro,Mobile
C01629,2025-03-10,OR02,35-44,Cosmetics,35-44 | Cosmetics,Metro,Desktop
C01630,2025-03-10,OR02,35-44,Fashion,35-44 | Fashion,Metro,Mobile
C01631,2025-03-11,GG01,45+,Fashion,45+ | Fashion,Other,Mobile
C01632,2025-03-11,GG01,45+,Fashion,45+ | Fashion,Metro,Desktop
C01633,2025-03-11,GG01,45+,Fashion,45+ | Fashion,Metro,Mobile
C01634,2025-03-11,GG02,25-34,Fashion,25-34 | Fashion,Metro,Mobile
C01635,2025-03-11,GG02,25-34,Fashion,25-34 | Fashion,Metro,Mobile
C01636,2025-03-11,GG02,35-44,Cosmetics,35-44 | Cosmetics,Metro,Mobile
C01637,2025-03-11,GG03,25-34,Fashion,25-34 | Fashion,Other,Mobile
C01638,2025-03-11,GG03,35-44,Cosmetics,35-44 | Cosmetics,Other,Desktop
C01639,2025-03-11,GG03,45+,Cosmetics,45+ | Cosmetics,Metro,Mobile
C01640,2025-03-11,GG03,25-34,Cosmetics,25-34 | Cosmetics,Other,Mobile
C01641,2025-03-11,GG03,18-24,Fashion,18-24 | Fashion,Other,Desktop
C01642,2025-03-11,GG03,18-24,Fashion,18-24 | Fashion,Other,Mobile
C01643,2025-03-11,MT03,25-34,Fashion,25-34 | Fashion,Metro,Desktop
C01644,2025-03-11,TT01,25-34,Cosmetics,25-34 | Cosmetics,Metro,Mobile
C01645,2025-03-11,TT01,25-34,Cosmetics,25-34 | Cosmetics,Metro,Mobile
C01646,2025-03-11,TT01,25-34,Cosmetics,25-34 | Cosmetics,Metro,Mobile
C01647,2025-03-11,TT02,18-24,Fashion,18-24 | Fashion,Other,Mobile
C01648,2025-03-11,TT02,35-44,Cosmetics,35-44 | Cosmetics,Other,Mobile
C01649,2025-03-11,EM01,25-34,Fashion,25-34 | Fashion,Other,Mobile
C01650,2025-03-11,EM01,45+,Cosmetics,45+ | Cosmetics,Metro,Mobile
C01651,2025-03-11,EM01,35-44,Cosmetics,35-44 | Cosmetics,Metro,Desktop
C01652,2025-03-11,OR01,25-34,Cosmetics,25-34 | Cosmetics,Metro,Mobile
C01653,2025-03-11,OR01,25-34,Fashion,25-34 | Fashion,Metro,Mobile
C01654,2025-03-11,OR01,25-34,Fashion,25-34 | Fashion,Metro,Mobile
C01655,2025-03-11,OR01,35-44,Fashion,35-44 | Fashion,Metro,Mobile
C01656,2025-03-12,GG01,45+,Fashion,45+ | Fashion,Other,Desktop
C01657,2025-03-12,GG01,25-34,Fashion,25-34 | Fashion,Metro,Desktop
C01658,2025-03-12,MT01,18-24,Fashion,18-24 | Fashion,Metro,Mobile
C01659,2025-03-12,MT01,25-34,Cosmetics,25-34 | Cosmetics,Metro,Mobile
C01660,2025-03-12,MT02,18-24,Cosmetics,18-24 | Cosmetics,Other,Mobile
C01661,2025-03-12,MT03,35-44,Cosmetics,35-44 | Cosmetics,Metro,Desktop
C01662,2025-03-12,MT03,25-34,Cosmetics,25-34 | Cosmetics,Other,Desktop
C01663,2025-03-12,TT01,25-34,Cosmetics,25-34 | Cosmetics,Metro,Mobile
C01664,2025-03-12,TT01,18-24,Fashion,18-24 | Fashion,Other,Mobile
C01665,2025-03-12,TT01,25-34,Fashion,25-34 | Fashion,Metro,Mobile
C01666,2025-03-12,EM01,25-34,Fashion,25-34 | Fashion,Other,Mobile
C01667,2025-03-13,GG01,45+,Fashion,45+ | Fashion,Metro,Mobile
C01668,2025-03-13,GG01,35-44,Cosmetics,35-44 | Cosmetics,Metro,Mobile
C01669,2025-03-13,GG02,18-24,Fashion,18-24 | Fashion,Metro,Mobile
C01670,2025-03-13,GG02,45+,Cosmetics,45+ | Cosmetics,Metro,Mobile
C01671,2025-03-13,GG02,25-34,Cosmetics,25-34 | Cosmetics,Other,Mobile
C01672,2025-03-13,GG02,18-24,Fashion,18-24 | Fashion,Metro,Desktop
C01673,2025-03-13,GG03,18-24,Cosmetics,18-24 | Cosmetics,Other,Mobile
C01674,2025-03-13,GG03,25-34,Fashion,25-34 | Fashion,Other,Mobile
C01675,2025-03-13,MT01,35-44,Fashion,35-44 | Fashion,Other,Mobile
C01676,2025-03-13,MT01,35-44,Fashion,35-44 | Fashion,Metro,Mobile
C01677,2025-03-13,MT01,25-34,Cosmetics,25-34 | Cosmetics,Metro,Mobile
C01678,2025-03-13,MT02,25-34,Fashion,25-34 | Fashion,Metro,Mobile
C01679,2025-03-13,MT02,35-44,Fashion,35-44 | Fashion,Other,Mobile
C01680,2025-03-13,MT02,45+,Cosmetics,45+ | Cosmetics,Metro,Mobile
C01681,2025-03-13,MT02,25-34,Fashion,25-34 | Fashion,Metro,Mobile
C01682,2025-03-13,MT03,18-24,Cosmetics,18-24 | Cosmetics,Metro,Mobile
C01683,2025-03-13,MT03,25-34,Cosmetics,25-34 | Cosmetics,Metro,Mobile
C01684,2025-03-13,MT03,45+,Cosmetics,45+ | Cosmetics,Metro,Mobile
C01685,2025-03-13,TT01,25-34,Cosmetics,25-34 | Cosmetics,Metro,Mobile
C01686,2025-03-13,TT01,18-24,Fashion,18-24 | Fashion,Metro,Mobile
C01687,2025-03-13,TT01,25-34,Fashion,25-34 | Fashion,Other,Mobile
C01688,2025-03-13,TT02,18-24,Cosmetics,18-24 | Cosmetics,Metro,Mobile
C01689,2025-03-13,TT02,25-34,Cosmetics,25-34 | Cosmetics,Metro,Mobile
C01690,2025-03-13,TT02,25-34,Cosmetics,25-34 | Cosmetics,Metro,Mobile
C01691,2025-03-13,TT02,35-44,Fashion,35-44 | Fashion,Other,Mobile
C01692,2025-03-13,TT02,18-24,Cosmetics,18-24 | Cosmetics,Metro,Mobile
C01693,2025-03-13,TT02,25-34,Fashion,25-34 | Fashion,Other,Mobile
C01694,2025-03-13,EM01,35-44,Cosmetics,35-44 | Cosmetics,Metro,Mobile
C01695,2025-03-13,EM01,18-24,Cosmetics,18-24 | Cosmetics,Metro,Mobile
C01696,2025-03-13,EM02,25-34,Cosmetics,25-34 | Cosmetics,Other,Mobile
C01697,2025-03-13,OR01,35-44,Fashion,35-44 | Fashion,Other,Mobile
C01698,2025-03-13,OR02,35-44,Fashion,35-44 | Fashion,Metro,Desktop
C01699,2025-03-13,OR02,25-34,Cosmetics,25-34 | Cosmetics,Other,Mobile
C01700,2025-03-13,OR02,18-24,Cosmetics,18-24 | Cosmetics,Metro,Mobile
C01701,2025-03-14,GG01,35-44,Fashion,35-44 | Fashion,Metro,Desktop
C01702,2025-03-14,GG01,45+,Cosmetics,45+ | Cosmetics,Metro,Desktop
C01703,2025-03-14,GG01,45+,Fashion,45+ | Fashion,Other,Desktop
C01704,2025-03-14,GG02,18-24,Fashion,18-24 | Fashion,Metro,Mobile
C01705,2025-03-14,GG02,35-44,Fashion,35-44 | Fashion,Other,Mobile
C01706,2025-03-14,GG02,25-34,Fashion,25-34 | Fashion,Other,Desktop
C01707,2025-03-14,GG02,35-44,Cosmetics,35-44 | Cosmetics,Metro,Mobile
C01708,2025-03-14,GG02,18-24,Cosmetics,18-24 | Cosmetics,Other,Mobile
C01709,2025-03-14,GG02,45+,Cosmetics,45+ | Cosmetics,Metro,Desktop
C01710,2025-03-14,GG03,35-44,Fashion,35-44 | Fashion,Metro,Desktop
C01711,2025-03-14,GG03,25-34,Fashion,25-34 | Fashion,Other,Desktop
C01712,2025-03-14,MT01,25-34,Cosmetics,25-34 | Cosmetics,Metro,Desktop
C01713,2025-03-14,MT01,25-34,Cosmetics,25-34 | Cosmetics,Metro,Mobile
C01714,2025-03-14,MT01,18-24,Cosmetics,18-24 | Cosmetics,Metro,Mobile
C01715,2025-03-14,MT02,25-34,Cosmetics,25-34 | Cosmetics,Metro,Mobile
C01716,2025-03-14,MT02,35-44,Cosmetics,35-44 | Cosmetics,Metro,Desktop
C01717,2025-03-14,TT01,18-24,Cosmetics,18-24 | Cosmetics,Metro,Mobile
C01718,2025-03-14,TT01,18-24,Cosmetics,18-24 | Cosmetics,Other,Mobile
C01719,2025-03-14,TT01,18-24,Cosmetics,18-24 | Cosmetics,Metro,Mobile
C01720,2025-03-14,TT01,25-34,Fashion,25-34 | Fashion,Other,Mobile
C01721,2025-03-14,EM01,25-34,Cosmetics,25-34 | Cosmetics,Metro,Mobile
C01722,2025-03-14,EM02,25-34,Cosmetics,25-34 | Cosmetics,Metro,Desktop
C01723,2025-03-14,OR01,25-34,Fashion,25-34 | Fashion,Other,Mobile
C01724,2025-03-14,OR01,18-24,Cosmetics,18-24 | Cosmetics,Other,Mobile
C01725,2025-03-14,OR01,25-34,Cosmetics,25-34 | Cosmetics,Metro,Mobile
C01726,2025-03-15,GG01,35-44,Fashion,35-44 | Fashion,Other,Mobile
C01727,2025-03-15,GG01,35-44,Fashion,35-44 | Fashion,Other,Desktop
C01728,2025-03-15,GG02,25-34,Fashion,25-34 | Fashion,Metro,Desktop
C01729,2025-03-15,GG02,25-34,Fashion,25-34 | Fashion,Other,Mobile
C01730,2025-03-15,GG03,18-24,Fashion,18-24 | Fashion,Metro,Mobile
C01731,2025-03-15,GG03,35-44,Cosmetics,35-44 | Cosmetics,Metro,Mobile
C01732,2025-03-15,MT02,25-34,Fashion,25-34 | Fashion,Other,Mobile
C01733,2025-03-15,MT02,35-44,Fashion,35-44 | Fashion,Metro,Mobile
C01734,2025-03-15,MT03,25-34,Cosmetics,25-34 | Cosmetics,Metro,Mobile
C01735,2025-03-15,MT03,18-24,Cosmetics,18-24 | Cosmetics,Metro,Desktop
C01736,2025-03-15,EM01,25-34,Fashion,25-34 | Fashion,Metro,Mobile
C01737,2025-03-15,EM01,25-34,Fashion,25-34 | Fashion,Metro,Mobile
C01738,2025-03-15,OR01,35-44,Cosmetics,35-44 | Cosmetics,Metro,Mobile
C01739,2025-03-15,OR01,35-44,Fashion,35-44 | Fashion,Other,Mobile
C01740,2025-03-15,OR02,18-24,Cosmetics,18-24 | Cosmetics,Metro,Mobile
C01741,2025-03-15,OR02,18-24,Fashion,18-24 | Fashion,Other,Mobile
C01742,2025-03-15,OR02,18-24,Cosmetics,18-24 | Cosmetics,Metro,Mobile
C01743,2025-03-16,GG01,35-44,Fashion,35-44 | Fashion,Metro,Mobile
C01744,2025-03-16,GG02,45+,Cosmetics,45+ | Cosmetics,Other,Desktop
C01745,2025-03-16,GG03,25-34,Fashion,25-34 | Fashion,Other,Desktop
C01746,2025-03-16,GG03,35-44,Cosmetics,35-44 | Cosmetics,Other,Mobile
C01747,2025-03-16,MT01,25-34,Fashion,25-34 | Fashion,Metro,Desktop
C01748,2025-03-16,MT01,25-34,Cosmetics,25-34 | Cosmetics,Other,Mobile
C01749,2025-03-16,MT01,25-34,Fashion,25-34 | Fashion,Metro,Mobile
C01750,2025-03-16,MT01,18-24,Cosmetics,18-24 | Cosmetics,Other,Mobile
C01751,2025-03-16,MT03,25-34,Cosmetics,25-34 | Cosmetics,Metro,Desktop
C01752,2025-03-16,TT01,18-24,Cosmetics,18-24 | Cosmetics,Metro,Mobile
C01753,2025-03-16,TT02,18-24,Fashion,18-24 | Fashion,Metro,Mobile
C01754,2025-03-16,TT02,25-34,Cosmetics,25-34 | Cosmetics,Other,Mobile
C01755,2025-03-16,TT02,18-24,Cosmetics,18-24 | Cosmetics,Other,Mobile
C01756,2025-03-16,TT02,25-34,Cosmetics,25-34 | Cosmetics,Other,Mobile
C01757,2025-03-16,TT02,25-34,Cosmetics,25-34 | Cosmetics,Metro,Mobile
C01758,2025-03-16,TT02,18-24,Fashion,18-24 | Fashion,Metro,Mobile
C01759,2025-03-16,EM01,18-24,Fashion,18-24 | Fashion,Metro,Mobile
C01760,2025-03-16,OR01,35-44,Fashion,35-44 | Fashion,Other,Mobile
C01761,2025-03-16,OR01,18-24,Fashion,18-24 | Fashion,Metro,Desktop
C01762,2025-03-16,OR01,25-34,Fashion,25-34 | Fashion,Other,Mobile
C01763,2025-03-16,OR02,18-24,Cosmetics,18-24 | Cosmetics,Other,Mobile
C01764,2025-03-17,GG01,25-34,Fashion,25-34 | Fashion,Other,Mobile
C01765,2025-03-17,GG01,25-34,Cosmetics,25-34 | Cosmetics,Other,Mobile
C01766,2025-03-17,GG01,25-34,Fashion,25-34 | Fashion,Metro,Desktop
C01767,2025-03-17,GG01,18-24,Fashion,18-24 | Fashion,Other,Desktop
C01768,2025-03-17,GG01,18-24,Fashion,18-24 | Fashion,Metro,Desktop
C01769,2025-03-17,GG01,45+,Fashion,45+ | Fashion,Metro,Desktop
C01770,2025-03-17,GG03,45+,Cosmetics,45+ | Cosmetics,Metro,Desktop
C01771,2025-03-17,GG03,25-34,Fashion,25-34 | Fashion,Other,Desktop
C01772,2025-03-17,MT01,18-24,Cosmetics,18-24 | Cosmetics,Metro,Mobile
C01773,2025-03-17,MT02,25-34,Cosmetics,25-34 | Cosmetics,Metro,Mobile
C01774,2025-03-17,TT01,18-24,Fashion,18-24 | Fashion,Other,Mobile
C01775,2025-03-17,TT01,18-24,Fashion,18-24 | Fashion,Metro,Desktop
C01776,2025-03-17,TT02,18-24,Cosmetics,18-24 | Cosmetics,Metro,Mobile
C01777,2025-03-17,TT02,18-24,Cosmetics,18-24 | Cosmetics,Metro,Mobile
C01778,2025-03-17,TT02,25-34,Cosmetics,25-34 | Cosmetics,Metro,Mobile
C01779,2025-03-17,EM01,45+,Fashion,45+ | Fashion,Other,Mobile
C01780,2025-03-17,EM01,35-44,Fashion,35-44 | Fashion,Other,Mobile
C01781,2025-03-17,EM01,45+,Cosmetics,45+ | Cosmetics,Metro,Mobile
C01782,2025-03-17,EM02,25-34,Fashion,25-34 | Fashion,Other,Mobile
C01783,2025-03-17,OR01,45+,Cosmetics,45+ | Cosmetics,Metro,Mobile
C01784,2025-03-17,OR01,45+,Cosmetics,45+ | Cosmetics,Metro,Mobile
C01785,2025-03-17,OR01,35-44,Cosmetics,35-44 | Cosmetics,Other,Mobile
C01786,2025-03-17,OR02,25-34,Cosmetics,25-34 | Cosmetics,Metro,Mobile
C01787,2025-03-17,OR02,25-34,Cosmetics,25-34 | Cosmetics,Metro,Mobile
C01788,2025-03-18,GG01,25-34,Fashion,25-34 | Fashion,Metro,Mobile
C01789,2025-03-18,GG02,25-34,Fashion,25-34 | Fashion,Metro,Desktop
C01790,2025-03-18,GG02,25-34,Fashion,25-34 | Fashion,Metro,Mobile
C01791,2025-03-18,GG02,45+,Fashion,45+ | Fashion,Metro,Mobile
C01792,2025-03-18,GG03,35-44,Fashion,35-44 | Fashion,Metro,Desktop
C01793,2025-03-18,MT01,35-44,Cosmetics,35-44 | Cosmetics,Metro,Mobile
C01794,2025-03-18,MT01,18-24,Cosmetics,18-24 | Cosmetics,Other,Mobile
C01795,2025-03-18,MT01,45+,Cosmetics,45+ | Cosmetics,Metro,Mobile
C01796,2025-03-18,MT02,35-44,Cosmetics,35-44 | Cosmetics,Metro,Mobile
C01797,2025-03-18,TT01,25-34,Cosmetics,25-34 | Cosmetics,Other,Mobile
C01798,2025-03-18,TT01,35-44,Cosmetics,35-44 | Cosmetics,Metro,Mobile
C01799,2025-03-18,TT01,18-24,Cosmetics,18-24 | Cosmetics,Other,Mobile
C01800,2025-03-18,TT02,25-34,Fashion,25-34 | Fashion,Metro,Mobile
C01801,2025-03-18,TT02,25-34,Cosmetics,25-34 | Cosmetics,Other,Mobile
C01802,2025-03-18,EM01,18-24,Fashion,18-24 | Fashion,Other,Mobile
C01803,2025-03-18,EM01,45+,Fashion,45+ | Fashion,Metro,Mobile
C01804,2025-03-18,EM02,35-44,Fashion,35-44 | Fashion,Metro,Desktop
C01805,2025-03-18,OR01,25-34,Cosmetics,25-34 | Cosmetics,Other,Desktop
C01806,2025-03-18,OR01,18-24,Fashion,18-24 | Fashion,Other,Desktop
C01807,2025-03-18,OR02,25-34,Cosmetics,25-34 | Cosmetics,Metro,Mobile
C01808,2025-03-19,GG01,45+,Fashion,45+ | Fashion,Metro,Mobile
C01809,2025-03-19,GG01,35-44,Cosmetics,35-44 | Cosmetics,Metro,Mobile
C01810,2025-03-19,GG02,25-34,Fashion,25-34 | Fashion,Metro,Mobile
C01811,2025-03-19,GG02,18-24,Cosmetics,18-24 | Cosmetics,Other,Desktop
C01812,2025-03-19,GG02,25-34,Fashion,25-34 | Fashion,Metro,Mobile
C01813,2025-03-19,GG03,45+,Fashion,45+ | Fashion,Metro,Mobile
C01814,2025-03-19,GG03,35-44,Fashion,35-44 | Fashion,Other,Desktop
C01815,2025-03-19,MT01,25-34,Cosmetics,25-34 | Cosmetics,Metro,Mobile
C01816,2025-03-19,MT01,18-24,Fashion,18-24 | Fashion,Other,Mobile
C01817,2025-03-19,MT01,35-44,Cosmetics,35-44 | Cosmetics,Metro,Mobile
C01818,2025-03-19,MT02,18-24,Fashion,18-24 | Fashion,Metro,Mobile
C01819,2025-03-19,TT01,18-24,Fashion,18-24 | Fashion,Metro,Mobile
C01820,2025-03-19,TT01,25-34,Cosmetics,25-34 | Cosmetics,Other,Mobile
C01821,2025-03-19,TT01,18-24,Fashion,18-24 | Fashion,Other,Mobile
C01822,2025-03-19,TT02,18-24,Fashion,18-24 | Fashion,Other,Mobile
C01823,2025-03-19,TT02,18-24,Cosmetics,18-24 | Cosmetics,Other,Mobile
C01824,2025-03-19,EM01,35-44,Cosmetics,35-44 | Cosmetics,Metro,Mobile
C01825,2025-03-19,EM01,35-44,Cosmetics,35-44 | Cosmetics,Other,Mobile
C01826,2025-03-19,EM02,25-34,Fashion,25-34 | Fashion,Metro,Mobile
C01827,2025-03-19,EM02,25-34,Fashion,25-34 | Fashion,Metro,Mobile
C01828,2025-03-19,OR01,25-34,Fashion,25-34 | Fashion,Other,Mobile
C01829,2025-03-19,OR01,25-34,Cosmetics,25-34 | Cosmetics,Metro,Mobile
C01830,2025-03-19,OR01,35-44,Cosmetics,35-44 | Cosmetics,Metro,Mobile
C01831,2025-03-20,GG01,18-24,Fashion,18-24 | Fashion,Metro,Mobile
C01832,2025-03-20,GG01,25-34,Fashion,25-34 | Fashion,Metro,Mobile
C01833,2025-03-20,GG01,25-34,Cosmetics,25-34 | Cosmetics,Other,Desktop
C01834,2025-03-20,GG01,45+,Cosmetics,45+ | Cosmetics,Metro,Desktop
C01835,2025-03-20,GG02,18-24,Cosmetics,18-24 | Cosmetics,Other,Mobile
C01836,2025-03-20,GG02,45+,Fashion,45+ | Fashion,Metro,Desktop
C01837,2025-03-20,GG02,35-44,Fashion,35-44 | Fashion,Other,Desktop
C01838,2025-03-20,GG02,35-44,Fashion,35-44 | Fashion,Metro,Mobile
C01839,2025-03-20,GG03,35-44,Fashion,35-44 | Fashion,Other,Desktop
C01840,2025-03-20,GG03,35-44,Cosmetics,35-44 | Cosmetics,Metro,Mobile
C01841,2025-03-20,GG03,35-44,Fashion,35-44 | Fashion,Metro,Desktop
C01842,2025-03-20,MT01,25-34,Cosmetics,25-34 | Cosmetics,Metro,Mobile
C01843,2025-03-20,MT01,35-44,Fashion,35-44 | Fashion,Other,Mobile
C01844,2025-03-20,MT01,25-34,Cosmetics,25-34 | Cosmetics,Metro,Mobile
C01845,2025-03-20,MT02,45+,Cosmetics,45+ | Cosmetics,Metro,Mobile
C01846,2025-03-20,MT02,45+,Fashion,45+ | Fashion,Metro,Mobile
C01847,2025-03-20,MT02,18-24,Fashion,18-24 | Fashion,Other,Mobile
C01848,2025-03-20,MT02,25-34,Cosmetics,25-34 | Cosmetics,Other,Mobile
C01849,2025-03-20,MT02,25-34,Fashion,25-34 | Fashion,Other,Desktop
C01850,2025-03-20,TT01,18-24,Cosmetics,18-24 | Cosmetics,Metro,Mobile
C01851,2025-03-20,TT01,25-34,Cosmetics,25-34 | Cosmetics,Other,Mobile
C01852,2025-03-20,TT01,25-34,Cosmetics,25-34 | Cosmetics,Other,Mobile
C01853,2025-03-20,TT01,18-24,Cosmetics,18-24 | Cosmetics,Other,Mobile
C01854,2025-03-20,TT01,18-24,Cosmetics,18-24 | Cosmetics,Metro,Mobile
C01855,2025-03-20,TT02,18-24,Cosmetics,18-24 | Cosmetics,Metro,Mobile
C01856,2025-03-20,TT02,18-24,Cosmetics,18-24 | Cosmetics,Other,Mobile
C01857,2025-03-20,EM01,45+,Fashion,45+ | Fashion,Other,Desktop
C01858,2025-03-20,OR01,18-24,Cosmetics,18-24 | Cosmetics,Metro,Mobile
C01859,2025-03-20,OR01,45+,Fashion,45+ | Fashion,Metro,Mobile
C01860,2025-03-20,OR01,35-44,Fashion,35-44 | Fashion,Other,Mobile
C01861,2025-03-21,GG01,25-34,Fashion,25-34 | Fashion,Metro,Desktop
C01862,2025-03-21,GG01,35-44,Fashion,35-44 | Fashion,Metro,Mobile
C01863,2025-03-21,GG01,45+,Fashion,45+ | Fashion,Other,Mobile
C01864,2025-03-21,GG01,45+,Fashion,45+ | Fashion,Metro,Mobile
C01865,2025-03-21,GG02,25-34,Cosmetics,25-34 | Cosmetics,Metro,Mobile
C01866,2025-03-21,GG02,35-44,Fashion,35-44 | Fashion,Metro,Mobile
C01867,2025-03-21,GG02,35-44,Fashion,35-44 | Fashion,Metro,Desktop
C01868,2025-03-21,GG02,18-24,Fashion,18-24 | Fashion,Other,Mobile
C01869,2025-03-21,GG03,35-44,Fashion,35-44 | Fashion,Other,Mobile
C01870,2025-03-21,GG03,35-44,Cosmetics,35-44 | Cosmetics,Metro,Desktop
C01871,2025-03-21,GG03,35-44,Cosmetics,35-44 | Cosmetics,Other,Desktop
C01872,2025-03-21,GG03,35-44,Fashion,35-44 | Fashion,Metro,Mobile
C01873,2025-03-21,GG03,25-34,Fashion,25-34 | Fashion,Other,Mobile
C01874,2025-03-21,GG03,45+,Fashion,45+ | Fashion,Metro,Mobile
C01875,2025-03-21,MT02,25-34,Fashion,25-34 | Fashion,Metro,Desktop
C01876,2025-03-21,MT02,45+,Fashion,45+ | Fashion,Metro,Mobile
C01877,2025-03-21,TT01,18-24,Cosmetics,18-24 | Cosmetics,Metro,Mobile
C01878,2025-03-21,TT02,25-34,Fashion,25-34 | Fashion,Other,Mobile
C01879,2025-03-21,TT02,18-24,Cosmetics,18-24 | Cosmetics,Other,Mobile
C01880,2025-03-21,EM01,35-44,Cosmetics,35-44 | Cosmetics,Other,Desktop
C01881,2025-03-21,OR01,45+,Fashion,45+ | Fashion,Metro,Desktop
C01882,2025-03-21,OR01,45+,Fashion,45+ | Fashion,Metro,Mobile
C01883,2025-03-21,OR01,25-34,Fashion,25-34 | Fashion,Other,Mobile
C01884,2025-03-21,OR01,35-44,Fashion,35-44 | Fashion,Metro,Mobile
C01885,2025-03-21,OR01,45+,Fashion,45+ | Fashion,Metro,Mobile
C01886,2025-03-21,OR01,25-34,Fashion,25-34 | Fashion,Other,Mobile
C01887,2025-03-22,GG01,25-34,Fashion,25-34 | Fashion,Other,Mobile
C01888,2025-03-22,GG01,18-24,Cosmetics,18-24 | Cosmetics,Metro,Mobile
C01889,2025-03-22,GG01,25-34,Fashion,25-34 | Fashion,Metro,Mobile
C01890,2025-03-22,GG02,45+,Cosmetics,45+ | Cosmetics,Other,Desktop
C01891,2025-03-22,GG03,25-34,Fashion,25-34 | Fashion,Metro,Mobile
C01892,2025-03-22,GG03,25-34,Fashion,25-34 | Fashion,Metro,Desktop
C01893,2025-03-22,GG03,25-34,Fashion,25-34 | Fashion,Other,Mobile
C01894,2025-03-22,GG03,25-34,Fashion,25-34 | Fashion,Other,Desktop
C01895,2025-03-22,MT01,25-34,Fashion,25-34 | Fashion,Other,Mobile
C01896,2025-03-22,MT01,35-44,Cosmetics,35-44 | Cosmetics,Metro,Mobile
C01897,2025-03-22,MT01,25-34,Cosmetics,25-34 | Cosmetics,Metro,Mobile
C01898,2025-03-22,MT01,25-34,Fashion,25-34 | Fashion,Metro,Mobile
C01899,2025-03-22,MT02,18-24,Fashion,18-24 | Fashion,Metro,Desktop
C01900,2025-03-22,MT03,45+,Fashion,45+ | Fashion,Other,Desktop
C01901,2025-03-22,MT03,18-24,Fashion,18-24 | Fashion,Other,Mobile
C01902,2025-03-22,TT01,35-44,Fashion,35-44 | Fashion,Other,Mobile
C01903,2025-03-22,TT01,25-34,Cosmetics,25-34 | Cosmetics,Metro,Mobile
C01904,2025-03-22,TT01,18-24,Cosmetics,18-24 | Cosmetics,Other,Mobile
C01905,2025-03-22,TT02,18-24,Cosmetics,18-24 | Cosmetics,Metro,Mobile
C01906,2025-03-22,EM01,35-44,Fashion,35-44 | Fashion,Metro,Mobile
C01907,2025-03-22,EM02,25-34,Fashion,25-34 | Fashion,Other,Mobile
C01908,2025-03-22,OR01,18-24,Fashion,18-24 | Fashion,Metro,Mobile
C01909,2025-03-22,OR01,25-34,Cosmetics,25-34 | Cosmetics,Other,Mobile
C01910,2025-03-22,OR01,25-34,Fashion,25-34 | Fashion,Metro,Mobile
C01911,2025-03-22,OR01,35-44,Cosmetics,35-44 | Cosmetics,Metro,Desktop
C01912,2025-03-22,OR01,25-34,Fashion,25-34 | Fashion,Metro,Mobile
C01913,2025-03-22,OR02,25-34,Cosmetics,25-34 | Cosmetics,Other,Mobile
C01914,2025-03-23,GG02,35-44,Cosmetics,35-44 | Cosmetics,Other,Mobile
C01915,2025-03-23,GG03,35-44,Fashion,35-44 | Fashion,Metro,Mobile
C01916,2025-03-23,GG03,25-34,Fashion,25-34 | Fashion,Metro,Desktop
C01917,2025-03-23,MT02,25-34,Cosmetics,25-34 | Cosmetics,Other,Mobile
C01918,2025-03-23,MT03,18-24,Cosmetics,18-24 | Cosmetics,Metro,Mobile
C01919,2025-03-23,TT01,45+,Cosmetics,45+ | Cosmetics,Metro,Mobile
C01920,2025-03-23,TT01,18-24,Cosmetics,18-24 | Cosmetics,Other,Mobile
C01921,2025-03-23,TT01,25-34,Cosmetics,25-34 | Cosmetics,Other,Mobile
C01922,2025-03-23,TT01,25-34,Cosmetics,25-34 | Cosmetics,Metro,Mobile
C01923,2025-03-23,TT02,25-34,Cosmetics,25-34 | Cosmetics,Other,Desktop
C01924,2025-03-23,TT02,18-24,Fashion,18-24 | Fashion,Metro,Mobile
C01925,2025-03-23,TT02,25-34,Cosmetics,25-34 | Cosmetics,Metro,Mobile
C01926,2025-03-23,TT02,18-24,Cosmetics,18-24 | Cosmetics,Metro,Mobile
C01927,2025-03-23,EM01,45+,Cosmetics,45+ | Cosmetics,Other,Mobile
C01928,2025-03-23,EM01,25-34,Fashion,25-34 | Fashion,Metro,Mobile
C01929,2025-03-23,EM01,18-24,Cosmetics,18-24 | Cosmetics,Metro,Mobile
C01930,2025-03-23,OR01,25-34,Cosmetics,25-34 | Cosmetics,Metro,Mobile
C01931,2025-03-23,OR01,35-44,Fashion,35-44 | Fashion,Metro,Mobile
C01932,2025-03-23,OR01,45+,Cosmetics,45+ | Cosmetics,Other,Mobile
C01933,2025-03-23,OR01,25-34,Cosmetics,25-34 | Cosmetics,Metro,Desktop
C01934,2025-03-23,OR02,18-24,Cosmetics,18-24 | Cosmetics,Other,Mobile
C01935,2025-03-23,OR02,18-24,Cosmetics,18-24 | Cosmetics,Metro,Mobile
C01936,2025-03-24,GG01,18-24,Cosmetics,18-24 | Cosmetics,Metro,Mobile
C01937,2025-03-24,GG02,45+,Fashion,45+ | Fashion,Metro,Mobile
C01938,2025-03-24,GG02,25-34,Cosmetics,25-34 | Cosmetics,Other,Mobile
C01939,2025-03-24,GG02,25-34,Fashion,25-34 | Fashion,Other,Mobile
C01940,2025-03-24,GG02,35-44,Fashion,35-44 | Fashion,Other,Mobile
C01941,2025-03-24,MT02,18-24,Cosmetics,18-24 | Cosmetics,Metro,Mobile
C01942,2025-03-24,MT03,25-34,Cosmetics,25-34 | Cosmetics,Other,Mobile
C01943,2025-03-24,TT01,25-34,Cosmetics,25-34 | Cosmetics,Other,Mobile
C01944,2025-03-24,TT01,25-34,Cosmetics,25-34 | Cosmetics,Other,Mobile
C01945,2025-03-24,TT02,18-24,Cosmetics,18-24 | Cosmetics,Metro,Mobile
C01946,2025-03-24,EM01,45+,Cosmetics,45+ | Cosmetics,Metro,Mobile
C01947,2025-03-24,OR01,35-44,Fashion,35-44 | Fashion,Metro,Desktop
C01948,2025-03-24,OR01,45+,Cosmetics,45+ | Cosmetics,Metro,Mobile
C01949,2025-03-24,OR02,25-34,Cosmetics,25-34 | Cosmetics,Other,Mobile
C01950,2025-03-25,GG01,25-34,Fashion,25-34 | Fashion,Metro,Desktop
C01951,2025-03-25,GG01,35-44,Cosmetics,35-44 | Cosmetics,Other,Mobile
C01952,2025-03-25,GG02,45+,Fashion,45+ | Fashion,Other,Desktop
C01953,2025-03-25,GG03,35-44,Fashion,35-44 | Fashion,Metro,Desktop
C01954,2025-03-25,GG03,35-44,Fashion,35-44 | Fashion,Other,Desktop
C01955,2025-03-25,GG03,25-34,Fashion,25-34 | Fashion,Metro,Desktop
C01956,2025-03-25,MT01,25-34,Fashion,25-34 | Fashion,Other,Mobile
C01957,2025-03-25,MT01,25-34,Cosmetics,25-34 | Cosmetics,Metro,Desktop
C01958,2025-03-25,MT02,25-34,Fashion,25-34 | Fashion,Metro,Mobile
C01959,2025-03-25,MT02,35-44,Fashion,35-44 | Fashion,Metro,Mobile
C01960,2025-03-25,MT02,35-44,Cosmetics,35-44 | Cosmetics,Metro,Mobile
C01961,2025-03-25,MT03,25-34,Fashion,25-34 | Fashion,Other,Mobile
C01962,2025-03-25,TT01,18-24,Fashion,18-24 | Fashion,Metro,Mobile
C01963,2025-03-25,TT01,18-24,Cosmetics,18-24 | Cosmetics,Metro,Mobile
C01964,2025-03-25,TT01,18-24,Cosmetics,18-24 | Cosmetics,Metro,Mobile
C01965,2025-03-25,TT01,25-34,Cosmetics,25-34 | Cosmetics,Metro,Mobile
C01966,2025-03-25,TT02,18-24,Cosmetics,18-24 | Cosmetics,Other,Mobile
C01967,2025-03-25,TT02,18-24,Fashion,18-24 | Fashion,Other,Mobile
C01968,2025-03-25,TT02,25-34,Cosmetics,25-34 | Cosmetics,Other,Mobile
C01969,2025-03-25,TT02,25-34,Fashion,25-34 | Fashion,Other,Mobile
C01970,2025-03-25,EM02,35-44,Fashion,35-44 | Fashion,Other,Desktop
C01971,2025-03-25,OR01,25-34,Fashion,25-34 | Fashion,Other,Mobile
C01972,2025-03-25,OR01,35-44,Fashion,35-44 | Fashion,Metro,Mobile
C01973,2025-03-25,OR01,18-24,Fashion,18-24 | Fashion,Metro,Mobile
C01974,2025-03-25,OR01,35-44,Cosmetics,35-44 | Cosmetics,Other,Desktop
C01975,2025-03-25,OR01,45+,Cosmetics,45+ | Cosmetics,Other,Mobile
C01976,2025-03-25,OR02,35-44,Cosmetics,35-44 | Cosmetics,Metro,Mobile
C01977,2025-03-25,OR02,35-44,Fashion,35-44 | Fashion,Metro,Mobile
C01978,2025-03-26,GG01,45+,Cosmetics,45+ | Cosmetics,Other,Mobile
C01979,2025-03-26,GG01,35-44,Fashion,35-44 | Fashion,Metro,Mobile
C01980,2025-03-26,GG02,25-34,Cosmetics,25-34 | Cosmetics,Other,Mobile
C01981,2025-03-26,GG03,25-34,Fashion,25-34 | Fashion,Other,Desktop
C01982,2025-03-26,GG03,35-44,Cosmetics,35-44 | Cosmetics,Metro,Desktop
C01983,2025-03-26,MT01,18-24,Fashion,18-24 | Fashion,Other,Mobile
C01984,2025-03-26,MT01,35-44,Cosmetics,35-44 | Cosmetics,Other,Mobile
C01985,2025-03-26,MT01,25-34,Fashion,25-34 | Fashion,Other,Mobile
C01986,2025-03-26,MT01,45+,Fashion,45+ | Fashion,Metro,Mobile
C01987,2025-03-26,MT01,25-34,Fashion,25-34 | Fashion,Other,Mobile
C01988,2025-03-26,MT02,35-44,Cosmetics,35-44 | Cosmetics,Metro,Mobile
C01989,2025-03-26,MT02,18-24,Fashion,18-24 | Fashion,Other,Mobile
C01990,2025-03-26,MT02,35-44,Fashion,35-44 | Fashion,Other,Desktop
C01991,2025-03-26,MT03,45+,Fashion,45+ | Fashion,Other,Mobile
C01992,2025-03-26,TT01,18-24,Fashion,18-24 | Fashion,Metro,Mobile
C01993,2025-03-26,TT02,18-24,Cosmetics,18-24 | Cosmetics,Other,Mobile
C01994,2025-03-26,TT02,25-34,Fashion,25-34 | Fashion,Other,Mobile
C01995,2025-03-26,TT02,18-24,Cosmetics,18-24 | Cosmetics,Other,Mobile
C01996,2025-03-26,OR01,18-24,Cosmetics,18-24 | Cosmetics,Metro,Desktop
C01997,2025-03-26,OR01,45+,Fashion,45+ | Fashion,Metro,Mobile
C01998,2025-03-26,OR01,18-24,Fashion,18-24 | Fashion,Other,Mobile
C01999,2025-03-26,OR01,45+,Fashion,45+ | Fashion,Metro,Mobile
C02000,2025-03-26,OR02,45+,Cosmetics,45+ | Cosmetics,Metro,Mobile
C02001,2025-03-27,GG01,35-44,Fashion,35-44 | Fashion,Other,Mobile
C02002,2025-03-27,GG02,18-24,Fashion,18-24 | Fashion,Metro,Desktop
C02003,2025-03-27,GG02,45+,Fashion,45+ | Fashion,Other,Mobile
C02004,2025-03-27,GG02,25-34,Fashion,25-34 | Fashion,Metro,Desktop
C02005,2025-03-27,GG02,25-34,Fashion,25-34 | Fashion,Metro,Mobile
C02006,2025-03-27,GG02,35-44,Cosmetics,35-44 | Cosmetics,Other,Desktop
C02007,2025-03-27,GG03,35-44,Fashion,35-44 | Fashion,Other,Desktop
C02008,2025-03-27,GG03,25-34,Fashion,25-34 | Fashion,Other,Mobile
C02009,2025-03-27,MT01,25-34,Cosmetics,25-34 | Cosmetics,Other,Mobile
C02010,2025-03-27,MT01,25-34,Cosmetics,25-34 | Cosmetics,Metro,Mobile
C02011,2025-03-27,MT01,35-44,Cosmetics,35-44 | Cosmetics,Other,Mobile
C02012,2025-03-27,MT02,25-34,Cosmetics,25-34 | Cosmetics,Metro,Mobile
C02013,2025-03-27,MT02,25-34,Fashion,25-34 | Fashion,Metro,Mobile
C02014,2025-03-27,MT02,25-34,Cosmetics,25-34 | Cosmetics,Metro,Mobile
C02015,2025-03-27,MT03,35-44,Cosmetics,35-44 | Cosmetics,Metro,Mobile
C02016,2025-03-27,TT01,18-24,Cosmetics,18-24 | Cosmetics,Metro,Mobile
C02017,2025-03-27,TT01,18-24,Cosmetics,18-24 | Cosmetics,Metro,Mobile
C02018,2025-03-27,TT01,18-24,Fashion,18-24 | Fashion,Metro,Mobile
C02019,2025-03-27,TT02,25-34,Cosmetics,25-34 | Cosmetics,Metro,Mobile
C02020,2025-03-27,EM01,45+,Cosmetics,45+ | Cosmetics,Other,Desktop
C02021,2025-03-27,EM02,25-34,Fashion,25-34 | Fashion,Metro,Mobile
C02022,2025-03-27,OR01,35-44,Cosmetics,35-44 | Cosmetics,Other,Desktop
C02023,2025-03-27,OR01,25-34,Fashion,25-34 | Fashion,Metro,Mobile
C02024,2025-03-27,OR01,45+,Fashion,45+ | Fashion,Metro,Desktop
C02025,2025-03-27,OR01,35-44,Cosmetics,35-44 | Cosmetics,Metro,Mobile
C02026,2025-03-28,GG02,18-24,Cosmetics,18-24 | Cosmetics,Metro,Mobile
C02027,2025-03-28,GG02,18-24,Fashion,18-24 | Fashion,Metro,Desktop
C02028,2025-03-28,GG02,18-24,Fashion,18-24 | Fashion,Metro,Desktop
C02029,2025-03-28,GG02,45+,Fashion,45+ | Fashion,Metro,Desktop
C02030,2025-03-28,GG02,25-34,Fashion,25-34 | Fashion,Other,Desktop
C02031,2025-03-28,GG02,35-44,Fashion,35-44 | Fashion,Other,Mobile
C02032,2025-03-28,GG03,25-34,Fashion,25-34 | Fashion,Metro,Mobile
C02033,2025-03-28,GG03,25-34,Cosmetics,25-34 | Cosmetics,Metro,Mobile
C02034,2025-03-28,MT01,35-44,Cosmetics,35-44 | Cosmetics,Metro,Desktop
C02035,2025-03-28,MT01,25-34,Cosmetics,25-34 | Cosmetics,Other,Mobile
C02036,2025-03-28,MT02,45+,Cosmetics,45+ | Cosmetics,Metro,Desktop
C02037,2025-03-28,MT03,18-24,Fashion,18-24 | Fashion,Other,Mobile
C02038,2025-03-28,TT01,18-24,Fashion,18-24 | Fashion,Metro,Mobile
C02039,2025-03-28,TT01,18-24,Cosmetics,18-24 | Cosmetics,Metro,Mobile
C02040,2025-03-28,TT02,18-24,Cosmetics,18-24 | Cosmetics,Metro,Mobile
C02041,2025-03-28,TT02,25-34,Cosmetics,25-34 | Cosmetics,Metro,Mobile
C02042,2025-03-28,TT02,25-34,Fashion,25-34 | Fashion,Other,Mobile
C02043,2025-03-28,OR01,18-24,Fashion,18-24 | Fashion,Metro,Mobile
C02044,2025-03-28,OR01,35-44,Fashion,35-44 | Fashion,Metro,Mobile
C02045,2025-03-28,OR01,25-34,Fashion,25-34 | Fashion,Other,Mobile
C02046,2025-03-28,OR01,45+,Fashion,45+ | Fashion,Other,Desktop
C02047,2025-03-28,OR01,25-34,Fashion,25-34 | Fashion,Metro,Mobile
C02048,2025-03-28,OR02,25-34,Fashion,25-34 | Fashion,Other,Mobile
C02049,2025-03-28,OR02,35-44,Fashion,35-44 | Fashion,Metro,Mobile
C02050,2025-03-29,GG02,45+,Cosmetics,45+ | Cosmetics,Metro,Desktop
C02051,2025-03-29,GG02,35-44,Fashion,35-44 | Fashion,Other,Mobile
C02052,2025-03-29,GG03,18-24,Fashion,18-24 | Fashion,Other,Desktop
C02053,2025-03-29,GG03,18-24,Fashion,18-24 | Fashion,Metro,Desktop
C02054,2025-03-29,MT01,25-34,Fashion,25-34 | Fashion,Other,Mobile
C02055,2025-03-29,MT01,35-44,Fashion,35-44 | Fashion,Metro,Desktop
C02056,2025-03-29,MT01,18-24,Cosmetics,18-24 | Cosmetics,Metro,Mobile
C02057,2025-03-29,MT02,35-44,Fashion,35-44 | Fashion,Metro,Mobile
C02058,2025-03-29,MT02,35-44,Fashion,35-44 | Fashion,Metro,Mobile
C02059,2025-03-29,MT02,25-34,Cosmetics,25-34 | Cosmetics,Metro,Mobile
C02060,2025-03-29,TT01,18-24,Cosmetics,18-24 | Cosmetics,Other,Mobile
C02061,2025-03-29,TT01,18-24,Cosmetics,18-24 | Cosmetics,Metro,Mobile
C02062,2025-03-29,TT01,18-24,Fashion,18-24 | Fashion,Metro,Mobile
C02063,2025-03-29,TT01,35-44,Cosmetics,35-44 | Cosmetics,Other,Mobile
C02064,2025-03-29,TT01,18-24,Fashion,18-24 | Fashion,Other,Mobile
C02065,2025-03-29,TT01,25-34,Cosmetics,25-34 | Cosmetics,Other,Mobile
C02066,2025-03-29,TT01,35-44,Fashion,35-44 | Fashion,Other,Mobile
C02067,2025-03-29,TT01,18-24,Cosmetics,18-24 | Cosmetics,Other,Mobile
C02068,2025-03-29,TT01,18-24,Cosmetics,18-24 | Cosmetics,Other,Mobile
C02069,2025-03-29,TT02,25-34,Fashion,25-34 | Fashion,Other,Mobile
C02070,2025-03-29,TT02,18-24,Fashion,18-24 | Fashion,Metro,Mobile
C02071,2025-03-29,TT02,18-24,Cosmetics,18-24 | Cosmetics,Other,Mobile
C02072,2025-03-29,EM01,35-44,Fashion,35-44 | Fashion,Metro,Mobile
C02073,2025-03-29,EM01,35-44,Cosmetics,35-44 | Cosmetics,Metro,Desktop
C02074,2025-03-29,OR01,25-34,Fashion,25-34 | Fashion,Other,Mobile
C02075,2025-03-29,OR01,35-44,Fashion,35-44 | Fashion,Metro,Mobile
C02076,2025-03-30,GG01,25-34,Fashion,25-34 | Fashion,Metro,Mobile
C02077,2025-03-30,GG02,35-44,Cosmetics,35-44 | Cosmetics,Other,Desktop
C02078,2025-03-30,GG02,35-44,Fashion,35-44 | Fashion,Other,Mobile
C02079,2025-03-30,GG03,45+,Cosmetics,45+ | Cosmetics,Other,Desktop
C02080,2025-03-30,GG03,18-24,Fashion,18-24 | Fashion,Other,Desktop
C02081,2025-03-30,GG03,18-24,Fashion,18-24 | Fashion,Metro,Mobile
C02082,2025-03-30,GG03,45+,Fashion,45+ | Fashion,Other,Desktop
C02083,2025-03-30,GG03,35-44,Cosmetics,35-44 | Cosmetics,Metro,Mobile
C02084,2025-03-30,GG03,25-34,Cosmetics,25-34 | Cosmetics,Other,Mobile
C02085,2025-03-30,MT02,18-24,Fashion,18-24 | Fashion,Metro,Mobile
C02086,2025-03-30,MT02,25-34,Cosmetics,25-34 | Cosmetics,Other,Mobile
C02087,2025-03-30,MT02,35-44,Fashion,35-44 | Fashion,Other,Mobile
C02088,2025-03-30,MT02,35-44,Cosmetics,35-44 | Cosmetics,Metro,Mobile
C02089,2025-03-30,MT02,35-44,Cosmetics,35-44 | Cosmetics,Metro,Desktop
C02090,2025-03-30,MT02,25-34,Cosmetics,25-34 | Cosmetics,Other,Mobile
C02091,2025-03-30,MT03,45+,Cosmetics,45+ | Cosmetics,Metro,Mobile
C02092,2025-03-30,TT01,18-24,Cosmetics,18-24 | Cosmetics,Metro,Mobile
C02093,2025-03-30,TT01,18-24,Fashion,18-24 | Fashion,Other,Desktop
C02094,2025-03-30,TT01,18-24,Cosmetics,18-24 | Cosmetics,Other,Desktop
C02095,2025-03-30,TT02,18-24,Cosmetics,18-24 | Cosmetics,Other,Mobile
C02096,2025-03-30,TT02,25-34,Cosmetics,25-34 | Cosmetics,Metro,Mobile
C02097,2025-03-30,EM02,25-34,Fashion,25-34 | Fashion,Other,Desktop
C02098,2025-03-30,OR01,35-44,Fashion,35-44 | Fashion,Other,Desktop
C02099,2025-03-30,OR01,35-44,Fashion,35-44 | Fashion,Metro,Mobile
C02100,2025-03-30,OR01,25-34,Fashion,25-34 | Fashion,Metro,Mobile
C02101,2025-03-30,OR01,35-44,Cosmetics,35-44 | Cosmetics,Metro,Desktop
C02102,2025-03-30,OR02,25-34,Cosmetics,25-34 | Cosmetics,Metro,Mobile
C02103,2025-03-30,OR02,45+,Cosmetics,45+ | Cosmetics,Other,Desktop
C02104,2025-03-31,GG01,45+,Cosmetics,45+ | Cosmetics,Metro,Mobile
C02105,2025-03-31,GG01,35-44,Fashion,35-44 | Fashion,Metro,Desktop
C02106,2025-03-31,GG01,45+,Fashion,45+ | Fashion,Metro,Mobile
C02107,2025-03-31,GG02,25-34,Cosmetics,25-34 | Cosmetics,Metro,Mobile
C02108,2025-03-31,GG03,35-44,Fashion,35-44 | Fashion,Metro,Desktop
C02109,2025-03-31,GG03,45+,Cosmetics,45+ | Cosmetics,Metro,Mobile
C02110,2025-03-31,GG03,18-24,Cosmetics,18-24 | Cosmetics,Metro,Desktop
C02111,2025-03-31,GG03,25-34,Fashion,25-34 | Fashion,Metro,Desktop
C02112,2025-03-31,MT01,25-34,Fashion,25-34 | Fashion,Metro,Mobile
C02113,2025-03-31,MT01,35-44,Cosmetics,35-44 | Cosmetics,Metro,Mobile
C02114,2025-03-31,MT02,25-34,Fashion,25-34 | Fashion,Metro,Mobile
C02115,2025-03-31,MT02,18-24,Cosmetics,18-24 | Cosmetics,Other,Mobile
C02116,2025-03-31,MT03,35-44,Cosmetics,35-44 | Cosmetics,Metro,Desktop
C02117,2025-03-31,MT03,25-34,Fashion,25-34 | Fashion,Other,Mobile
C02118,2025-03-31,MT03,25-34,Cosmetics,25-34 | Cosmetics,Metro,Mobile
C02119,2025-03-31,TT01,25-34,Fashion,25-34 | Fashion,Other,Mobile
C02120,2025-03-31,TT01,18-24,Fashion,18-24 | Fashion,Metro,Mobile
C02121,2025-03-31,TT01,18-24,Cosmetics,18-24 | Cosmetics,Other,Mobile
C02122,2025-03-31,TT01,25-34,Fashion,25-34 | Fashion,Metro,Mobile
C02123,2025-03-31,TT02,25-34,Cosmetics,25-34 | Cosmetics,Other,Mobile
C02124,2025-03-31,TT02,25-34,Fashion,25-34 | Fashion,Other,Mobile
C02125,2025-03-31,EM01,45+,Cosmetics,45+ | Cosmetics,Other,Mobile
C02126,2025-03-31,EM02,18-24,Cosmetics,18-24 | Cosmetics,Metro,Mobile
C02127,2025-03-31,OR01,25-34,Fashion,25-34 | Fashion,Other,Mobile
C02128,2025-03-31,OR01,35-44,Fashion,35-44 | Fashion,Metro,Desktop
C02129,2025-03-31,OR01,18-24,Cosmetics,18-24 | Cosmetics,Other,Desktop
C02130,2025-03-31,OR02,18-24,Cosmetics,18-24 | Cosmetics,Metro,Mobile
C02131,2025-03-31,OR02,35-44,Fashion,35-44 | Fashion,Other,Mobile
C02132,2025-03-31,OR02,25-34,Fashion,25-34 | Fashion,Metro,Mobile
C02133,2025-04-01,GG01,45+,Fashion,45+ | Fashion,Other,Desktop
C02134,2025-04-01,GG01,25-34,Cosmetics,25-34 | Cosmetics,Metro,Mobile
C02135,2025-04-01,GG01,18-24,Fashion,18-24 | Fashion,Metro,Mobile
C02136,2025-04-01,GG02,35-44,Fashion,35-44 | Fashion,Metro,Desktop
C02137,2025-04-01,GG03,45+,Fashion,45+ | Fashion,Metro,Desktop
C02138,2025-04-01,GG03,35-44,Fashion,35-44 | Fashion,Metro,Mobile
C02139,2025-04-01,GG03,45+,Fashion,45+ | Fashion,Other,Mobile
C02140,2025-04-01,GG03,25-34,Fashion,25-34 | Fashion,Metro,Mobile
C02141,2025-04-01,MT01,25-34,Cosmetics,25-34 | Cosmetics,Other,Desktop
C02142,2025-04-01,MT01,35-44,Cosmetics,35-44 | Cosmetics,Metro,Mobile
C02143,2025-04-01,MT03,35-44,Cosmetics,35-44 | Cosmetics,Other,Mobile
C02144,2025-04-01,TT01,18-24,Cosmetics,18-24 | Cosmetics,Other,Mobile
C02145,2025-04-01,TT01,25-34,Cosmetics,25-34 | Cosmetics,Other,Desktop
C02146,2025-04-01,TT01,25-34,Fashion,25-34 | Fashion,Other,Mobile
C02147,2025-04-01,TT01,18-24,Cosmetics,18-24 | Cosmetics,Metro,Mobile
C02148,2025-04-01,TT02,18-24,Cosmetics,18-24 | Cosmetics,Metro,Mobile
C02149,2025-04-01,TT02,18-24,Fashion,18-24 | Fashion,Metro,Mobile
C02150,2025-04-01,TT02,18-24,Fashion,18-24 | Fashion,Other,Mobile
C02151,2025-04-01,OR01,45+,Cosmetics,45+ | Cosmetics,Metro,Mobile
C02152,2025-04-01,OR01,35-44,Cosmetics,35-44 | Cosmetics,Other,Mobile
C02153,2025-04-01,OR01,35-44,Fashion,35-44 | Fashion,Other,Desktop
C02154,2025-04-01,OR01,25-34,Cosmetics,25-34 | Cosmetics,Metro,Desktop
C02155,2025-04-01,OR02,25-34,Fashion,25-34 | Fashion,Metro,Mobile
C02156,2025-04-02,GG01,25-34,Fashion,25-34 | Fashion,Metro,Mobile
C02157,2025-04-02,GG02,45+,Cosmetics,45+ | Cosmetics,Metro,Mobile
C02158,2025-04-02,GG02,45+,Cosmetics,45+ | Cosmetics,Metro,Desktop
C02159,2025-04-02,GG02,25-34,Fashion,25-34 | Fashion,Other,Mobile
C02160,2025-04-02,GG02,25-34,Cosmetics,25-34 | Cosmetics,Metro,Desktop
C02161,2025-04-02,GG03,45+,Cosmetics,45+ | Cosmetics,Metro,Mobile
C02162,2025-04-02,MT01,35-44,Cosmetics,35-44 | Cosmetics,Other,Mobile
C02163,2025-04-02,MT01,18-24,Cosmetics,18-24 | Cosmetics,Other,Mobile
C02164,2025-04-02,MT01,25-34,Cosmetics,25-34 | Cosmetics,Other,Mobile
C02165,2025-04-02,MT02,35-44,Cosmetics,35-44 | Cosmetics,Metro,Mobile
C02166,2025-04-02,MT02,45+,Fashion,45+ | Fashion,Other,Mobile
C02167,2025-04-02,MT02,25-34,Cosmetics,25-34 | Cosmetics,Metro,Mobile
C02168,2025-04-02,MT02,35-44,Cosmetics,35-44 | Cosmetics,Metro,Mobile
C02169,2025-04-02,MT03,45+,Fashion,45+ | Fashion,Other,Desktop
C02170,2025-04-02,MT03,18-24,Fashion,18-24 | Fashion,Metro,Mobile
C02171,2025-04-02,TT01,18-24,Fashion,18-24 | Fashion,Metro,Mobile
C02172,2025-04-02,TT02,25-34,Cosmetics,25-34 | Cosmetics,Metro,Desktop
C02173,2025-04-02,TT02,18-24,Cosmetics,18-24 | Cosmetics,Metro,Mobile
C02174,2025-04-02,TT02,35-44,Cosmetics,35-44 | Cosmetics,Other,Mobile
C02175,2025-04-02,TT02,18-24,Cosmetics,18-24 | Cosmetics,Metro,Mobile
C02176,2025-04-02,EM01,35-44,Cosmetics,35-44 | Cosmetics,Other,Mobile
C02177,2025-04-02,EM01,18-24,Fashion,18-24 | Fashion,Metro,Mobile
C02178,2025-04-02,OR01,45+,Cosmetics,45+ | Cosmetics,Other,Mobile
C02179,2025-04-02,OR01,35-44,Fashion,35-44 | Fashion,Metro,Desktop
C02180,2025-04-02,OR02,25-34,Cosmetics,25-34 | Cosmetics,Metro,Mobile
C02181,2025-04-03,GG01,25-34,Cosmetics,25-34 | Cosmetics,Metro,Mobile
C02182,2025-04-03,GG01,45+,Fashion,45+ | Fashion,Metro,Mobile
C02183,2025-04-03,GG02,45+,Fashion,45+ | Fashion,Metro,Desktop
C02184,2025-04-03,GG02,25-34,Fashion,25-34 | Fashion,Other,Desktop
C02185,2025-04-03,GG03,25-34,Fashion,25-34 | Fashion,Metro,Mobile
C02186,2025-04-03,GG03,35-44,Fashion,35-44 | Fashion,Metro,Mobile
C02187,2025-04-03,MT01,25-34,Cosmetics,25-34 | Cosmetics,Metro,Desktop
C02188,2025-04-03,MT01,35-44,Fashion,35-44 | Fashion,Other,Desktop
C02189,2025-04-03,MT01,25-34,Cosmetics,25-34 | Cosmetics,Metro,Mobile
C02190,2025-04-03,MT01,25-34,Fashion,25-34 | Fashion,Metro,Mobile
C02191,2025-04-03,MT02,35-44,Fashion,35-44 | Fashion,Other,Mobile
C02192,2025-04-03,MT02,18-24,Cosmetics,18-24 | Cosmetics,Other,Mobile
C02193,2025-04-03,MT02,18-24,Fashion,18-24 | Fashion,Metro,Mobile
C02194,2025-04-03,MT02,25-34,Fashion,25-34 | Fashion,Other,Mobile
C02195,2025-04-03,MT03,25-34,Fashion,25-34 | Fashion,Metro,Mobile
C02196,2025-04-03,MT03,45+,Cosmetics,45+ | Cosmetics,Other,Mobile
C02197,2025-04-03,MT03,25-34,Cosmetics,25-34 | Cosmetics,Metro,Mobile
C02198,2025-04-03,TT01,18-24,Cosmetics,18-24 | Cosmetics,Other,Mobile
C02199,2025-04-03,TT01,25-34,Fashion,25-34 | Fashion,Other,Mobile
C02200,2025-04-03,TT01,25-34,Cosmetics,25-34 | Cosmetics,Metro,Mobile
C02201,2025-04-03,TT02,25-34,Cosmetics,25-34 | Cosmetics,Metro,Mobile
C02202,2025-04-03,TT02,18-24,Cosmetics,18-24 | Cosmetics,Other,Mobile
C02203,2025-04-03,OR01,45+,Fashion,45+ | Fashion,Metro,Mobile
C02204,2025-04-03,OR01,18-24,Fashion,18-24 | Fashion,Metro,Mobile
C02205,2025-04-03,OR01,35-44,Fashion,35-44 | Fashion,Metro,Desktop
C02206,2025-04-03,OR01,35-44,Fashion,35-44 | Fashion,Other,Mobile
C02207,2025-04-03,OR01,45+,Fashion,45+ | Fashion,Metro,Desktop
C02208,2025-04-03,OR01,25-34,Cosmetics,25-34 | Cosmetics,Metro,Mobile
C02209,2025-04-03,OR02,25-34,Cosmetics,25-34 | Cosmetics,Other,Mobile
C02210,2025-04-04,GG02,45+,Fashion,45+ | Fashion,Metro,Mobile
C02211,2025-04-04,GG03,45+,Fashion,45+ | Fashion,Metro,Desktop
C02212,2025-04-04,GG03,25-34,Fashion,25-34 | Fashion,Metro,Desktop
C02213,2025-04-04,GG03,25-34,Fashion,25-34 | Fashion,Other,Desktop
C02214,2025-04-04,GG03,35-44,Fashion,35-44 | Fashion,Other,Mobile
C02215,2025-04-04,GG03,45+,Fashion,45+ | Fashion,Other,Mobile
C02216,2025-04-04,GG03,18-24,Fashion,18-24 | Fashion,Metro,Mobile
C02217,2025-04-04,GG03,45+,Fashion,45+ | Fashion,Other,Mobile
C02218,2025-04-04,MT01,25-34,Cosmetics,25-34 | Cosmetics,Metro,Mobile
C02219,2025-04-04,MT01,18-24,Cosmetics,18-24 | Cosmetics,Other,Mobile
C02220,2025-04-04,MT02,45+,Fashion,45+ | Fashion,Other,Mobile
C02221,2025-04-04,MT02,18-24,Fashion,18-24 | Fashion,Metro,Mobile
C02222,2025-04-04,MT02,25-34,Fashion,25-34 | Fashion,Metro,Mobile
C02223,2025-04-04,MT03,18-24,Fashion,18-24 | Fashion,Other,Mobile
C02224,2025-04-04,TT01,25-34,Cosmetics,25-34 | Cosmetics,Other,Mobile
C02225,2025-04-04,TT01,18-24,Fashion,18-24 | Fashion,Other,Mobile
C02226,2025-04-04,TT01,18-24,Cosmetics,18-24 | Cosmetics,Metro,Mobile
C02227,2025-04-04,TT01,18-24,Fashion,18-24 | Fashion,Metro,Mobile
C02228,2025-04-04,TT01,25-34,Cosmetics,25-34 | Cosmetics,Other,Mobile
C02229,2025-04-04,TT01,18-24,Fashion,18-24 | Fashion,Other,Mobile
C02230,2025-04-04,TT02,25-34,Cosmetics,25-34 | Cosmetics,Other,Mobile
C02231,2025-04-04,EM01,35-44,Cosmetics,35-44 | Cosmetics,Metro,Mobile
C02232,2025-04-04,EM01,25-34,Cosmetics,25-34 | Cosmetics,Other,Mobile
C02233,2025-04-04,EM01,18-24,Cosmetics,18-24 | Cosmetics,Other,Desktop
C02234,2025-04-04,EM01,45+,Fashion,45+ | Fashion,Other,Mobile
C02235,2025-04-04,EM02,35-44,Fashion,35-44 | Fashion,Metro,Mobile
C02236,2025-04-04,EM02,25-34,Cosmetics,25-34 | Cosmetics,Metro,Desktop
C02237,2025-04-04,OR01,25-34,Cosmetics,25-34 | Cosmetics,Metro,Mobile
C02238,2025-04-04,OR01,45+,Fashion,45+ | Fashion,Other,Desktop
C02239,2025-04-04,OR01,25-34,Fashion,25-34 | Fashion,Other,Mobile
C02240,2025-04-04,OR01,35-44,Cosmetics,35-44 | Cosmetics,Other,Desktop
C02241,2025-04-04,OR01,25-34,Fashion,25-34 | Fashion,Other,Desktop
C02242,2025-04-04,OR02,35-44,Cosmetics,35-44 | Cosmetics,Metro,Mobile
C02243,2025-04-05,GG01,25-34,Cosmetics,25-34 | Cosmetics,Other,Desktop
C02244,2025-04-05,GG01,45+,Fashion,45+ | Fashion,Metro,Mobile
C02245,2025-04-05,GG02,25-34,Cosmetics,25-34 | Cosmetics,Metro,Mobile
C02246,2025-04-05,GG02,35-44,Cosmetics,35-44 | Cosmetics,Other,Mobile
C02247,2025-04-05,GG03,25-34,Cosmetics,25-34 | Cosmetics,Other,Mobile
C02248,2025-04-05,GG03,25-34,Fashion,25-34 | Fashion,Other,Desktop
C02249,2025-04-05,MT01,18-24,Cosmetics,18-24 | Cosmetics,Metro,Mobile
C02250,2025-04-05,MT01,18-24,Fashion,18-24 | Fashion,Metro,Mobile
C02251,2025-04-05,MT01,18-24,Cosmetics,18-24 | Cosmetics,Metro,Mobile
C02252,2025-04-05,MT01,18-24,Fashion,18-24 | Fashion,Other,Desktop
C02253,2025-04-05,MT02,25-34,Fashion,25-34 | Fashion,Metro,Mobile
C02254,2025-04-05,MT02,35-44,Cosmetics,35-44 | Cosmetics,Other,Mobile
C02255,2025-04-05,MT03,18-24,Cosmetics,18-24 | Cosmetics,Other,Mobile
C02256,2025-04-05,MT03,35-44,Cosmetics,35-44 | Cosmetics,Metro,Mobile
C02257,2025-04-05,TT01,18-24,Fashion,18-24 | Fashion,Other,Mobile
C02258,2025-04-05,TT01,18-24,Fashion,18-24 | Fashion,Other,Desktop
C02259,2025-04-05,TT01,18-24,Cosmetics,18-24 | Cosmetics,Metro,Mobile
C02260,2025-04-05,TT02,25-34,Cosmetics,25-34 | Cosmetics,Metro,Mobile
C02261,2025-04-05,TT02,18-24,Cosmetics,18-24 | Cosmetics,Metro,Mobile
C02262,2025-04-05,TT02,18-24,Cosmetics,18-24 | Cosmetics,Metro,Mobile
C02263,2025-04-05,EM01,35-44,Cosmetics,35-44 | Cosmetics,Metro,Desktop
C02264,2025-04-05,EM01,35-44,Fashion,35-44 | Fashion,Metro,Desktop
C02265,2025-04-05,EM02,35-44,Cosmetics,35-44 | Cosmetics,Metro,Mobile
C02266,2025-04-05,OR01,45+,Cosmetics,45+ | Cosmetics,Other,Desktop
C02267,2025-04-05,OR01,35-44,Cosmetics,35-44 | Cosmetics,Other,Desktop
C02268,2025-04-05,OR01,25-34,Fashion,25-34 | Fashion,Metro,Desktop
C02269,2025-04-05,OR01,45+,Fashion,45+ | Fashion,Metro,Mobile
C02270,2025-04-05,OR01,18-24,Cosmetics,18-24 | Cosmetics,Other,Mobile
C02271,2025-04-05,OR02,45+,Cosmetics,45+ | Cosmetics,Metro,Mobile
C02272,2025-04-05,OR02,25-34,Fashion,25-34 | Fashion,Metro,Mobile
C02273,2025-04-06,GG01,35-44,Fashion,35-44 | Fashion,Metro,Desktop
C02274,2025-04-06,GG02,45+,Fashion,45+ | Fashion,Other,Mobile
C02275,2025-04-06,GG02,35-44,Cosmetics,35-44 | Cosmetics,Metro,Desktop
C02276,2025-04-06,GG03,25-34,Fashion,25-34 | Fashion,Metro,Desktop
C02277,2025-04-06,GG03,45+,Fashion,45+ | Fashion,Metro,Mobile
C02278,2025-04-06,GG03,18-24,Fashion,18-24 | Fashion,Metro,Desktop
C02279,2025-04-06,MT01,25-34,Cosmetics,25-34 | Cosmetics,Other,Mobile
C02280,2025-04-06,MT02,25-34,Cosmetics,25-34 | Cosmetics,Metro,Mobile
C02281,2025-04-06,MT02,45+,Fashion,45+ | Fashion,Metro,Mobile
C02282,2025-04-06,MT02,25-34,Cosmetics,25-34 | Cosmetics,Metro,Mobile
C02283,2025-04-06,TT01,25-34,Cosmetics,25-34 | Cosmetics,Other,Mobile
C02284,2025-04-06,TT01,35-44,Cosmetics,35-44 | Cosmetics,Other,Mobile
C02285,2025-04-06,TT01,18-24,Cosmetics,18-24 | Cosmetics,Metro,Mobile
C02286,2025-04-06,TT02,35-44,Cosmetics,35-44 | Cosmetics,Metro,Mobile
C02287,2025-04-06,EM01,35-44,Fashion,35-44 | Fashion,Metro,Desktop
C02288,2025-04-06,EM01,25-34,Fashion,25-34 | Fashion,Other,Desktop
C02289,2025-04-06,EM02,35-44,Cosmetics,35-44 | Cosmetics,Metro,Mobile
C02290,2025-04-06,OR01,18-24,Fashion,18-24 | Fashion,Metro,Mobile
C02291,2025-04-06,OR01,45+,Fashion,45+ | Fashion,Metro,Desktop
C02292,2025-04-06,OR01,25-34,Cosmetics,25-34 | Cosmetics,Other,Desktop
C02293,2025-04-06,OR01,25-34,Fashion,25-34 | Fashion,Metro,Mobile
C02294,2025-04-06,OR02,18-24,Fashion,18-24 | Fashion,Other,Mobile
C02295,2025-04-07,GG01,25-34,Cosmetics,25-34 | Cosmetics,Metro,Mobile
C02296,2025-04-07,GG02,25-34,Fashion,25-34 | Fashion,Other,Mobile
C02297,2025-04-07,GG03,35-44,Fashion,35-44 | Fashion,Metro,Desktop
C02298,2025-04-07,GG03,18-24,Fashion,18-24 | Fashion,Other,Mobile
C02299,2025-04-07,MT01,25-34,Fashion,25-34 | Fashion,Other,Mobile
C02300,2025-04-07,MT01,18-24,Cosmetics,18-24 | Cosmetics,Other,Desktop
C02301,2025-04-07,MT02,45+,Cosmetics,45+ | Cosmetics,Metro,Desktop
C02302,2025-04-07,MT02,25-34,Cosmetics,25-34 | Cosmetics,Metro,Mobile
C02303,2025-04-07,MT02,25-34,Cosmetics,25-34 | Cosmetics,Metro,Mobile
C02304,2025-04-07,MT02,35-44,Fashion,35-44 | Fashion,Metro,Mobile
C02305,2025-04-07,MT03,35-44,Fashion,35-44 | Fashion,Metro,Mobile
C02306,2025-04-07,TT01,18-24,Cosmetics,18-24 | Cosmetics,Metro,Mobile
C02307,2025-04-07,TT01,18-24,Cosmetics,18-24 | Cosmetics,Other,Mobile
C02308,2025-04-07,TT01,18-24,Cosmetics,18-24 | Cosmetics,Metro,Mobile
C02309,2025-04-07,TT02,25-34,Fashion,25-34 | Fashion,Other,Desktop
C02310,2025-04-07,TT02,18-24,Cosmetics,18-24 | Cosmetics,Metro,Mobile
C02311,2025-04-07,TT02,25-34,Fashion,25-34 | Fashion,Metro,Mobile
C02312,2025-04-07,TT02,18-24,Cosmetics,18-24 | Cosmetics,Other,Mobile
C02313,2025-04-07,TT02,18-24,Cosmetics,18-24 | Cosmetics,Other,Mobile
C02314,2025-04-07,EM01,35-44,Fashion,35-44 | Fashion,Other,Mobile
C02315,2025-04-07,EM01,35-44,Fashion,35-44 | Fashion,Other,Desktop
C02316,2025-04-07,EM02,35-44,Fashion,35-44 | Fashion,Metro,Mobile
C02317,2025-04-07,EM02,25-34,Fashion,25-34 | Fashion,Metro,Desktop
C02318,2025-04-07,EM02,35-44,Cosmetics,35-44 | Cosmetics,Metro,Mobile
C02319,2025-04-07,OR01,35-44,Fashion,35-44 | Fashion,Other,Desktop
C02320,2025-04-07,OR01,25-34,Cosmetics,25-34 | Cosmetics,Other,Mobile
C02321,2025-04-07,OR01,45+,Fashion,45+ | Fashion,Metro,Desktop
C02322,2025-04-08,GG01,25-34,Cosmetics,25-34 | Cosmetics,Metro,Mobile
C02323,2025-04-08,GG01,35-44,Cosmetics,35-44 | Cosmetics,Metro,Mobile
C02324,2025-04-08,GG01,35-44,Fashion,35-44 | Fashion,Other,Mobile
C02325,2025-04-08,GG01,25-34,Fashion,25-34 | Fashion,Other,Mobile
C02326,2025-04-08,GG01,25-34,Fashion,25-34 | Fashion,Metro,Desktop
C02327,2025-04-08,GG01,35-44,Fashion,35-44 | Fashion,Other,Desktop
C02328,2025-04-08,GG01,25-34,Fashion,25-34 | Fashion,Metro,Desktop
C02329,2025-04-08,GG02,45+,Fashion,45+ | Fashion,Other,Mobile
C02330,2025-04-08,GG02,25-34,Fashion,25-34 | Fashion,Other,Mobile
C02331,2025-04-08,GG03,45+,Fashion,45+ | Fashion,Metro,Desktop
C02332,2025-04-08,GG03,35-44,Cosmetics,35-44 | Cosmetics,Metro,Mobile
C02333,2025-04-08,GG03,25-34,Fashion,25-34 | Fashion,Metro,Mobile
C02334,2025-04-08,GG03,25-34,Cosmetics,25-34 | Cosmetics,Metro,Desktop
C02335,2025-04-08,GG03,25-34,Fashion,25-34 | Fashion,Metro,Mobile
C02336,2025-04-08,MT02,25-34,Fashion,25-34 | Fashion,Metro,Mobile
C02337,2025-04-08,MT02,18-24,Fashion,18-24 | Fashion,Metro,Mobile
C02338,2025-04-08,MT02,35-44,Fashion,35-44 | Fashion,Metro,Desktop
C02339,2025-04-08,MT03,18-24,Fashion,18-24 | Fashion,Other,Mobile
C02340,2025-04-08,TT01,18-24,Fashion,18-24 | Fashion,Other,Mobile
C02341,2025-04-08,TT01,18-24,Cosmetics,18-24 | Cosmetics,Metro,Mobile
C02342,2025-04-08,TT01,18-24,Fashion,18-24 | Fashion,Metro,Mobile
C02343,2025-04-08,TT01,25-34,Cosmetics,25-34 | Cosmetics,Other,Mobile
C02344,2025-04-08,TT01,25-34,Cosmetics,25-34 | Cosmetics,Metro,Mobile
C02345,2025-04-08,TT01,25-34,Fashion,25-34 | Fashion,Metro,Mobile
C02346,2025-04-08,TT01,18-24,Cosmetics,18-24 | Cosmetics,Metro,Mobile
C02347,2025-04-08,TT01,18-24,Fashion,18-24 | Fashion,Other,Mobile
C02348,2025-04-08,EM02,35-44,Cosmetics,35-44 | Cosmetics,Metro,Mobile
C02349,2025-04-08,EM02,25-34,Cosmetics,25-34 | Cosmetics,Metro,Desktop
C02350,2025-04-08,OR01,45+,Fashion,45+ | Fashion,Other,Mobile
C02351,2025-04-08,OR01,45+,Fashion,45+ | Fashion,Metro,Mobile
C02352,2025-04-08,OR01,45+,Fashion,45+ | Fashion,Other,Desktop
C02353,2025-04-08,OR02,25-34,Cosmetics,25-34 | Cosmetics,Metro,Mobile
C02354,2025-04-08,OR02,25-34,Cosmetics,25-34 | Cosmetics,Other,Mobile
C02355,2025-04-09,GG01,45+,Fashion,45+ | Fashion,Other,Mobile
C02356,2025-04-09,GG01,25-34,Fashion,25-34 | Fashion,Other,Desktop
C02357,2025-04-09,GG01,25-34,Fashion,25-34 | Fashion,Other,Desktop
C02358,2025-04-09,GG01,35-44,Fashion,35-44 | Fashion,Other,Desktop
C02359,2025-04-09,GG02,25-34,Fashion,25-34 | Fashion,Metro,Desktop
C02360,2025-04-09,GG02,35-44,Fashion,35-44 | Fashion,Other,Mobile
C02361,2025-04-09,GG02,25-34,Fashion,25-34 | Fashion,Other,Mobile
C02362,2025-04-09,GG02,35-44,Fashion,35-44 | Fashion,Metro,Mobile
C02363,2025-04-09,GG02,25-34,Fashion,25-34 | Fashion,Other,Mobile
C02364,2025-04-09,GG03,25-34,Fashion,25-34 | Fashion,Metro,Desktop
C02365,2025-04-09,GG03,45+,Fashion,45+ | Fashion,Metro,Mobile
C02366,2025-04-09,GG03,35-44,Cosmetics,35-44 | Cosmetics,Metro,Desktop
C02367,2025-04-09,MT01,25-34,Cosmetics,25-34 | Cosmetics,Metro,Mobile
C02368,2025-04-09,MT01,18-24,Cosmetics,18-24 | Cosmetics,Metro,Mobile
C02369,2025-04-09,MT03,25-34,Cosmetics,25-34 | Cosmetics,Other,Mobile
C02370,2025-04-09,TT01,18-24,Cosmetics,18-24 | Cosmetics,Other,Mobile
C02371,2025-04-09,TT01,18-24,Cosmetics,18-24 | Cosmetics,Metro,Desktop
C02372,2025-04-09,TT02,25-34,Fashion,25-34 | Fashion,Other,Mobile
C02373,2025-04-09,TT02,35-44,Cosmetics,35-44 | Cosmetics,Metro,Mobile
C02374,2025-04-09,TT02,18-24,Fashion,18-24 | Fashion,Metro,Mobile
C02375,2025-04-09,TT02,18-24,Cosmetics,18-24 | Cosmetics,Other,Mobile
C02376,2025-04-09,TT02,18-24,Cosmetics,18-24 | Cosmetics,Other,Mobile
C02377,2025-04-09,EM01,35-44,Cosmetics,35-44 | Cosmetics,Metro,Mobile
C02378,2025-04-09,EM01,25-34,Cosmetics,25-34 | Cosmetics,Metro,Mobile
C02379,2025-04-09,OR01,45+,Cosmetics,45+ | Cosmetics,Metro,Mobile
C02380,2025-04-09,OR01,25-34,Cosmetics,25-34 | Cosmetics,Metro,Desktop
C02381,2025-04-09,OR01,35-44,Cosmetics,35-44 | Cosmetics,Metro,Desktop
C02382,2025-04-10,GG01,35-44,Fashion,35-44 | Fashion,Metro,Desktop
C02383,2025-04-10,GG01,35-44,Cosmetics,35-44 | Cosmetics,Metro,Desktop
C02384,2025-04-10,GG02,25-34,Cosmetics,25-34 | Cosmetics,Other,Desktop
C02385,2025-04-10,GG02,45+,Fashion,45+ | Fashion,Metro,Mobile
C02386,2025-04-10,GG03,25-34,Fashion,25-34 | Fashion,Other,Desktop
C02387,2025-04-10,MT02,25-34,Fashion,25-34 | Fashion,Metro,Mobile
C02388,2025-04-10,MT02,25-34,Fashion,25-34 | Fashion,Other,Mobile
C02389,2025-04-10,MT02,35-44,Cosmetics,35-44 | Cosmetics,Metro,Mobile
C02390,2025-04-10,MT03,25-34,Fashion,25-34 | Fashion,Metro,Mobile
C02391,2025-04-10,TT01,18-24,Cosmetics,18-24 | Cosmetics,Other,Mobile
C02392,2025-04-10,TT01,18-24,Cosmetics,18-24 | Cosmetics,Other,Mobile
C02393,2025-04-10,TT02,35-44,Cosmetics,35-44 | Cosmetics,Other,Mobile
C02394,2025-04-10,TT02,25-34,Fashion,25-34 | Fashion,Metro,Mobile
C02395,2025-04-10,EM01,45+,Fashion,45+ | Fashion,Other,Mobile
C02396,2025-04-10,EM02,25-34,Fashion,25-34 | Fashion,Metro,Mobile
C02397,2025-04-10,EM02,45+,Fashion,45+ | Fashion,Metro,Mobile
C02398,2025-04-10,OR01,45+,Fashion,45+ | Fashion,Other,Desktop
C02399,2025-04-10,OR01,35-44,Cosmetics,35-44 | Cosmetics,Other,Desktop
C02400,2025-04-10,OR01,45+,Fashion,45+ | Fashion,Other,Desktop
C02401,2025-04-10,OR01,45+,Fashion,45+ | Fashion,Other,Mobile
C02402,2025-04-10,OR02,25-34,Fashion,25-34 | Fashion,Metro,Mobile
C02403,2025-04-11,GG01,25-34,Cosmetics,25-34 | Cosmetics,Metro,Desktop
C02404,2025-04-11,GG01,45+,Fashion,45+ | Fashion,Metro,Desktop
C02405,2025-04-11,GG02,18-24,Cosmetics,18-24 | Cosmetics,Other,Desktop
C02406,2025-04-11,GG02,35-44,Fashion,35-44 | Fashion,Metro,Desktop
C02407,2025-04-11,GG03,35-44,Cosmetics,35-44 | Cosmetics,Other,Desktop
C02408,2025-04-11,MT01,25-34,Fashion,25-34 | Fashion,Metro,Mobile
C02409,2025-04-11,MT01,45+,Fashion,45+ | Fashion,Metro,Mobile
C02410,2025-04-11,MT01,25-34,Fashion,25-34 | Fashion,Other,Mobile
C02411,2025-04-11,MT01,18-24,Fashion,18-24 | Fashion,Metro,Mobile
C02412,2025-04-11,MT02,35-44,Cosmetics,35-44 | Cosmetics,Metro,Desktop
C02413,2025-04-11,MT02,25-34,Cosmetics,25-34 | Cosmetics,Metro,Mobile
C02414,2025-04-11,MT02,25-34,Cosmetics,25-34 | Cosmetics,Other,Desktop
C02415,2025-04-11,MT02,25-34,Cosmetics,25-34 | Cosmetics,Other,Mobile
C02416,2025-04-11,MT02,25-34,Cosmetics,25-34 | Cosmetics,Other,Desktop
C02417,2025-04-11,TT01,45+,Fashion,45+ | Fashion,Metro,Mobile
C02418,2025-04-11,TT02,35-44,Cosmetics,35-44 | Cosmetics,Other,Mobile
C02419,2025-04-11,TT02,18-24,Cosmetics,18-24 | Cosmetics,Other,Desktop
C02420,2025-04-11,EM01,25-34,Cosmetics,25-34 | Cosmetics,Other,Desktop
C02421,2025-04-11,EM01,25-34,Fashion,25-34 | Fashion,Metro,Desktop
C02422,2025-04-11,EM01,35-44,Cosmetics,35-44 | Cosmetics,Other,Mobile
C02423,2025-04-11,EM01,45+,Cosmetics,45+ | Cosmetics,Metro,Mobile
C02424,2025-04-11,OR01,18-24,Fashion,18-24 | Fashion,Other,Mobile
C02425,2025-04-11,OR01,35-44,Cosmetics,35-44 | Cosmetics,Other,Mobile
C02426,2025-04-11,OR01,25-34,Fashion,25-34 | Fashion,Metro,Mobile
C02427,2025-04-12,GG01,35-44,Cosmetics,35-44 | Cosmetics,Other,Mobile
C02428,2025-04-12,GG01,35-44,Cosmetics,35-44 | Cosmetics,Metro,Desktop
C02429,2025-04-12,GG02,35-44,Fashion,35-44 | Fashion,Other,Desktop
C02430,2025-04-12,GG02,45+,Fashion,45+ | Fashion,Other,Desktop
C02431,2025-04-12,GG02,35-44,Cosmetics,35-44 | Cosmetics,Metro,Desktop
C02432,2025-04-12,GG02,45+,Fashion,45+ | Fashion,Metro,Mobile
C02433,2025-04-12,GG03,25-34,Fashion,25-34 | Fashion,Other,Desktop
C02434,2025-04-12,GG03,18-24,Cosmetics,18-24 | Cosmetics,Other,Desktop
C02435,2025-04-12,GG03,18-24,Cosmetics,18-24 | Cosmetics,Metro,Mobile
C02436,2025-04-12,GG03,25-34,Cosmetics,25-34 | Cosmetics,Other,Mobile
C02437,2025-04-12,GG03,35-44,Fashion,35-44 | Fashion,Other,Desktop
C02438,2025-04-12,GG03,18-24,Cosmetics,18-24 | Cosmetics,Metro,Mobile
C02439,2025-04-12,MT01,25-34,Cosmetics,25-34 | Cosmetics,Other,Mobile
C02440,2025-04-12,MT01,35-44,Cosmetics,35-44 | Cosmetics,Other,Mobile
C02441,2025-04-12,MT01,18-24,Fashion,18-24 | Fashion,Other,Mobile
C02442,2025-04-12,MT01,45+,Cosmetics,45+ | Cosmetics,Metro,Mobile
C02443,2025-04-12,MT01,25-34,Fashion,25-34 | Fashion,Other,Mobile
C02444,2025-04-12,MT02,25-34,Fashion,25-34 | Fashion,Metro,Mobile
C02445,2025-04-12,MT02,18-24,Fashion,18-24 | Fashion,Metro,Desktop
C02446,2025-04-12,TT01,45+,Cosmetics,45+ | Cosmetics,Metro,Mobile
C02447,2025-04-12,TT01,25-34,Cosmetics,25-34 | Cosmetics,Other,Mobile
C02448,2025-04-12,TT02,18-24,Cosmetics,18-24 | Cosmetics,Metro,Mobile
C02449,2025-04-12,EM01,25-34,Cosmetics,25-34 | Cosmetics,Other,Mobile
C02450,2025-04-12,EM01,18-24,Cosmetics,18-24 | Cosmetics,Other,Desktop
C02451,2025-04-12,EM01,45+,Cosmetics,45+ | Cosmetics,Metro,Mobile
C02452,2025-04-12,OR01,45+,Cosmetics,45+ | Cosmetics,Other,Desktop
C02453,2025-04-12,OR01,45+,Cosmetics,45+ | Cosmetics,Other,Desktop
C02454,2025-04-12,OR01,35-44,Fashion,35-44 | Fashion,Other,Mobile
C02455,2025-04-12,OR01,18-24,Cosmetics,18-24 | Cosmetics,Metro,Desktop
C02456,2025-04-12,OR01,25-34,Fashion,25-34 | Fashion,Other,Mobile
C02457,2025-04-12,OR01,25-34,Fashion,25-34 | Fashion,Metro,Desktop
C02458,2025-04-12,OR01,35-44,Fashion,35-44 | Fashion,Metro,Mobile
C02459,2025-04-12,OR01,45+,Cosmetics,45+ | Cosmetics,Metro,Mobile
C02460,2025-04-12,OR01,25-34,Fashion,25-34 | Fashion,Other,Mobile
C02461,2025-04-12,OR01,35-44,Cosmetics,35-44 | Cosmetics,Other,Desktop
C02462,2025-04-12,OR01,45+,Fashion,45+ | Fashion,Metro,Mobile
C02463,2025-04-12,OR02,18-24,Fashion,18-24 | Fashion,Other,Mobile
C02464,2025-04-12,OR02,25-34,Cosmetics,25-34 | Cosmetics,Metro,Mobile
C02465,2025-04-13,GG01,25-34,Fashion,25-34 | Fashion,Metro,Mobile
C02466,2025-04-13,GG01,18-24,Fashion,18-24 | Fashion,Metro,Desktop
C02467,2025-04-13,GG01,35-44,Fashion,35-44 | Fashion,Metro,Desktop
C02468,2025-04-13,GG02,25-34,Fashion,25-34 | Fashion,Metro,Mobile
C02469,2025-04-13,GG02,25-34,Cosmetics,25-34 | Cosmetics,Other,Desktop
C02470,2025-04-13,GG02,45+,Cosmetics,45+ | Cosmetics,Metro,Desktop
C02471,2025-04-13,GG03,35-44,Fashion,35-44 | Fashion,Metro,Mobile
C02472,2025-04-13,GG03,25-34,Fashion,25-34 | Fashion,Other,Desktop
C02473,2025-04-13,MT01,18-24,Fashion,18-24 | Fashion,Other,Mobile
C02474,2025-04-13,MT01,25-34,Cosmetics,25-34 | Cosmetics,Metro,Mobile
C02475,2025-04-13,MT03,35-44,Cosmetics,35-44 | Cosmetics,Metro,Mobile
C02476,2025-04-13,TT01,18-24,Fashion,18-24 | Fashion,Metro,Mobile
C02477,2025-04-13,TT01,25-34,Fashion,25-34 | Fashion,Other,Mobile
C02478,2025-04-13,TT01,18-24,Cosmetics,18-24 | Cosmetics,Metro,Mobile
C02479,2025-04-13,TT01,25-34,Cosmetics,25-34 | Cosmetics,Other,Mobile
C02480,2025-04-13,TT02,25-34,Cosmetics,25-34 | Cosmetics,Metro,Mobile
C02481,2025-04-13,TT02,18-24,Fashion,18-24 | Fashion,Metro,Mobile
C02482,2025-04-13,EM01,45+,Fashion,45+ | Fashion,Other,Mobile
C02483,2025-04-13,EM01,25-34,Cosmetics,25-34 | Cosmetics,Metro,Mobile
C02484,2025-04-13,OR01,45+,Cosmetics,45+ | Cosmetics,Other,Mobile
C02485,2025-04-13,OR01,18-24,Fashion,18-24 | Fashion,Metro,Mobile
C02486,2025-04-13,OR01,25-34,Fashion,25-34 | Fashion,Metro,Mobile
C02487,2025-04-14,GG01,25-34,Fashion,25-34 | Fashion,Other,Mobile
C02488,2025-04-14,GG01,35-44,Cosmetics,35-44 | Cosmetics,Other,Mobile
C02489,2025-04-14,GG01,18-24,Cosmetics,18-24 | Cosmetics,Metro,Mobile
C02490,2025-04-14,GG02,45+,Fashion,45+ | Fashion,Other,Desktop
C02491,2025-04-14,GG02,35-44,Fashion,35-44 | Fashion,Metro,Mobile
C02492,2025-04-14,GG02,35-44,Fashion,35-44 | Fashion,Metro,Mobile
C02493,2025-04-14,GG02,35-44,Fashion,35-44 | Fashion,Other,Mobile
C02494,2025-04-14,GG02,18-24,Cosmetics,18-24 | Cosmetics,Other,Mobile
C02495,2025-04-14,GG03,35-44,Fashion,35-44 | Fashion,Metro,Mobile
C02496,2025-04-14,MT01,35-44,Fashion,35-44 | Fashion,Other,Desktop
C02497,2025-04-14,MT01,25-34,Cosmetics,25-34 | Cosmetics,Metro,Mobile
C02498,2025-04-14,MT02,35-44,Fashion,35-44 | Fashion,Metro,Desktop
C02499,2025-04-14,MT02,25-34,Fashion,25-34 | Fashion,Metro,Mobile
C02500,2025-04-14,MT02,18-24,Cosmetics,18-24 | Cosmetics,Other,Desktop
C02501,2025-04-14,MT02,35-44,Fashion,35-44 | Fashion,Metro,Mobile
C02502,2025-04-14,MT02,35-44,Fashion,35-44 | Fashion,Other,Mobile
C02503,2025-04-14,TT01,18-24,Cosmetics,18-24 | Cosmetics,Metro,Mobile
C02504,2025-04-14,TT01,45+,Fashion,45+ | Fashion,Metro,Mobile
C02505,2025-04-14,TT02,18-24,Cosmetics,18-24 | Cosmetics,Other,Mobile
C02506,2025-04-14,TT02,18-24,Cosmetics,18-24 | Cosmetics,Metro,Mobile
C02507,2025-04-14,TT02,25-34,Cosmetics,25-34 | Cosmetics,Metro,Mobile
C02508,2025-04-14,EM01,45+,Cosmetics,45+ | Cosmetics,Metro,Desktop
C02509,2025-04-14,EM02,35-44,Fashion,35-44 | Fashion,Metro,Desktop
C02510,2025-04-14,OR01,25-34,Fashion,25-34 | Fashion,Other,Mobile
C02511,2025-04-14,OR01,25-34,Fashion,25-34 | Fashion,Metro,Mobile
C02512,2025-04-14,OR01,18-24,Fashion,18-24 | Fashion,Other,Mobile
C02513,2025-04-14,OR01,35-44,Fashion,35-44 | Fashion,Metro,Mobile
C02514,2025-04-14,OR01,35-44,Fashion,35-44 | Fashion,Metro,Mobile
C02515,2025-04-14,OR02,25-34,Cosmetics,25-34 | Cosmetics,Metro,Mobile
C02516,2025-04-15,GG01,45+,Fashion,45+ | Fashion,Metro,Mobile
C02517,2025-04-15,GG01,35-44,Cosmetics,35-44 | Cosmetics,Metro,Mobile
C02518,2025-04-15,GG01,45+,Fashion,45+ | Fashion,Metro,Desktop
C02519,2025-04-15,GG01,35-44,Fashion,35-44 | Fashion,Other,Desktop
C02520,2025-04-15,GG01,18-24,Cosmetics,18-24 | Cosmetics,Metro,Desktop
C02521,2025-04-15,GG02,45+,Fashion,45+ | Fashion,Metro,Mobile
C02522,2025-04-15,GG02,45+,Fashion,45+ | Fashion,Metro,Mobile
C02523,2025-04-15,GG02,35-44,Fashion,35-44 | Fashion,Metro,Desktop
C02524,2025-04-15,GG03,18-24,Fashion,18-24 | Fashion,Other,Mobile
C02525,2025-04-15,MT01,45+,Cosmetics,45+ | Cosmetics,Other,Mobile
C02526,2025-04-15,MT01,45+,Cosmetics,45+ | Cosmetics,Other,Mobile
C02527,2025-04-15,MT01,18-24,Cosmetics,18-24 | Cosmetics,Other,Mobile
C02528,2025-04-15,MT01,18-24,Cosmetics,18-24 | Cosmetics,Other,Mobile
C02529,2025-04-15,MT01,25-34,Cosmetics,25-34 | Cosmetics,Other,Mobile
C02530,2025-04-15,MT01,25-34,Cosmetics,25-34 | Cosmetics,Metro,Mobile
C02531,2025-04-15,MT03,18-24,Cosmetics,18-24 | Cosmetics,Metro,Mobile
C02532,2025-04-15,MT03,25-34,Cosmetics,25-34 | Cosmetics,Other,Mobile
C02533,2025-04-15,TT01,25-34,Fashion,25-34 | Fashion,Metro,Desktop
C02534,2025-04-15,TT01,18-24,Cosmetics,18-24 | Cosmetics,Other,Mobile
C02535,2025-04-15,EM01,45+,Fashion,45+ | Fashion,Other,Desktop
C02536,2025-04-15,OR01,25-34,Fashion,25-34 | Fashion,Other,Mobile
C02537,2025-04-15,OR01,35-44,Fashion,35-44 | Fashion,Metro,Mobile
C02538,2025-04-15,OR01,35-44,Cosmetics,35-44 | Cosmetics,Other,Desktop
C02539,2025-04-15,OR01,18-24,Fashion,18-24 | Fashion,Other,Mobile
C02540,2025-04-15,OR01,25-34,Fashion,25-34 | Fashion,Metro,Mobile
C02541,2025-04-16,GG01,45+,Fashion,45+ | Fashion,Metro,Mobile
C02542,2025-04-16,GG01,35-44,Fashion,35-44 | Fashion,Metro,Mobile
C02543,2025-04-16,GG01,45+,Fashion,45+ | Fashion,Other,Mobile
C02544,2025-04-16,GG02,25-34,Fashion,25-34 | Fashion,Metro,Desktop
C02545,2025-04-16,GG02,25-34,Cosmetics,25-34 | Cosmetics,Metro,Desktop
C02546,2025-04-16,GG02,25-34,Fashion,25-34 | Fashion,Other,Desktop
C02547,2025-04-16,GG03,25-34,Fashion,25-34 | Fashion,Metro,Desktop
C02548,2025-04-16,GG03,18-24,Fashion,18-24 | Fashion,Metro,Mobile
C02549,2025-04-16,GG03,25-34,Fashion,25-34 | Fashion,Other,Desktop
C02550,2025-04-16,MT01,25-34,Fashion,25-34 | Fashion,Metro,Mobile
C02551,2025-04-16,MT01,25-34,Cosmetics,25-34 | Cosmetics,Other,Desktop
C02552,2025-04-16,MT01,45+,Cosmetics,45+ | Cosmetics,Other,Mobile
C02553,2025-04-16,MT02,35-44,Fashion,35-44 | Fashion,Other,Mobile
C02554,2025-04-16,MT02,25-34,Cosmetics,25-34 | Cosmetics,Other,Mobile
C02555,2025-04-16,MT02,35-44,Fashion,35-44 | Fashion,Metro,Mobile
C02556,2025-04-16,TT01,18-24,Fashion,18-24 | Fashion,Metro,Mobile
C02557,2025-04-16,TT02,25-34,Cosmetics,25-34 | Cosmetics,Other,Mobile
C02558,2025-04-16,TT02,25-34,Cosmetics,25-34 | Cosmetics,Other,Mobile
C02559,2025-04-16,TT02,18-24,Fashion,18-24 | Fashion,Metro,Mobile
C02560,2025-04-16,EM01,18-24,Fashion,18-24 | Fashion,Other,Mobile
C02561,2025-04-16,EM01,35-44,Cosmetics,35-44 | Cosmetics,Metro,Mobile
C02562,2025-04-16,OR01,25-34,Fashion,25-34 | Fashion,Other,Mobile
C02563,2025-04-16,OR01,25-34,Cosmetics,25-34 | Cosmetics,Metro,Desktop
C02564,2025-04-16,OR01,35-44,Fashion,35-44 | Fashion,Other,Desktop
C02565,2025-04-16,OR01,25-34,Fashion,25-34 | Fashion,Metro,Mobile
C02566,2025-04-16,OR01,18-24,Cosmetics,18-24 | Cosmetics,Metro,Mobile
C02567,2025-04-16,OR02,18-24,Cosmetics,18-24 | Cosmetics,Other,Mobile
C02568,2025-04-17,GG01,25-34,Cosmetics,25-34 | Cosmetics,Other,Desktop
C02569,2025-04-17,GG02,35-44,Fashion,35-44 | Fashion,Metro,Mobile
C02570,2025-04-17,GG02,35-44,Fashion,35-44 | Fashion,Metro,Mobile
C02571,2025-04-17,GG02,25-34,Fashion,25-34 | Fashion,Metro,Desktop
C02572,2025-04-17,GG02,35-44,Fashion,35-44 | Fashion,Metro,Desktop
C02573,2025-04-17,GG02,45+,Fashion,45+ | Fashion,Other,Desktop
C02574,2025-04-17,GG02,25-34,Fashion,25-34 | Fashion,Metro,Desktop
C02575,2025-04-17,GG02,35-44,Cosmetics,35-44 | Cosmetics,Metro,Desktop
C02576,2025-04-17,GG02,35-44,Cosmetics,35-44 | Cosmetics,Other,Desktop
C02577,2025-04-17,GG03,18-24,Fashion,18-24 | Fashion,Other,Mobile
C02578,2025-04-17,GG03,25-34,Fashion,25-34 | Fashion,Other,Mobile
C02579,2025-04-17,GG03,35-44,Cosmetics,35-44 | Cosmetics,Other,Desktop
C02580,2025-04-17,GG03,18-24,Cosmetics,18-24 | Cosmetics,Other,Mobile
C02581,2025-04-17,GG03,35-44,Cosmetics,35-44 | Cosmetics,Metro,Desktop
C02582,2025-04-17,GG03,35-44,Cosmetics,35-44 | Cosmetics,Other,Mobile
C02583,2025-04-17,MT01,25-34,Cosmetics,25-34 | Cosmetics,Other,Mobile
C02584,2025-04-17,MT01,35-44,Fashion,35-44 | Fashion,Metro,Desktop
C02585,2025-04-17,MT02,45+,Fashion,45+ | Fashion,Other,Mobile
C02586,2025-04-17,MT02,25-34,Fashion,25-34 | Fashion,Metro,Mobile
C02587,2025-04-17,MT02,18-24,Fashion,18-24 | Fashion,Metro,Mobile
C02588,2025-04-17,MT02,18-24,Cosmetics,18-24 | Cosmetics,Metro,Desktop
C02589,2025-04-17,MT03,25-34,Fashion,25-34 | Fashion,Metro,Mobile
C02590,2025-04-17,TT01,25-34,Fashion,25-34 | Fashion,Metro,Mobile
C02591,2025-04-17,TT01,35-44,Fashion,35-44 | Fashion,Metro,Mobile
C02592,2025-04-17,TT01,18-24,Cosmetics,18-24 | Cosmetics,Metro,Mobile
C02593,2025-04-17,TT02,25-34,Cosmetics,25-34 | Cosmetics,Other,Mobile
C02594,2025-04-17,EM01,25-34,Fashion,25-34 | Fashion,Other,Desktop
C02595,2025-04-17,EM02,35-44,Cosmetics,35-44 | Cosmetics,Metro,Desktop
C02596,2025-04-17,OR01,25-34,Cosmetics,25-34 | Cosmetics,Metro,Mobile
C02597,2025-04-17,OR02,18-24,Fashion,18-24 | Fashion,Metro,Mobile
C02598,2025-04-17,OR02,18-24,Cosmetics,18-24 | Cosmetics,Other,Mobile
C02599,2025-04-18,GG01,35-44,Fashion,35-44 | Fashion,Metro,Mobile
C02600,2025-04-18,GG02,25-34,Cosmetics,25-34 | Cosmetics,Other,Desktop
C02601,2025-04-18,GG02,35-44,Fashion,35-44 | Fashion,Other,Desktop
C02602,2025-04-18,GG02,35-44,Fashion,35-44 | Fashion,Other,Mobile
C02603,2025-04-18,GG02,25-34,Fashion,25-34 | Fashion,Other,Mobile
C02604,2025-04-18,GG02,25-34,Cosmetics,25-34 | Cosmetics,Other,Mobile
C02605,2025-04-18,GG02,45+,Fashion,45+ | Fashion,Other,Desktop
C02606,2025-04-18,GG03,35-44,Fashion,35-44 | Fashion,Metro,Mobile
C02607,2025-04-18,MT01,35-44,Fashion,35-44 | Fashion,Metro,Mobile
C02608,2025-04-18,MT01,18-24,Cosmetics,18-24 | Cosmetics,Other,Mobile
C02609,2025-04-18,MT01,18-24,Fashion,18-24 | Fashion,Other,Mobile
C02610,2025-04-18,MT01,18-24,Cosmetics,18-24 | Cosmetics,Metro,Mobile
C02611,2025-04-18,MT02,45+,Fashion,45+ | Fashion,Other,Mobile
C02612,2025-04-18,MT03,18-24,Fashion,18-24 | Fashion,Metro,Mobile
C02613,2025-04-18,MT03,25-34,Cosmetics,25-34 | Cosmetics,Metro,Mobile
C02614,2025-04-18,TT01,18-24,Fashion,18-24 | Fashion,Other,Mobile
C02615,2025-04-18,TT02,18-24,Cosmetics,18-24 | Cosmetics,Metro,Mobile
C02616,2025-04-18,TT02,18-24,Fashion,18-24 | Fashion,Metro,Mobile
C02617,2025-04-18,EM01,45+,Cosmetics,45+ | Cosmetics,Metro,Mobile
C02618,2025-04-18,EM01,18-24,Fashion,18-24 | Fashion,Other,Mobile
C02619,2025-04-18,EM02,25-34,Fashion,25-34 | Fashion,Metro,Mobile
C02620,2025-04-18,OR01,18-24,Fashion,18-24 | Fashion,Other,Mobile
C02621,2025-04-18,OR01,35-44,Cosmetics,35-44 | Cosmetics,Metro,Mobile
C02622,2025-04-18,OR01,35-44,Cosmetics,35-44 | Cosmetics,Other,Mobile
C02623,2025-04-18,OR01,35-44,Cosmetics,35-44 | Cosmetics,Other,Mobile
C02624,2025-04-18,OR01,35-44,Fashion,35-44 | Fashion,Metro,Mobile
C02625,2025-04-18,OR01,25-34,Cosmetics,25-34 | Cosmetics,Other,Mobile
C02626,2025-04-18,OR01,18-24,Fashion,18-24 | Fashion,Other,Mobile
C02627,2025-04-18,OR01,35-44,Cosmetics,35-44 | Cosmetics,Metro,Mobile
C02628,2025-04-18,OR02,35-44,Cosmetics,35-44 | Cosmetics,Other,Mobile
C02629,2025-04-18,OR02,25-34,Fashion,25-34 | Fashion,Metro,Mobile
C02630,2025-04-19,GG01,45+,Fashion,45+ | Fashion,Metro,Mobile
C02631,2025-04-19,GG01,35-44,Fashion,35-44 | Fashion,Metro,Mobile
C02632,2025-04-19,GG02,25-34,Fashion,25-34 | Fashion,Metro,Desktop
C02633,2025-04-19,GG02,35-44,Fashion,35-44 | Fashion,Other,Mobile
C02634,2025-04-19,GG02,35-44,Fashion,35-44 | Fashion,Other,Mobile
C02635,2025-04-19,GG03,35-44,Fashion,35-44 | Fashion,Metro,Mobile
C02636,2025-04-19,MT01,45+,Cosmetics,45+ | Cosmetics,Metro,Mobile
C02637,2025-04-19,MT01,25-34,Fashion,25-34 | Fashion,Other,Desktop
C02638,2025-04-19,MT01,35-44,Fashion,35-44 | Fashion,Other,Mobile
C02639,2025-04-19,MT01,25-34,Cosmetics,25-34 | Cosmetics,Metro,Mobile
C02640,2025-04-19,MT02,25-34,Fashion,25-34 | Fashion,Other,Mobile
C02641,2025-04-19,MT02,25-34,Cosmetics,25-34 | Cosmetics,Metro,Desktop
C02642,2025-04-19,MT02,25-34,Fashion,25-34 | Fashion,Other,Mobile
C02643,2025-04-19,MT03,45+,Fashion,45+ | Fashion,Other,Mobile
C02644,2025-04-19,TT01,18-24,Fashion,18-24 | Fashion,Metro,Mobile
C02645,2025-04-19,TT01,18-24,Cosmetics,18-24 | Cosmetics,Other,Mobile
C02646,2025-04-19,TT01,18-24,Fashion,18-24 | Fashion,Other,Mobile
C02647,2025-04-19,TT01,18-24,Cosmetics,18-24 | Cosmetics,Other,Mobile
C02648,2025-04-19,TT02,25-34,Fashion,25-34 | Fashion,Other,Mobile
C02649,2025-04-19,TT02,25-34,Cosmetics,25-34 | Cosmetics,Other,Mobile
C02650,2025-04-19,TT02,18-24,Cosmetics,18-24 | Cosmetics,Other,Mobile
C02651,2025-04-19,EM01,35-44,Fashion,35-44 | Fashion,Metro,Desktop
C02652,2025-04-19,EM01,45+,Fashion,45+ | Fashion,Metro,Mobile
C02653,2025-04-19,EM01,18-24,Cosmetics,18-24 | Cosmetics,Metro,Desktop
C02654,2025-04-19,OR01,35-44,Fashion,35-44 | Fashion,Metro,Desktop
C02655,2025-04-19,OR01,45+,Cosmetics,45+ | Cosmetics,Other,Mobile
C02656,2025-04-19,OR01,35-44,Cosmetics,35-44 | Cosmetics,Other,Mobile
C02657,2025-04-19,OR01,35-44,Fashion,35-44 | Fashion,Other,Desktop
C02658,2025-04-19,OR02,25-34,Fashion,25-34 | Fashion,Other,Mobile
C02659,2025-04-19,OR02,18-24,Fashion,18-24 | Fashion,Metro,Mobile
C02660,2025-04-20,GG01,25-34,Fashion,25-34 | Fashion,Other,Desktop
C02661,2025-04-20,GG01,35-44,Fashion,35-44 | Fashion,Metro,Mobile
C02662,2025-04-20,GG01,35-44,Cosmetics,35-44 | Cosmetics,Metro,Desktop
C02663,2025-04-20,GG01,45+,Cosmetics,45+ | Cosmetics,Other,Desktop
C02664,2025-04-20,GG01,25-34,Cosmetics,25-34 | Cosmetics,Other,Desktop
C02665,2025-04-20,GG01,25-34,Cosmetics,25-34 | Cosmetics,Metro,Mobile
C02666,2025-04-20,GG02,45+,Cosmetics,45+ | Cosmetics,Other,Desktop
C02667,2025-04-20,GG02,35-44,Cosmetics,35-44 | Cosmetics,Metro,Mobile
C02668,2025-04-20,GG02,45+,Fashion,45+ | Fashion,Other,Desktop
C02669,2025-04-20,GG02,35-44,Cosmetics,35-44 | Cosmetics,Metro,Mobile
C02670,2025-04-20,MT01,25-34,Cosmetics,25-34 | Cosmetics,Metro,Mobile
C02671,2025-04-20,MT01,45+,Cosmetics,45+ | Cosmetics,Metro,Mobile
C02672,2025-04-20,MT01,25-34,Cosmetics,25-34 | Cosmetics,Metro,Desktop
C02673,2025-04-20,MT01,35-44,Cosmetics,35-44 | Cosmetics,Metro,Mobile
C02674,2025-04-20,MT02,45+,Cosmetics,45+ | Cosmetics,Metro,Mobile
C02675,2025-04-20,MT02,25-34,Cosmetics,25-34 | Cosmetics,Other,Mobile
C02676,2025-04-20,MT03,45+,Fashion,45+ | Fashion,Metro,Mobile
C02677,2025-04-20,TT01,18-24,Cosmetics,18-24 | Cosmetics,Other,Mobile
C02678,2025-04-20,TT01,18-24,Cosmetics,18-24 | Cosmetics,Metro,Mobile
C02679,2025-04-20,TT01,25-34,Cosmetics,25-34 | Cosmetics,Other,Mobile
C02680,2025-04-20,TT01,18-24,Fashion,18-24 | Fashion,Other,Mobile
C02681,2025-04-20,TT02,25-34,Fashion,25-34 | Fashion,Other,Mobile
C02682,2025-04-20,EM01,35-44,Cosmetics,35-44 | Cosmetics,Other,Mobile
C02683,2025-04-20,OR01,45+,Fashion,45+ | Fashion,Other,Mobile
C02684,2025-04-20,OR01,35-44,Cosmetics,35-44 | Cosmetics,Metro,Mobile
C02685,2025-04-20,OR01,45+,Fashion,45+ | Fashion,Metro,Mobile
C02686,2025-04-20,OR01,18-24,Cosmetics,18-24 | Cosmetics,Other,Mobile
C02687,2025-04-20,OR01,18-24,Cosmetics,18-24 | Cosmetics,Metro,Mobile
C02688,2025-04-20,OR02,35-44,Cosmetics,35-44 | Cosmetics,Metro,Desktop
C02689,2025-04-20,OR02,18-24,Fashion,18-24 | Fashion,Metro,Mobile
C02690,2025-04-20,OR02,25-34,Cosmetics,25-34 | Cosmetics,Other,Mobile
C02691,2025-04-21,GG01,45+,Fashion,45+ | Fashion,Metro,Mobile
C02692,2025-04-21,GG02,25-34,Fashion,25-34 | Fashion,Other,Mobile
C02693,2025-04-21,GG02,25-34,Fashion,25-34 | Fashion,Metro,Mobile
C02694,2025-04-21,GG02,25-34,Fashion,25-34 | Fashion,Other,Mobile
C02695,2025-04-21,GG02,25-34,Cosmetics,25-34 | Cosmetics,Other,Mobile
C02696,2025-04-21,GG02,25-34,Fashion,25-34 | Fashion,Metro,Mobile
C02697,2025-04-21,GG02,25-34,Fashion,25-34 | Fashion,Metro,Mobile
C02698,2025-04-21,GG03,25-34,Fashion,25-34 | Fashion,Other,Mobile
C02699,2025-04-21,GG03,35-44,Fashion,35-44 | Fashion,Metro,Mobile
C02700,2025-04-21,GG03,35-44,Fashion,35-44 | Fashion,Other,Desktop
C02701,2025-04-21,GG03,35-44,Cosmetics,35-44 | Cosmetics,Metro,Mobile
C02702,2025-04-21,MT01,25-34,Cosmetics,25-34 | Cosmetics,Metro,Mobile
C02703,2025-04-21,MT01,18-24,Fashion,18-24 | Fashion,Other,Mobile
C02704,2025-04-21,MT01,18-24,Cosmetics,18-24 | Cosmetics,Metro,Desktop
C02705,2025-04-21,MT01,18-24,Cosmetics,18-24 | Cosmetics,Other,Mobile
C02706,2025-04-21,MT02,25-34,Fashion,25-34 | Fashion,Metro,Mobile
C02707,2025-04-21,MT02,45+,Fashion,45+ | Fashion,Metro,Mobile
C02708,2025-04-21,MT02,25-34,Fashion,25-34 | Fashion,Metro,Mobile
C02709,2025-04-21,MT03,25-34,Fashion,25-34 | Fashion,Other,Mobile
C02710,2025-04-21,MT03,45+,Cosmetics,45+ | Cosmetics,Metro,Mobile
C02711,2025-04-21,TT01,18-24,Cosmetics,18-24 | Cosmetics,Other,Mobile
C02712,2025-04-21,TT01,18-24,Fashion,18-24 | Fashion,Other,Mobile
C02713,2025-04-21,TT01,25-34,Cosmetics,25-34 | Cosmetics,Other,Mobile
C02714,2025-04-21,TT01,18-24,Fashion,18-24 | Fashion,Metro,Mobile
C02715,2025-04-21,TT02,25-34,Cosmetics,25-34 | Cosmetics,Other,Mobile
C02716,2025-04-21,TT02,25-34,Cosmetics,25-34 | Cosmetics,Other,Mobile
C02717,2025-04-21,EM01,25-34,Cosmetics,25-34 | Cosmetics,Other,Mobile
C02718,2025-04-21,EM01,18-24,Fashion,18-24 | Fashion,Metro,Desktop
C02719,2025-04-21,EM02,35-44,Fashion,35-44 | Fashion,Metro,Desktop
C02720,2025-04-21,EM02,25-34,Cosmetics,25-34 | Cosmetics,Metro,Desktop
C02721,2025-04-21,OR01,35-44,Cosmetics,35-44 | Cosmetics,Other,Desktop
C02722,2025-04-21,OR01,25-34,Cosmetics,25-34 | Cosmetics,Metro,Mobile
C02723,2025-04-21,OR01,25-34,Fashion,25-34 | Fashion,Other,Desktop
C02724,2025-04-21,OR02,25-34,Cosmetics,25-34 | Cosmetics,Metro,Mobile
C02725,2025-04-21,OR02,18-24,Cosmetics,18-24 | Cosmetics,Metro,Mobile
C02726,2025-04-22,GG01,35-44,Fashion,35-44 | Fashion,Metro,Mobile
C02727,2025-04-22,GG01,35-44,Fashion,35-44 | Fashion,Metro,Mobile
C02728,2025-04-22,GG02,25-34,Cosmetics,25-34 | Cosmetics,Metro,Mobile
C02729,2025-04-22,GG03,25-34,Fashion,25-34 | Fashion,Metro,Mobile
C02730,2025-04-22,GG03,35-44,Cosmetics,35-44 | Cosmetics,Metro,Mobile
C02731,2025-04-22,MT01,35-44,Fashion,35-44 | Fashion,Metro,Mobile
C02732,2025-04-22,MT02,25-34,Fashion,25-34 | Fashion,Other,Mobile
C02733,2025-04-22,TT01,18-24,Cosmetics,18-24 | Cosmetics,Metro,Mobile
C02734,2025-04-22,TT01,18-24,Fashion,18-24 | Fashion,Other,Mobile
C02735,2025-04-22,TT01,18-24,Cosmetics,18-24 | Cosmetics,Other,Mobile
C02736,2025-04-22,TT01,35-44,Fashion,35-44 | Fashion,Metro,Mobile
C02737,2025-04-22,TT01,18-24,Fashion,18-24 | Fashion,Other,Mobile
C02738,2025-04-22,TT01,18-24,Cosmetics,18-24 | Cosmetics,Metro,Mobile
C02739,2025-04-22,TT02,35-44,Cosmetics,35-44 | Cosmetics,Other,Mobile
C02740,2025-04-22,OR01,35-44,Fashion,35-44 | Fashion,Metro,Mobile
C02741,2025-04-22,OR01,35-44,Cosmetics,35-44 | Cosmetics,Other,Mobile
C02742,2025-04-22,OR01,35-44,Fashion,35-44 | Fashion,Metro,Mobile
C02743,2025-04-22,OR02,35-44,Cosmetics,35-44 | Cosmetics,Other,Mobile
C02744,2025-04-22,OR02,35-44,Fashion,35-44 | Fashion,Metro,Mobile
C02745,2025-04-23,GG01,35-44,Fashion,35-44 | Fashion,Metro,Desktop
C02746,2025-04-23,GG01,25-34,Cosmetics,25-34 | Cosmetics,Other,Mobile
C02747,2025-04-23,GG01,35-44,Cosmetics,35-44 | Cosmetics,Other,Mobile
C02748,2025-04-23,GG01,25-34,Cosmetics,25-34 | Cosmetics,Metro,Mobile
C02749,2025-04-23,GG02,18-24,Fashion,18-24 | Fashion,Other,Desktop
C02750,2025-04-23,GG02,25-34,Fashion,25-34 | Fashion,Other,Mobile
C02751,2025-04-23,GG02,45+,Fashion,45+ | Fashion,Other,Mobile
C02752,2025-04-23,GG02,35-44,Cosmetics,35-44 | Cosmetics,Metro,Mobile
C02753,2025-04-23,GG03,18-24,Fashion,18-24 | Fashion,Other,Mobile
C02754,2025-04-23,GG03,25-34,Cosmetics,25-34 | Cosmetics,Other,Mobile
C02755,2025-04-23,GG03,18-24,Fashion,18-24 | Fashion,Metro,Desktop
C02756,2025-04-23,GG03,25-34,Cosmetics,25-34 | Cosmetics,Metro,Desktop
C02757,2025-04-23,MT01,25-34,Cosmetics,25-34 | Cosmetics,Metro,Mobile
C02758,2025-04-23,MT01,25-34,Fashion,25-34 | Fashion,Metro,Mobile
C02759,2025-04-23,MT01,18-24,Cosmetics,18-24 | Cosmetics,Metro,Mobile
C02760,2025-04-23,MT02,18-24,Fashion,18-24 | Fashion,Other,Desktop
C02761,2025-04-23,MT03,35-44,Fashion,35-44 | Fashion,Other,Mobile
C02762,2025-04-23,MT03,45+,Cosmetics,45+ | Cosmetics,Metro,Mobile
C02763,2025-04-23,TT01,18-24,Cosmetics,18-24 | Cosmetics,Metro,Mobile
C02764,2025-04-23,TT01,18-24,Cosmetics,18-24 | Cosmetics,Metro,Mobile
C02765,2025-04-23,TT01,25-34,Fashion,25-34 | Fashion,Metro,Mobile
C02766,2025-04-23,TT01,25-34,Fashion,25-34 | Fashion,Other,Mobile
C02767,2025-04-23,TT02,25-34,Cosmetics,25-34 | Cosmetics,Other,Mobile
C02768,2025-04-23,EM01,45+,Cosmetics,45+ | Cosmetics,Metro,Desktop
C02769,2025-04-23,EM02,35-44,Fashion,35-44 | Fashion,Metro,Mobile
C02770,2025-04-23,OR01,18-24,Cosmetics,18-24 | Cosmetics,Other,Mobile
C02771,2025-04-23,OR01,25-34,Fashion,25-34 | Fashion,Other,Desktop
C02772,2025-04-23,OR01,35-44,Cosmetics,35-44 | Cosmetics,Metro,Desktop
C02773,2025-04-23,OR01,25-34,Fashion,25-34 | Fashion,Metro,Mobile
C02774,2025-04-23,OR01,25-34,Cosmetics,25-34 | Cosmetics,Other,Desktop
C02775,2025-04-24,GG01,25-34,Fashion,25-34 | Fashion,Other,Desktop
C02776,2025-04-24,GG01,35-44,Fashion,35-44 | Fashion,Metro,Mobile
C02777,2025-04-24,GG01,35-44,Fashion,35-44 | Fashion,Metro,Desktop
C02778,2025-04-24,GG02,45+,Cosmetics,45+ | Cosmetics,Other,Desktop
C02779,2025-04-24,GG02,35-44,Cosmetics,35-44 | Cosmetics,Other,Desktop
C02780,2025-04-24,GG02,45+,Fashion,45+ | Fashion,Metro,Desktop
C02781,2025-04-24,GG03,35-44,Fashion,35-44 | Fashion,Metro,Desktop
C02782,2025-04-24,GG03,45+,Fashion,45+ | Fashion,Metro,Mobile
C02783,2025-04-24,MT01,25-34,Cosmetics,25-34 | Cosmetics,Other,Desktop
C02784,2025-04-24,MT01,35-44,Fashion,35-44 | Fashion,Other,Mobile
C02785,2025-04-24,MT01,25-34,Cosmetics,25-34 | Cosmetics,Other,Mobile
C02786,2025-04-24,MT02,25-34,Cosmetics,25-34 | Cosmetics,Metro,Desktop
C02787,2025-04-24,MT02,18-24,Fashion,18-24 | Fashion,Metro,Mobile
C02788,2025-04-24,MT02,25-34,Fashion,25-34 | Fashion,Metro,Desktop
C02789,2025-04-24,MT03,45+,Fashion,45+ | Fashion,Other,Mobile
C02790,2025-04-24,MT03,35-44,Cosmetics,35-44 | Cosmetics,Other,Mobile
C02791,2025-04-24,TT01,25-34,Cosmetics,25-34 | Cosmetics,Metro,Desktop
C02792,2025-04-24,TT01,18-24,Fashion,18-24 | Fashion,Other,Mobile
C02793,2025-04-24,TT01,18-24,Cosmetics,18-24 | Cosmetics,Other,Mobile
C02794,2025-04-24,TT01,35-44,Fashion,35-44 | Fashion,Other,Mobile
C02795,2025-04-24,TT02,25-34,Fashion,25-34 | Fashion,Metro,Mobile
C02796,2025-04-24,TT02,18-24,Cosmetics,18-24 | Cosmetics,Other,Mobile
C02797,2025-04-24,EM01,45+,Fashion,45+ | Fashion,Metro,Desktop
C02798,2025-04-24,EM02,18-24,Fashion,18-24 | Fashion,Metro,Mobile
C02799,2025-04-24,OR01,35-44,Fashion,35-44 | Fashion,Metro,Mobile
C02800,2025-04-24,OR01,45+,Fashion,45+ | Fashion,Other,Desktop
C02801,2025-04-24,OR01,18-24,Fashion,18-24 | Fashion,Other,Mobile
C02802,2025-04-24,OR01,25-34,Fashion,25-34 | Fashion,Other,Desktop
C02803,2025-04-24,OR02,25-34,Cosmetics,25-34 | Cosmetics,Metro,Mobile
C02804,2025-04-25,GG01,45+,Fashion,45+ | Fashion,Other,Mobile
C02805,2025-04-25,GG02,45+,Fashion,45+ | Fashion,Metro,Desktop
C02806,2025-04-25,GG02,18-24,Cosmetics,18-24 | Cosmetics,Metro,Mobile
C02807,2025-04-25,MT01,45+,Cosmetics,45+ | Cosmetics,Other,Mobile
C02808,2025-04-25,MT01,18-24,Cosmetics,18-24 | Cosmetics,Other,Mobile
C02809,2025-04-25,MT01,18-24,Cosmetics,18-24 | Cosmetics,Other,Mobile
C02810,2025-04-25,MT02,25-34,Cosmetics,25-34 | Cosmetics,Other,Mobile
C02811,2025-04-25,MT02,35-44,Fashion,35-44 | Fashion,Metro,Mobile
C02812,2025-04-25,MT02,25-34,Cosmetics,25-34 | Cosmetics,Metro,Mobile
C02813,2025-04-25,MT02,25-34,Fashion,25-34 | Fashion,Metro,Mobile
C02814,2025-04-25,TT01,18-24,Cosmetics,18-24 | Cosmetics,Metro,Mobile
C02815,2025-04-25,TT01,25-34,Cosmetics,25-34 | Cosmetics,Metro,Mobile
C02816,2025-04-25,TT01,18-24,Fashion,18-24 | Fashion,Other,Mobile
C02817,2025-04-25,TT01,18-24,Cosmetics,18-24 | Cosmetics,Other,Mobile
C02818,2025-04-25,TT01,35-44,Cosmetics,35-44 | Cosmetics,Metro,Mobile
C02819,2025-04-25,TT02,18-24,Cosmetics,18-24 | Cosmetics,Metro,Mobile
C02820,2025-04-25,TT02,25-34,Fashion,25-34 | Fashion,Other,Mobile
C02821,2025-04-25,TT02,45+,Fashion,45+ | Fashion,Metro,Mobile
C02822,2025-04-25,EM01,35-44,Fashion,35-44 | Fashion,Metro,Desktop
C02823,2025-04-25,EM02,25-34,Fashion,25-34 | Fashion,Metro,Desktop
C02824,2025-04-25,OR01,18-24,Cosmetics,18-24 | Cosmetics,Metro,Mobile
C02825,2025-04-25,OR01,25-34,Fashion,25-34 | Fashion,Metro,Mobile
C02826,2025-04-25,OR01,35-44,Fashion,35-44 | Fashion,Metro,Desktop
C02827,2025-04-25,OR01,25-34,Fashion,25-34 | Fashion,Metro,Mobile
C02828,2025-04-25,OR02,25-34,Cosmetics,25-34 | Cosmetics,Metro,Mobile
C02829,2025-04-26,GG01,25-34,Fashion,25-34 | Fashion,Metro,Desktop
C02830,2025-04-26,GG01,25-34,Fashion,25-34 | Fashion,Metro,Desktop
C02831,2025-04-26,GG01,45+,Fashion,45+ | Fashion,Metro,Mobile
C02832,2025-04-26,GG01,25-34,Cosmetics,25-34 | Cosmetics,Metro,Mobile
C02833,2025-04-26,GG02,45+,Fashion,45+ | Fashion,Metro,Desktop
C02834,2025-04-26,GG02,18-24,Fashion,18-24 | Fashion,Metro,Mobile
C02835,2025-04-26,GG02,35-44,Cosmetics,35-44 | Cosmetics,Metro,Desktop
C02836,2025-04-26,GG03,18-24,Fashion,18-24 | Fashion,Other,Mobile
C02837,2025-04-26,GG03,35-44,Fashion,35-44 | Fashion,Other,Desktop
C02838,2025-04-26,GG03,35-44,Fashion,35-44 | Fashion,Metro,Mobile
C02839,2025-04-26,MT01,25-34,Fashion,25-34 | Fashion,Other,Mobile
C02840,2025-04-26,MT02,35-44,Cosmetics,35-44 | Cosmetics,Metro,Mobile
C02841,2025-04-26,MT03,25-34,Cosmetics,25-34 | Cosmetics,Metro,Mobile
C02842,2025-04-26,MT03,18-24,Cosmetics,18-24 | Cosmetics,Metro,Mobile
C02843,2025-04-26,TT01,18-24,Cosmetics,18-24 | Cosmetics,Metro,Mobile
C02844,2025-04-26,TT01,25-34,Cosmetics,25-34 | Cosmetics,Other,Mobile
C02845,2025-04-26,TT02,25-34,Cosmetics,25-34 | Cosmetics,Metro,Mobile
C02846,2025-04-26,TT02,25-34,Fashion,25-34 | Fashion,Other,Mobile
C02847,2025-04-26,EM01,45+,Fashion,45+ | Fashion,Metro,Mobile
C02848,2025-04-26,EM01,18-24,Fashion,18-24 | Fashion,Other,Mobile
C02849,2025-04-26,EM02,35-44,Cosmetics,35-44 | Cosmetics,Metro,Mobile
C02850,2025-04-26,OR01,25-34,Fashion,25-34 | Fashion,Other,Mobile
C02851,2025-04-27,GG01,25-34,Fashion,25-34 | Fashion,Metro,Mobile
C02852,2025-04-27,GG01,25-34,Fashion,25-34 | Fashion,Other,Mobile
C02853,2025-04-27,GG01,35-44,Cosmetics,35-44 | Cosmetics,Other,Mobile
C02854,2025-04-27,GG02,45+,Fashion,45+ | Fashion,Metro,Mobile
C02855,2025-04-27,GG02,25-34,Fashion,25-34 | Fashion,Metro,Mobile
C02856,2025-04-27,GG03,45+,Fashion,45+ | Fashion,Metro,Desktop
C02857,2025-04-27,GG03,35-44,Fashion,35-44 | Fashion,Other,Desktop
C02858,2025-04-27,GG03,18-24,Cosmetics,18-24 | Cosmetics,Metro,Mobile
C02859,2025-04-27,GG03,18-24,Fashion,18-24 | Fashion,Metro,Desktop
C02860,2025-04-27,GG03,35-44,Fashion,35-44 | Fashion,Other,Mobile
C02861,2025-04-27,MT01,25-34,Fashion,25-34 | Fashion,Other,Mobile
C02862,2025-04-27,MT01,35-44,Fashion,35-44 | Fashion,Metro,Mobile
C02863,2025-04-27,MT01,35-44,Fashion,35-44 | Fashion,Metro,Mobile
C02864,2025-04-27,MT01,18-24,Fashion,18-24 | Fashion,Other,Mobile
C02865,2025-04-27,TT01,18-24,Cosmetics,18-24 | Cosmetics,Metro,Mobile
C02866,2025-04-27,TT01,18-24,Cosmetics,18-24 | Cosmetics,Metro,Mobile
C02867,2025-04-27,EM01,35-44,Cosmetics,35-44 | Cosmetics,Metro,Desktop
C02868,2025-04-27,EM01,45+,Cosmetics,45+ | Cosmetics,Metro,Desktop
C02869,2025-04-27,EM01,45+,Fashion,45+ | Fashion,Other,Desktop
C02870,2025-04-27,EM01,25-34,Cosmetics,25-34 | Cosmetics,Metro,Mobile
C02871,2025-04-27,OR01,45+,Fashion,45+ | Fashion,Metro,Desktop
C02872,2025-04-27,OR01,25-34,Cosmetics,25-34 | Cosmetics,Metro,Mobile
C02873,2025-04-27,OR01,35-44,Cosmetics,35-44 | Cosmetics,Metro,Mobile
C02874,2025-04-27,OR01,45+,Fashion,45+ | Fashion,Metro,Desktop
C02875,2025-04-27,OR01,35-44,Cosmetics,35-44 | Cosmetics,Other,Mobile
C02876,2025-04-27,OR01,25-34,Cosmetics,25-34 | Cosmetics,Metro,Mobile
C02877,2025-04-28,GG01,45+,Fashion,45+ | Fashion,Other,Desktop
C02878,2025-04-28,GG02,35-44,Cosmetics,35-44 | Cosmetics,Metro,Desktop
C02879,2025-04-28,GG03,25-34,Cosmetics,25-34 | Cosmetics,Metro,Mobile
C02880,2025-04-28,GG03,45+,Fashion,45+ | Fashion,Metro,Mobile
C02881,2025-04-28,GG03,45+,Cosmetics,45+ | Cosmetics,Metro,Desktop
C02882,2025-04-28,GG03,45+,Fashion,45+ | Fashion,Other,Mobile
C02883,2025-04-28,MT01,45+,Cosmetics,45+ | Cosmetics,Other,Desktop
C02884,2025-04-28,MT01,18-24,Fashion,18-24 | Fashion,Metro,Mobile
C02885,2025-04-28,MT02,45+,Cosmetics,45+ | Cosmetics,Other,Desktop
C02886,2025-04-28,MT02,25-34,Cosmetics,25-34 | Cosmetics,Metro,Mobile
C02887,2025-04-28,TT01,18-24,Cosmetics,18-24 | Cosmetics,Other,Mobile
C02888,2025-04-28,TT01,18-24,Cosmetics,18-24 | Cosmetics,Other,Mobile
C02889,2025-04-28,TT01,45+,Cosmetics,45+ | Cosmetics,Metro,Mobile
C02890,2025-04-28,TT01,18-24,Cosmetics,18-24 | Cosmetics,Other,Mobile
C02891,2025-04-28,TT01,18-24,Cosmetics,18-24 | Cosmetics,Metro,Mobile
C02892,2025-04-28,EM01,25-34,Fashion,25-34 | Fashion,Metro,Mobile
C02893,2025-04-28,EM01,35-44,Fashion,35-44 | Fashion,Other,Mobile
C02894,2025-04-28,EM01,18-24,Cosmetics,18-24 | Cosmetics,Other,Mobile
C02895,2025-04-28,OR01,18-24,Cosmetics,18-24 | Cosmetics,Metro,Mobile
C02896,2025-04-28,OR01,45+,Cosmetics,45+ | Cosmetics,Metro,Mobile
C02897,2025-04-28,OR01,45+,Cosmetics,45+ | Cosmetics,Metro,Desktop
C02898,2025-04-29,GG01,45+,Cosmetics,45+ | Cosmetics,Other,Desktop
C02899,2025-04-29,GG01,35-44,Cosmetics,35-44 | Cosmetics,Metro,Mobile
C02900,2025-04-29,GG02,25-34,Cosmetics,25-34 | Cosmetics,Other,Desktop
C02901,2025-04-29,GG02,18-24,Cosmetics,18-24 | Cosmetics,Metro,Desktop
C02902,2025-04-29,GG03,25-34,Fashion,25-34 | Fashion,Metro,Desktop
C02903,2025-04-29,GG03,35-44,Fashion,35-44 | Fashion,Other,Desktop
C02904,2025-04-29,GG03,35-44,Fashion,35-44 | Fashion,Metro,Mobile
C02905,2025-04-29,GG03,18-24,Fashion,18-24 | Fashion,Metro,Mobile
C02906,2025-04-29,MT01,35-44,Cosmetics,35-44 | Cosmetics,Other,Mobile
C02907,2025-04-29,MT01,25-34,Fashion,25-34 | Fashion,Metro,Desktop
C02908,2025-04-29,MT01,35-44,Fashion,35-44 | Fashion,Other,Desktop
C02909,2025-04-29,MT01,18-24,Cosmetics,18-24 | Cosmetics,Other,Mobile
C02910,2025-04-29,MT03,25-34,Cosmetics,25-34 | Cosmetics,Metro,Mobile
C02911,2025-04-29,TT01,18-24,Fashion,18-24 | Fashion,Other,Mobile
C02912,2025-04-29,TT01,25-34,Fashion,25-34 | Fashion,Other,Mobile
C02913,2025-04-29,TT01,18-24,Fashion,18-24 | Fashion,Metro,Desktop
C02914,2025-04-29,TT02,25-34,Fashion,25-34 | Fashion,Other,Mobile
C02915,2025-04-29,TT02,25-34,Cosmetics,25-34 | Cosmetics,Metro,Mobile
C02916,2025-04-29,TT02,18-24,Cosmetics,18-24 | Cosmetics,Metro,Mobile
C02917,2025-04-29,TT02,18-24,Cosmetics,18-24 | Cosmetics,Metro,Mobile
C02918,2025-04-29,OR01,25-34,Fashion,25-34 | Fashion,Other,Mobile
C02919,2025-04-29,OR01,35-44,Cosmetics,35-44 | Cosmetics,Other,Mobile
C02920,2025-04-29,OR01,25-34,Cosmetics,25-34 | Cosmetics,Other,Mobile
C02921,2025-04-29,OR01,25-34,Fashion,25-34 | Fashion,Other,Mobile
C02922,2025-04-29,OR01,45+,Fashion,45+ | Fashion,Metro,Desktop
C02923,2025-04-29,OR02,18-24,Fashion,18-24 | Fashion,Metro,Mobile
C02924,2025-04-29,OR02,25-34,Fashion,25-34 | Fashion,Metro,Mobile
C02925,2025-04-29,OR02,18-24,Cosmetics,18-24 | Cosmetics,Metro,Mobile
C02926,2025-04-30,GG01,25-34,Fashion,25-34 | Fashion,Other,Desktop
C02927,2025-04-30,GG01,25-34,Cosmetics,25-34 | Cosmetics,Metro,Mobile
C02928,2025-04-30,GG01,35-44,Cosmetics,35-44 | Cosmetics,Metro,Desktop
C02929,2025-04-30,GG01,25-34,Cosmetics,25-34 | Cosmetics,Other,Mobile
C02930,2025-04-30,GG01,25-34,Cosmetics,25-34 | Cosmetics,Metro,Desktop
C02931,2025-04-30,GG02,18-24,Cosmetics,18-24 | Cosmetics,Metro,Mobile
C02932,2025-04-30,GG03,25-34,Cosmetics,25-34 | Cosmetics,Other,Desktop
C02933,2025-04-30,MT01,45+,Cosmetics,45+ | Cosmetics,Metro,Mobile
C02934,2025-04-30,MT01,45+,Cosmetics,45+ | Cosmetics,Other,Mobile
C02935,2025-04-30,MT01,25-34,Fashion,25-34 | Fashion,Other,Mobile
C02936,2025-04-30,MT01,25-34,Cosmetics,25-34 | Cosmetics,Other,Mobile
C02937,2025-04-30,MT01,25-34,Fashion,25-34 | Fashion,Other,Mobile
C02938,2025-04-30,MT01,25-34,Cosmetics,25-34 | Cosmetics,Other,Mobile
C02939,2025-04-30,MT02,18-24,Cosmetics,18-24 | Cosmetics,Metro,Mobile
C02940,2025-04-30,MT02,18-24,Fashion,18-24 | Fashion,Metro,Mobile
C02941,2025-04-30,MT02,35-44,Fashion,35-44 | Fashion,Metro,Mobile
C02942,2025-04-30,MT02,35-44,Fashion,35-44 | Fashion,Metro,Mobile
C02943,2025-04-30,MT02,25-34,Fashion,25-34 | Fashion,Metro,Mobile
C02944,2025-04-30,MT03,25-34,Cosmetics,25-34 | Cosmetics,Metro,Mobile
C02945,2025-04-30,MT03,35-44,Cosmetics,35-44 | Cosmetics,Other,Mobile
C02946,2025-04-30,MT03,18-24,Fashion,18-24 | Fashion,Metro,Mobile
C02947,2025-04-30,TT01,18-24,Cosmetics,18-24 | Cosmetics,Other,Mobile
C02948,2025-04-30,TT01,25-34,Cosmetics,25-34 | Cosmetics,Other,Mobile
C02949,2025-04-30,TT01,25-34,Fashion,25-34 | Fashion,Metro,Mobile
C02950,2025-04-30,TT02,25-34,Fashion,25-34 | Fashion,Other,Mobile
C02951,2025-04-30,EM01,35-44,Cosmetics,35-44 | Cosmetics,Metro,Mobile
C02952,2025-04-30,EM01,25-34,Cosmetics,25-34 | Cosmetics,Metro,Desktop
C02953,2025-04-30,EM01,35-44,Fashion,35-44 | Fashion,Other,Mobile
C02954,2025-04-30,EM02,35-44,Cosmetics,35-44 | Cosmetics,Other,Mobile
C02955,2025-04-30,EM02,18-24,Fashion,18-24 | Fashion,Metro,Mobile
C02956,2025-04-30,EM02,45+,Fashion,45+ | Fashion,Metro,Mobile
C02957,2025-04-30,OR01,25-34,Fashion,25-34 | Fashion,Metro,Desktop
C02958,2025-04-30,OR01,25-34,Fashion,25-34 | Fashion,Metro,Mobile
C02959,2025-04-30,OR02,35-44,Cosmetics,35-44 | Cosmetics,Other,Desktop
C02960,2025-04-30,OR02,35-44,Fashion,35-44 | Fashion,Other,Mobile
C02961,2025-05-01,GG01,25-34,Cosmetics,25-34 | Cosmetics,Metro,Desktop
C02962,2025-05-01,GG01,25-34,Fashion,25-34 | Fashion,Metro,Mobile
C02963,2025-05-01,GG01,35-44,Fashion,35-44 | Fashion,Metro,Mobile
C02964,2025-05-01,GG01,35-44,Cosmetics,35-44 | Cosmetics,Metro,Mobile
C02965,2025-05-01,GG02,18-24,Fashion,18-24 | Fashion,Other,Mobile
C02966,2025-05-01,GG02,18-24,Cosmetics,18-24 | Cosmetics,Metro,Mobile
C02967,2025-05-01,GG02,35-44,Fashion,35-44 | Fashion,Metro,Mobile
C02968,2025-05-01,GG02,35-44,Cosmetics,35-44 | Cosmetics,Metro,Mobile
C02969,2025-05-01,GG02,35-44,Fashion,35-44 | Fashion,Metro,Mobile
C02970,2025-05-01,GG02,35-44,Cosmetics,35-44 | Cosmetics,Other,Desktop
C02971,2025-05-01,GG03,25-34,Fashion,25-34 | Fashion,Metro,Mobile
C02972,2025-05-01,GG03,25-34,Cosmetics,25-34 | Cosmetics,Metro,Desktop
C02973,2025-05-01,GG03,45+,Fashion,45+ | Fashion,Metro,Mobile
C02974,2025-05-01,MT01,25-34,Cosmetics,25-34 | Cosmetics,Metro,Mobile
C02975,2025-05-01,MT01,25-34,Fashion,25-34 | Fashion,Other,Mobile
C02976,2025-05-01,MT02,18-24,Cosmetics,18-24 | Cosmetics,Other,Mobile
C02977,2025-05-01,MT02,25-34,Fashion,25-34 | Fashion,Metro,Mobile
C02978,2025-05-01,MT02,35-44,Fashion,35-44 | Fashion,Metro,Mobile
C02979,2025-05-01,MT03,35-44,Cosmetics,35-44 | Cosmetics,Other,Mobile
C02980,2025-05-01,MT03,45+,Fashion,45+ | Fashion,Metro,Mobile
C02981,2025-05-01,MT03,25-34,Fashion,25-34 | Fashion,Other,Mobile
C02982,2025-05-01,TT01,35-44,Cosmetics,35-44 | Cosmetics,Other,Mobile
C02983,2025-05-01,TT01,25-34,Fashion,25-34 | Fashion,Other,Mobile
C02984,2025-05-01,TT01,18-24,Fashion,18-24 | Fashion,Other,Desktop
C02985,2025-05-01,TT01,25-34,Fashion,25-34 | Fashion,Metro,Mobile
C02986,2025-05-01,TT02,18-24,Cosmetics,18-24 | Cosmetics,Metro,Mobile
C02987,2025-05-01,TT02,25-34,Cosmetics,25-34 | Cosmetics,Other,Desktop
C02988,2025-05-01,EM01,25-34,Fashion,25-34 | Fashion,Metro,Mobile
C02989,2025-05-01,OR01,35-44,Fashion,35-44 | Fashion,Other,Mobile
C02990,2025-05-01,OR01,45+,Cosmetics,45+ | Cosmetics,Metro,Desktop
C02991,2025-05-01,OR01,45+,Cosmetics,45+ | Cosmetics,Metro,Mobile
C02992,2025-05-01,OR01,35-44,Cosmetics,35-44 | Cosmetics,Metro,Mobile
C02993,2025-05-01,OR01,45+,Cosmetics,45+ | Cosmetics,Other,Mobile
C02994,2025-05-01,OR02,25-34,Cosmetics,25-34 | Cosmetics,Other,Mobile
C02995,2025-05-01,OR02,18-24,Cosmetics,18-24 | Cosmetics,Other,Mobile
C02996,2025-05-02,GG01,18-24,Cosmetics,18-24 | Cosmetics,Metro,Desktop
C02997,2025-05-02,GG01,35-44,Fashion,35-44 | Fashion,Other,Mobile
C02998,2025-05-02,GG02,18-24,Fashion,18-24 | Fashion,Metro,Mobile
C02999,2025-05-02,GG02,25-34,Cosmetics,25-34 | Cosmetics,Metro,Desktop
C03000,2025-05-02,GG02,45+,Fashion,45+ | Fashion,Other,Desktop
C03001,2025-05-02,GG03,45+,Fashion,45+ | Fashion,Other,Desktop
C03002,2025-05-02,GG03,25-34,Cosmetics,25-34 | Cosmetics,Metro,Mobile
C03003,2025-05-02,MT01,35-44,Cosmetics,35-44 | Cosmetics,Metro,Mobile
C03004,2025-05-02,MT01,25-34,Cosmetics,25-34 | Cosmetics,Metro,Mobile
C03005,2025-05-02,MT02,25-34,Cosmetics,25-34 | Cosmetics,Metro,Desktop
C03006,2025-05-02,MT02,18-24,Fashion,18-24 | Fashion,Metro,Mobile
C03007,2025-05-02,MT02,25-34,Cosmetics,25-34 | Cosmetics,Metro,Desktop
C03008,2025-05-02,MT03,35-44,Fashion,35-44 | Fashion,Other,Mobile
C03009,2025-05-02,MT03,35-44,Fashion,35-44 | Fashion,Other,Mobile
C03010,2025-05-02,MT03,25-34,Fashion,25-34 | Fashion,Metro,Mobile
C03011,2025-05-02,MT03,45+,Cosmetics,45+ | Cosmetics,Other,Mobile
C03012,2025-05-02,MT03,25-34,Cosmetics,25-34 | Cosmetics,Other,Mobile
C03013,2025-05-02,TT01,18-24,Cosmetics,18-24 | Cosmetics,Metro,Mobile
C03014,2025-05-02,TT01,18-24,Fashion,18-24 | Fashion,Other,Desktop
C03015,2025-05-02,TT01,18-24,Fashion,18-24 | Fashion,Metro,Mobile
C03016,2025-05-02,TT02,45+,Cosmetics,45+ | Cosmetics,Other,Mobile
C03017,2025-05-02,TT02,25-34,Cosmetics,25-34 | Cosmetics,Other,Mobile
C03018,2025-05-02,TT02,25-34,Cosmetics,25-34 | Cosmetics,Metro,Mobile
C03019,2025-05-02,TT02,25-34,Fashion,25-34 | Fashion,Other,Mobile
C03020,2025-05-02,EM01,35-44,Cosmetics,35-44 | Cosmetics,Metro,Mobile
C03021,2025-05-02,EM02,45+,Cosmetics,45+ | Cosmetics,Other,Mobile
C03022,2025-05-02,OR01,35-44,Fashion,35-44 | Fashion,Metro,Mobile
C03023,2025-05-02,OR01,45+,Fashion,45+ | Fashion,Metro,Desktop
C03024,2025-05-02,OR01,35-44,Fashion,35-44 | Fashion,Metro,Desktop
C03025,2025-05-02,OR01,35-44,Cosmetics,35-44 | Cosmetics,Metro,Mobile
C03026,2025-05-02,OR02,25-34,Fashion,25-34 | Fashion,Other,Mobile
C03027,2025-05-03,GG01,45+,Cosmetics,45+ | Cosmetics,Metro,Desktop
C03028,2025-05-03,GG01,35-44,Fashion,35-44 | Fashion,Metro,Desktop
C03029,2025-05-03,GG02,45+,Fashion,45+ | Fashion,Other,Desktop
C03030,2025-05-03,GG02,25-34,Fashion,25-34 | Fashion,Metro,Mobile
C03031,2025-05-03,GG02,18-24,Fashion,18-24 | Fashion,Metro,Mobile
C03032,2025-05-03,GG02,45+,Cosmetics,45+ | Cosmetics,Metro,Mobile
C03033,2025-05-03,GG03,35-44,Cosmetics,35-44 | Cosmetics,Other,Mobile
C03034,2025-05-03,MT01,18-24,Fashion,18-24 | Fashion,Metro,Mobile
C03035,2025-05-03,MT01,45+,Fashion,45+ | Fashion,Metro,Mobile
C03036,2025-05-03,MT01,18-24,Cosmetics,18-24 | Cosmetics,Other,Mobile
C03037,2025-05-03,MT02,35-44,Fashion,35-44 | Fashion,Other,Desktop
C03038,2025-05-03,TT01,18-24,Cosmetics,18-24 | Cosmetics,Other,Mobile
C03039,2025-05-03,TT01,18-24,Cosmetics,18-24 | Cosmetics,Other,Mobile
C03040,2025-05-03,TT01,18-24,Cosmetics,18-24 | Cosmetics,Metro,Mobile
C03041,2025-05-03,TT01,25-34,Fashion,25-34 | Fashion,Metro,Mobile
C03042,2025-05-03,TT01,35-44,Cosmetics,35-44 | Cosmetics,Metro,Mobile
C03043,2025-05-03,TT01,18-24,Fashion,18-24 | Fashion,Metro,Mobile
C03044,2025-05-03,TT01,18-24,Fashion,18-24 | Fashion,Other,Mobile
C03045,2025-05-03,TT02,25-34,Fashion,25-34 | Fashion,Other,Mobile
C03046,2025-05-03,TT02,25-34,Cosmetics,25-34 | Cosmetics,Metro,Mobile
C03047,2025-05-03,TT02,18-24,Cosmetics,18-24 | Cosmetics,Metro,Mobile
C03048,2025-05-03,TT02,25-34,Cosmetics,25-34 | Cosmetics,Other,Mobile
C03049,2025-05-03,TT02,18-24,Cosmetics,18-24 | Cosmetics,Metro,Mobile
C03050,2025-05-03,TT02,25-34,Cosmetics,25-34 | Cosmetics,Metro,Mobile
C03051,2025-05-03,TT02,18-24,Cosmetics,18-24 | Cosmetics,Metro,Mobile
C03052,2025-05-03,EM01,45+,Fashion,45+ | Fashion,Metro,Mobile
C03053,2025-05-03,EM02,25-34,Fashion,25-34 | Fashion,Metro,Mobile
C03054,2025-05-03,OR01,45+,Cosmetics,45+ | Cosmetics,Other,Desktop
C03055,2025-05-03,OR01,25-34,Cosmetics,25-34 | Cosmetics,Other,Desktop
C03056,2025-05-04,GG01,45+,Cosmetics,45+ | Cosmetics,Metro,Desktop
C03057,2025-05-04,GG01,25-34,Cosmetics,25-34 | Cosmetics,Other,Mobile
C03058,2025-05-04,GG01,45+,Fashion,45+ | Fashion,Metro,Mobile
C03059,2025-05-04,GG02,45+,Fashion,45+ | Fashion,Other,Desktop
C03060,2025-05-04,GG02,25-34,Fashion,25-34 | Fashion,Other,Mobile
C03061,2025-05-04,GG02,25-34,Fashion,25-34 | Fashion,Other,Mobile
C03062,2025-05-04,GG03,25-34,Fashion,25-34 | Fashion,Metro,Desktop
C03063,2025-05-04,GG03,25-34,Fashion,25-34 | Fashion,Metro,Mobile
C03064,2025-05-04,GG03,18-24,Fashion,18-24 | Fashion,Metro,Mobile
C03065,2025-05-04,GG03,35-44,Fashion,35-44 | Fashion,Metro,Mobile
C03066,2025-05-04,MT01,18-24,Cosmetics,18-24 | Cosmetics,Other,Mobile
C03067,2025-05-04,MT01,45+,Fashion,45+ | Fashion,Other,Desktop
C03068,2025-05-04,MT01,18-24,Fashion,18-24 | Fashion,Metro,Desktop
C03069,2025-05-04,MT01,18-24,Cosmetics,18-24 | Cosmetics,Other,Mobile
C03070,2025-05-04,MT01,25-34,Fashion,25-34 | Fashion,Other,Desktop
C03071,2025-05-04,MT02,45+,Cosmetics,45+ | Cosmetics,Metro,Mobile
C03072,2025-05-04,MT02,18-24,Fashion,18-24 | Fashion,Other,Mobile
C03073,2025-05-04,MT02,45+,Cosmetics,45+ | Cosmetics,Metro,Mobile
C03074,2025-05-04,MT02,25-34,Cosmetics,25-34 | Cosmetics,Metro,Desktop
C03075,2025-05-04,MT02,35-44,Cosmetics,35-44 | Cosmetics,Metro,Mobile
C03076,2025-05-04,MT03,25-34,Fashion,25-34 | Fashion,Metro,Mobile
C03077,2025-05-04,MT03,25-34,Fashion,25-34 | Fashion,Other,Mobile
C03078,2025-05-04,MT03,25-34,Cosmetics,25-34 | Cosmetics,Other,Mobile
C03079,2025-05-04,TT01,18-24,Cosmetics,18-24 | Cosmetics,Metro,Desktop
C03080,2025-05-04,TT01,18-24,Cosmetics,18-24 | Cosmetics,Metro,Mobile
C03081,2025-05-04,TT01,45+,Cosmetics,45+ | Cosmetics,Other,Mobile
C03082,2025-05-04,TT01,18-24,Cosmetics,18-24 | Cosmetics,Other,Mobile
C03083,2025-05-04,TT01,18-24,Fashion,18-24 | Fashion,Metro,Mobile
C03084,2025-05-04,TT02,18-24,Cosmetics,18-24 | Cosmetics,Metro,Mobile
C03085,2025-05-04,TT02,18-24,Cosmetics,18-24 | Cosmetics,Other,Mobile
C03086,2025-05-04,OR01,25-34,Fashion,25-34 | Fashion,Other,Mobile
C03087,2025-05-04,OR01,45+,Cosmetics,45+ | Cosmetics,Other,Desktop
C03088,2025-05-04,OR01,45+,Fashion,45+ | Fashion,Metro,Mobile
C03089,2025-05-04,OR02,18-24,Fashion,18-24 | Fashion,Metro,Mobile
C03090,2025-05-04,OR02,45+,Cosmetics,45+ | Cosmetics,Metro,Mobile
C03091,2025-05-04,OR02,25-34,Cosmetics,25-34 | Cosmetics,Metro,Mobile
C03092,2025-05-05,GG01,25-34,Fashion,25-34 | Fashion,Metro,Desktop
C03093,2025-05-05,GG01,25-34,Fashion,25-34 | Fashion,Metro,Mobile
C03094,2025-05-05,GG01,25-34,Fashion,25-34 | Fashion,Other,Desktop
C03095,2025-05-05,GG01,35-44,Fashion,35-44 | Fashion,Other,Mobile
C03096,2025-05-05,GG02,18-24,Fashion,18-24 | Fashion,Metro,Desktop
C03097,2025-05-05,GG02,35-44,Fashion,35-44 | Fashion,Metro,Desktop
C03098,2025-05-05,GG02,45+,Fashion,45+ | Fashion,Other,Desktop
C03099,2025-05-05,GG02,35-44,Fashion,35-44 | Fashion,Metro,Mobile
C03100,2025-05-05,GG02,25-34,Fashion,25-34 | Fashion,Other,Desktop
C03101,2025-05-05,GG02,35-44,Fashion,35-44 | Fashion,Metro,Mobile
C03102,2025-05-05,GG03,35-44,Cosmetics,35-44 | Cosmetics,Other,Desktop
C03103,2025-05-05,GG03,45+,Fashion,45+ | Fashion,Metro,Mobile
C03104,2025-05-05,MT01,35-44,Cosmetics,35-44 | Cosmetics,Metro,Mobile
C03105,2025-05-05,MT01,18-24,Cosmetics,18-24 | Cosmetics,Other,Mobile
C03106,2025-05-05,MT01,25-34,Fashion,25-34 | Fashion,Metro,Mobile
C03107,2025-05-05,MT02,35-44,Cosmetics,35-44 | Cosmetics,Other,Mobile
C03108,2025-05-05,MT02,25-34,Cosmetics,25-34 | Cosmetics,Metro,Mobile
C03109,2025-05-05,MT03,25-34,Cosmetics,25-34 | Cosmetics,Metro,Mobile
C03110,2025-05-05,MT03,35-44,Cosmetics,35-44 | Cosmetics,Metro,Mobile
C03111,2025-05-05,MT03,35-44,Fashion,35-44 | Fashion,Metro,Mobile
C03112,2025-05-05,TT01,18-24,Fashion,18-24 | Fashion,Metro,Mobile
C03113,2025-05-05,TT01,18-24,Cosmetics,18-24 | Cosmetics,Other,Mobile
C03114,2025-05-05,TT02,25-34,Fashion,25-34 | Fashion,Other,Mobile
C03115,2025-05-05,TT02,25-34,Fashion,25-34 | Fashion,Other,Mobile
C03116,2025-05-05,TT02,18-24,Fashion,18-24 | Fashion,Metro,Mobile
C03117,2025-05-05,EM01,35-44,Cosmetics,35-44 | Cosmetics,Other,Mobile
C03118,2025-05-05,EM02,35-44,Fashion,35-44 | Fashion,Metro,Desktop
C03119,2025-05-05,OR01,25-34,Fashion,25-34 | Fashion,Other,Mobile
C03120,2025-05-05,OR01,35-44,Cosmetics,35-44 | Cosmetics,Other,Desktop
C03121,2025-05-05,OR01,45+,Fashion,45+ | Fashion,Other,Desktop
C03122,2025-05-05,OR02,25-34,Cosmetics,25-34 | Cosmetics,Metro,Mobile
C03123,2025-05-05,OR02,18-24,Cosmetics,18-24 | Cosmetics,Other,Mobile
C03124,2025-05-05,OR02,25-34,Fashion,25-34 | Fashion,Metro,Mobile
C03125,2025-05-06,GG01,25-34,Fashion,25-34 | Fashion,Metro,Mobile
C03126,2025-05-06,GG01,25-34,Fashion,25-34 | Fashion,Other,Desktop
C03127,2025-05-06,GG01,45+,Fashion,45+ | Fashion,Metro,Mobile
C03128,2025-05-06,GG01,25-34,Fashion,25-34 | Fashion,Metro,Mobile
C03129,2025-05-06,GG02,45+,Fashion,45+ | Fashion,Metro,Mobile
C03130,2025-05-06,GG02,35-44,Fashion,35-44 | Fashion,Metro,Desktop
C03131,2025-05-06,GG02,45+,Fashion,45+ | Fashion,Metro,Desktop
C03132,2025-05-06,GG02,25-34,Cosmetics,25-34 | Cosmetics,Other,Mobile
C03133,2025-05-06,GG02,25-34,Fashion,25-34 | Fashion,Metro,Mobile
C03134,2025-05-06,GG02,35-44,Fashion,35-44 | Fashion,Other,Mobile
C03135,2025-05-06,GG02,35-44,Fashion,35-44 | Fashion,Other,Desktop
C03136,2025-05-06,GG03,45+,Fashion,45+ | Fashion,Other,Mobile
C03137,2025-05-06,MT01,18-24,Fashion,18-24 | Fashion,Other,Mobile
C03138,2025-05-06,MT01,25-34,Cosmetics,25-34 | Cosmetics,Metro,Mobile
C03139,2025-05-06,MT01,25-34,Fashion,25-34 | Fashion,Other,Mobile
C03140,2025-05-06,MT01,18-24,Fashion,18-24 | Fashion,Other,Desktop
C03141,2025-05-06,MT02,18-24,Fashion,18-24 | Fashion,Other,Mobile
C03142,2025-05-06,MT03,25-34,Cosmetics,25-34 | Cosmetics,Metro,Mobile
C03143,2025-05-06,TT01,18-24,Fashion,18-24 | Fashion,Other,Mobile
C03144,2025-05-06,TT02,18-24,Cosmetics,18-24 | Cosmetics,Metro,Mobile
C03145,2025-05-06,TT02,35-44,Cosmetics,35-44 | Cosmetics,Metro,Mobile
C03146,2025-05-06,EM01,45+,Fashion,45+ | Fashion,Metro,Desktop
C03147,2025-05-06,EM01,25-34,Fashion,25-34 | Fashion,Metro,Mobile
C03148,2025-05-06,OR01,35-44,Cosmetics,35-44 | Cosmetics,Metro,Mobile
C03149,2025-05-06,OR01,25-34,Cosmetics,25-34 | Cosmetics,Metro,Mobile
C03150,2025-05-06,OR02,25-34,Fashion,25-34 | Fashion,Other,Mobile
C03151,2025-05-06,OR02,45+,Fashion,45+ | Fashion,Metro,Mobile
C03152,2025-05-07,GG01,25-34,Cosmetics,25-34 | Cosmetics,Metro,Mobile
C03153,2025-05-07,GG01,25-34,Cosmetics,25-34 | Cosmetics,Metro,Mobile
C03154,2025-05-07,GG01,25-34,Cosmetics,25-34 | Cosmetics,Metro,Desktop
C03155,2025-05-07,GG02,45+,Cosmetics,45+ | Cosmetics,Other,Desktop
C03156,2025-05-07,GG03,25-34,Fashion,25-34 | Fashion,Metro,Mobile
C03157,2025-05-07,MT01,45+,Fashion,45+ | Fashion,Other,Desktop
C03158,2025-05-07,MT01,25-34,Cosmetics,25-34 | Cosmetics,Metro,Desktop
C03159,2025-05-07,MT02,25-34,Fashion,25-34 | Fashion,Metro,Mobile
C03160,2025-05-07,MT03,25-34,Fashion,25-34 | Fashion,Other,Mobile
C03161,2025-05-07,MT03,25-34,Cosmetics,25-34 | Cosmetics,Other,Desktop
C03162,2025-05-07,TT01,45+,Cosmetics,45+ | Cosmetics,Other,Mobile
C03163,2025-05-07,TT01,25-34,Cosmetics,25-34 | Cosmetics,Metro,Mobile
C03164,2025-05-07,TT02,18-24,Cosmetics,18-24 | Cosmetics,Other,Mobile
C03165,2025-05-07,TT02,25-34,Cosmetics,25-34 | Cosmetics,Other,Mobile
C03166,2025-05-07,TT02,25-34,Fashion,25-34 | Fashion,Other,Mobile
C03167,2025-05-07,TT02,25-34,Fashion,25-34 | Fashion,Metro,Mobile
C03168,2025-05-07,OR01,18-24,Cosmetics,18-24 | Cosmetics,Other,Mobile
C03169,2025-05-07,OR01,25-34,Cosmetics,25-34 | Cosmetics,Other,Desktop
C03170,2025-05-07,OR01,25-34,Cosmetics,25-34 | Cosmetics,Other,Mobile
C03171,2025-05-07,OR01,25-34,Cosmetics,25-34 | Cosmetics,Metro,Mobile
C03172,2025-05-07,OR02,25-34,Cosmetics,25-34 | Cosmetics,Metro,Mobile
C03173,2025-05-08,GG01,25-34,Cosmetics,25-34 | Cosmetics,Metro,Mobile
C03174,2025-05-08,GG02,35-44,Fashion,35-44 | Fashion,Other,Mobile
C03175,2025-05-08,GG02,25-34,Fashion,25-34 | Fashion,Other,Mobile
C03176,2025-05-08,GG02,25-34,Cosmetics,25-34 | Cosmetics,Other,Desktop
C03177,2025-05-08,GG02,35-44,Cosmetics,35-44 | Cosmetics,Metro,Desktop
C03178,2025-05-08,GG02,25-34,Fashion,25-34 | Fashion,Other,Mobile
C03179,2025-05-08,GG02,35-44,Cosmetics,35-44 | Cosmetics,Other,Desktop
C03180,2025-05-08,GG02,25-34,Fashion,25-34 | Fashion,Metro,Desktop
C03181,2025-05-08,GG03,35-44,Fashion,35-44 | Fashion,Metro,Mobile
C03182,2025-05-08,GG03,18-24,Fashion,18-24 | Fashion,Metro,Desktop
C03183,2025-05-08,GG03,25-34,Fashion,25-34 | Fashion,Other,Mobile
C03184,2025-05-08,GG03,35-44,Fashion,35-44 | Fashion,Metro,Mobile
C03185,2025-05-08,MT01,35-44,Cosmetics,35-44 | Cosmetics,Metro,Mobile
C03186,2025-05-08,MT01,45+,Cosmetics,45+ | Cosmetics,Other,Desktop
C03187,2025-05-08,MT02,35-44,Cosmetics,35-44 | Cosmetics,Other,Mobile
C03188,2025-05-08,MT02,25-34,Cosmetics,25-34 | Cosmetics,Metro,Mobile
C03189,2025-05-08,MT02,25-34,Cosmetics,25-34 | Cosmetics,Metro,Desktop
C03190,2025-05-08,MT03,25-34,Fashion,25-34 | Fashion,Metro,Mobile
C03191,2025-05-08,MT03,25-34,Fashion,25-34 | Fashion,Metro,Mobile
C03192,2025-05-08,TT01,18-24,Cosmetics,18-24 | Cosmetics,Other,Mobile
C03193,2025-05-08,TT01,25-34,Fashion,25-34 | Fashion,Other,Mobile
C03194,2025-05-08,TT01,25-34,Fashion,25-34 | Fashion,Other,Mobile
C03195,2025-05-08,TT01,18-24,Fashion,18-24 | Fashion,Other,Mobile
C03196,2025-05-08,TT01,25-34,Fashion,25-34 | Fashion,Other,Mobile
C03197,2025-05-08,TT01,18-24,Fashion,18-24 | Fashion,Metro,Mobile
C03198,2025-05-08,TT01,25-34,Cosmetics,25-34 | Cosmetics,Other,Mobile
C03199,2025-05-08,TT02,18-24,Fashion,18-24 | Fashion,Metro,Desktop
C03200,2025-05-08,EM01,25-34,Cosmetics,25-34 | Cosmetics,Other,Desktop
C03201,2025-05-08,OR01,35-44,Fashion,35-44 | Fashion,Metro,Desktop
C03202,2025-05-08,OR01,25-34,Cosmetics,25-34 | Cosmetics,Other,Desktop
C03203,2025-05-08,OR01,18-24,Cosmetics,18-24 | Cosmetics,Metro,Mobile
C03204,2025-05-08,OR01,35-44,Fashion,35-44 | Fashion,Metro,Desktop
C03205,2025-05-08,OR01,18-24,Cosmetics,18-24 | Cosmetics,Other,Mobile
C03206,2025-05-09,GG01,25-34,Cosmetics,25-34 | Cosmetics,Metro,Mobile
C03207,2025-05-09,GG02,25-34,Cosmetics,25-34 | Cosmetics,Other,Mobile
C03208,2025-05-09,GG03,18-24,Cosmetics,18-24 | Cosmetics,Other,Mobile
C03209,2025-05-09,MT01,45+,Fashion,45+ | Fashion,Metro,Mobile
C03210,2025-05-09,MT01,35-44,Cosmetics,35-44 | Cosmetics,Metro,Mobile
C03211,2025-05-09,MT01,25-34,Cosmetics,25-34 | Cosmetics,Other,Mobile
C03212,2025-05-09,MT02,25-34,Cosmetics,25-34 | Cosmetics,Other,Mobile
C03213,2025-05-09,MT02,25-34,Fashion,25-34 | Fashion,Metro,Mobile
C03214,2025-05-09,MT02,25-34,Fashion,25-34 | Fashion,Metro,Desktop
C03215,2025-05-09,MT03,25-34,Cosmetics,25-34 | Cosmetics,Metro,Mobile
C03216,2025-05-09,MT03,35-44,Cosmetics,35-44 | Cosmetics,Metro,Mobile
C03217,2025-05-09,MT03,45+,Fashion,45+ | Fashion,Other,Mobile
C03218,2025-05-09,MT03,25-34,Fashion,25-34 | Fashion,Other,Desktop
C03219,2025-05-09,MT03,35-44,Cosmetics,35-44 | Cosmetics,Metro,Desktop
C03220,2025-05-09,MT03,45+,Fashion,45+ | Fashion,Metro,Mobile
C03221,2025-05-09,MT03,18-24,Cosmetics,18-24 | Cosmetics,Other,Desktop
C03222,2025-05-09,TT01,18-24,Cosmetics,18-24 | Cosmetics,Other,Mobile
C03223,2025-05-09,TT01,25-34,Fashion,25-34 | Fashion,Metro,Mobile
C03224,2025-05-09,TT01,25-34,Fashion,25-34 | Fashion,Metro,Mobile
C03225,2025-05-09,TT02,25-34,Fashion,25-34 | Fashion,Other,Mobile
C03226,2025-05-09,TT02,35-44,Cosmetics,35-44 | Cosmetics,Metro,Mobile
C03227,2025-05-09,TT02,18-24,Fashion,18-24 | Fashion,Metro,Mobile
C03228,2025-05-09,TT02,25-34,Cosmetics,25-34 | Cosmetics,Metro,Mobile
C03229,2025-05-09,EM01,45+,Cosmetics,45+ | Cosmetics,Metro,Desktop
C03230,2025-05-09,EM02,25-34,Cosmetics,25-34 | Cosmetics,Metro,Mobile
C03231,2025-05-09,OR01,45+,Fashion,45+ | Fashion,Metro,Desktop
C03232,2025-05-09,OR01,25-34,Cosmetics,25-34 | Cosmetics,Metro,Mobile
C03233,2025-05-09,OR01,45+,Cosmetics,45+ | Cosmetics,Metro,Desktop
C03234,2025-05-09,OR01,25-34,Fashion,25-34 | Fashion,Metro,Desktop
C03235,2025-05-09,OR02,18-24,Fashion,18-24 | Fashion,Other,Mobile
C03236,2025-05-09,OR02,45+,Cosmetics,45+ | Cosmetics,Metro,Mobile
C03237,2025-05-10,GG01,25-34,Fashion,25-34 | Fashion,Metro,Mobile
C03238,2025-05-10,GG01,45+,Cosmetics,45+ | Cosmetics,Metro,Desktop
C03239,2025-05-10,GG01,45+,Fashion,45+ | Fashion,Other,Mobile
C03240,2025-05-10,GG01,35-44,Fashion,35-44 | Fashion,Other,Desktop
C03241,2025-05-10,GG02,35-44,Cosmetics,35-44 | Cosmetics,Metro,Desktop
C03242,2025-05-10,GG02,18-24,Fashion,18-24 | Fashion,Other,Desktop
C03243,2025-05-10,GG02,35-44,Fashion,35-44 | Fashion,Metro,Desktop
C03244,2025-05-10,GG02,35-44,Fashion,35-44 | Fashion,Other,Desktop
C03245,2025-05-10,GG02,35-44,Cosmetics,35-44 | Cosmetics,Metro,Desktop
C03246,2025-05-10,GG03,25-34,Cosmetics,25-34 | Cosmetics,Other,Mobile
C03247,2025-05-10,GG03,25-34,Fashion,25-34 | Fashion,Other,Desktop
C03248,2025-05-10,GG03,18-24,Fashion,18-24 | Fashion,Metro,Mobile
C03249,2025-05-10,GG03,45+,Cosmetics,45+ | Cosmetics,Other,Desktop
C03250,2025-05-10,GG03,25-34,Cosmetics,25-34 | Cosmetics,Metro,Mobile
C03251,2025-05-10,MT01,35-44,Fashion,35-44 | Fashion,Other,Mobile
C03252,2025-05-10,MT01,25-34,Cosmetics,25-34 | Cosmetics,Other,Mobile
C03253,2025-05-10,MT01,25-34,Cosmetics,25-34 | Cosmetics,Metro,Mobile
C03254,2025-05-10,MT02,35-44,Fashion,35-44 | Fashion,Metro,Mobile
C03255,2025-05-10,MT02,25-34,Cosmetics,25-34 | Cosmetics,Other,Desktop
C03256,2025-05-10,TT01,25-34,Cosmetics,25-34 | Cosmetics,Metro,Mobile
C03257,2025-05-10,TT01,18-24,Fashion,18-24 | Fashion,Other,Mobile
C03258,2025-05-10,TT01,18-24,Fashion,18-24 | Fashion,Other,Mobile
C03259,2025-05-10,TT01,25-34,Cosmetics,25-34 | Cosmetics,Other,Mobile
C03260,2025-05-10,TT01,25-34,Fashion,25-34 | Fashion,Other,Desktop
C03261,2025-05-10,TT02,18-24,Cosmetics,18-24 | Cosmetics,Metro,Mobile
C03262,2025-05-10,TT02,45+,Fashion,45+ | Fashion,Metro,Mobile
C03263,2025-05-10,EM01,18-24,Cosmetics,18-24 | Cosmetics,Other,Mobile
C03264,2025-05-10,EM02,35-44,Cosmetics,35-44 | Cosmetics,Other,Mobile
C03265,2025-05-10,OR01,45+,Cosmetics,45+ | Cosmetics,Metro,Desktop
C03266,2025-05-10,OR01,35-44,Fashion,35-44 | Fashion,Other,Mobile
C03267,2025-05-10,OR01,45+,Fashion,45+ | Fashion,Other,Desktop
C03268,2025-05-10,OR01,25-34,Cosmetics,25-34 | Cosmetics,Metro,Mobile
C03269,2025-05-10,OR01,35-44,Fashion,35-44 | Fashion,Other,Mobile
C03270,2025-05-10,OR01,18-24,Cosmetics,18-24 | Cosmetics,Metro,Desktop
C03271,2025-05-10,OR01,25-34,Cosmetics,25-34 | Cosmetics,Metro,Desktop
C03272,2025-05-10,OR01,25-34,Fashion,25-34 | Fashion,Metro,Mobile
C03273,2025-05-10,OR01,35-44,Fashion,35-44 | Fashion,Metro,Mobile
C03274,2025-05-10,OR01,35-44,Fashion,35-44 | Fashion,Metro,Mobile
C03275,2025-05-10,OR02,18-24,Cosmetics,18-24 | Cosmetics,Other,Desktop
C03276,2025-05-10,OR02,25-34,Cosmetics,25-34 | Cosmetics,Other,Mobile
C03277,2025-05-10,OR02,35-44,Fashion,35-44 | Fashion,Metro,Mobile
C03278,2025-05-11,GG02,35-44,Fashion,35-44 | Fashion,Other,Desktop
C03279,2025-05-11,GG02,45+,Fashion,45+ | Fashion,Metro,Mobile
C03280,2025-05-11,GG02,45+,Cosmetics,45+ | Cosmetics,Other,Desktop
C03281,2025-05-11,GG02,25-34,Cosmetics,25-34 | Cosmetics,Metro,Mobile
C03282,2025-05-11,GG03,35-44,Cosmetics,35-44 | Cosmetics,Metro,Desktop
C03283,2025-05-11,GG03,45+,Fashion,45+ | Fashion,Metro,Mobile
C03284,2025-05-11,GG03,35-44,Fashion,35-44 | Fashion,Other,Mobile
C03285,2025-05-11,GG03,25-34,Cosmetics,25-34 | Cosmetics,Metro,Mobile
C03286,2025-05-11,MT01,25-34,Fashion,25-34 | Fashion,Metro,Desktop
C03287,2025-05-11,MT02,25-34,Fashion,25-34 | Fashion,Other,Mobile
C03288,2025-05-11,MT02,25-34,Fashion,25-34 | Fashion,Metro,Mobile
C03289,2025-05-11,MT02,45+,Cosmetics,45+ | Cosmetics,Metro,Mobile
C03290,2025-05-11,MT02,18-24,Fashion,18-24 | Fashion,Metro,Mobile
C03291,2025-05-11,TT01,45+,Fashion,45+ | Fashion,Other,Mobile
C03292,2025-05-11,TT01,18-24,Fashion,18-24 | Fashion,Other,Mobile
C03293,2025-05-11,TT01,18-24,Cosmetics,18-24 | Cosmetics,Metro,Mobile
C03294,2025-05-11,TT01,25-34,Cosmetics,25-34 | Cosmetics,Metro,Mobile
C03295,2025-05-11,TT01,25-34,Cosmetics,25-34 | Cosmetics,Other,Mobile
C03296,2025-05-11,TT01,18-24,Cosmetics,18-24 | Cosmetics,Other,Mobile
C03297,2025-05-11,TT01,25-34,Cosmetics,25-34 | Cosmetics,Other,Mobile
C03298,2025-05-11,TT01,18-24,Fashion,18-24 | Fashion,Other,Mobile
C03299,2025-05-11,TT02,18-24,Cosmetics,18-24 | Cosmetics,Metro,Mobile
C03300,2025-05-11,EM01,25-34,Cosmetics,25-34 | Cosmetics,Other,Mobile
C03301,2025-05-11,EM01,35-44,Cosmetics,35-44 | Cosmetics,Other,Mobile
C03302,2025-05-11,OR01,35-44,Cosmetics,35-44 | Cosmetics,Metro,Mobile
C03303,2025-05-11,OR01,25-34,Fashion,25-34 | Fashion,Other,Mobile
C03304,2025-05-11,OR02,25-34,Fashion,25-34 | Fashion,Metro,Mobile
C03305,2025-05-11,OR02,45+,Cosmetics,45+ | Cosmetics,Other,Desktop
C03306,2025-05-12,GG02,25-34,Fashion,25-34 | Fashion,Other,Mobile
C03307,2025-05-12,GG02,35-44,Cosmetics,35-44 | Cosmetics,Metro,Mobile
C03308,2025-05-12,GG03,45+,Fashion,45+ | Fashion,Other,Mobile
C03309,2025-05-12,GG03,25-34,Fashion,25-34 | Fashion,Other,Desktop
C03310,2025-05-12,GG03,25-34,Fashion,25-34 | Fashion,Metro,Desktop
C03311,2025-05-12,GG03,35-44,Fashion,35-44 | Fashion,Metro,Mobile
C03312,2025-05-12,MT01,25-34,Cosmetics,25-34 | Cosmetics,Other,Mobile
C03313,2025-05-12,MT01,25-34,Cosmetics,25-34 | Cosmetics,Metro,Mobile
C03314,2025-05-12,MT02,18-24,Fashion,18-24 | Fashion,Metro,Mobile
C03315,2025-05-12,MT02,25-34,Fashion,25-34 | Fashion,Metro,Mobile
C03316,2025-05-12,MT02,18-24,Cosmetics,18-24 | Cosmetics,Metro,Mobile
C03317,2025-05-12,MT02,18-24,Fashion,18-24 | Fashion,Metro,Mobile
C03318,2025-05-12,MT02,18-24,Cosmetics,18-24 | Cosmetics,Metro,Mobile
C03319,2025-05-12,MT03,18-24,Fashion,18-24 | Fashion,Metro,Mobile
C03320,2025-05-12,MT03,18-24,Fashion,18-24 | Fashion,Metro,Mobile
C03321,2025-05-12,TT01,18-24,Cosmetics,18-24 | Cosmetics,Other,Mobile
C03322,2025-05-12,TT02,18-24,Cosmetics,18-24 | Cosmetics,Other,Mobile
C03323,2025-05-12,EM01,25-34,Cosmetics,25-34 | Cosmetics,Metro,Mobile
C03324,2025-05-12,EM01,45+,Fashion,45+ | Fashion,Other,Mobile
C03325,2025-05-12,OR01,18-24,Fashion,18-24 | Fashion,Other,Desktop
C03326,2025-05-12,OR01,35-44,Fashion,35-44 | Fashion,Metro,Mobile
C03327,2025-05-12,OR01,25-34,Cosmetics,25-34 | Cosmetics,Other,Mobile
C03328,2025-05-13,GG01,35-44,Fashion,35-44 | Fashion,Metro,Desktop
C03329,2025-05-13,GG01,45+,Cosmetics,45+ | Cosmetics,Metro,Mobile
C03330,2025-05-13,GG01,45+,Cosmetics,45+ | Cosmetics,Metro,Desktop
C03331,2025-05-13,GG01,35-44,Fashion,35-44 | Fashion,Metro,Desktop
C03332,2025-05-13,GG02,35-44,Fashion,35-44 | Fashion,Metro,Desktop
C03333,2025-05-13,GG02,35-44,Cosmetics,35-44 | Cosmetics,Metro,Desktop
C03334,2025-05-13,GG02,35-44,Fashion,35-44 | Fashion,Other,Desktop
C03335,2025-05-13,GG02,45+,Fashion,45+ | Fashion,Metro,Desktop
C03336,2025-05-13,GG03,25-34,Fashion,25-34 | Fashion,Other,Mobile
C03337,2025-05-13,GG03,35-44,Fashion,35-44 | Fashion,Metro,Desktop
C03338,2025-05-13,GG03,18-24,Fashion,18-24 | Fashion,Metro,Mobile
C03339,2025-05-13,GG03,35-44,Fashion,35-44 | Fashion,Metro,Mobile
C03340,2025-05-13,MT01,35-44,Cosmetics,35-44 | Cosmetics,Metro,Mobile
C03341,2025-05-13,MT01,25-34,Fashion,25-34 | Fashion,Metro,Mobile
C03342,2025-05-13,MT01,25-34,Cosmetics,25-34 | Cosmetics,Other,Mobile
C03343,2025-05-13,MT01,18-24,Cosmetics,18-24 | Cosmetics,Metro,Mobile
C03344,2025-05-13,MT01,35-44,Cosmetics,35-44 | Cosmetics,Other,Mobile
C03345,2025-05-13,MT01,25-34,Fashion,25-34 | Fashion,Metro,Mobile
C03346,2025-05-13,MT02,18-24,Cosmetics,18-24 | Cosmetics,Metro,Mobile
C03347,2025-05-13,MT03,25-34,Fashion,25-34 | Fashion,Other,Mobile
C03348,2025-05-13,MT03,25-34,Cosmetics,25-34 | Cosmetics,Other,Mobile
C03349,2025-05-13,TT01,18-24,Cosmetics,18-24 | Cosmetics,Metro,Mobile
C03350,2025-05-13,TT01,18-24,Cosmetics,18-24 | Cosmetics,Metro,Mobile
C03351,2025-05-13,TT01,25-34,Cosmetics,25-34 | Cosmetics,Metro,Mobile
C03352,2025-05-13,TT01,18-24,Fashion,18-24 | Fashion,Other,Mobile
C03353,2025-05-13,TT01,25-34,Fashion,25-34 | Fashion,Other,Mobile
C03354,2025-05-13,TT01,18-24,Cosmetics,18-24 | Cosmetics,Metro,Mobile
C03355,2025-05-13,TT02,18-24,Cosmetics,18-24 | Cosmetics,Other,Mobile
C03356,2025-05-13,TT02,35-44,Fashion,35-44 | Fashion,Metro,Mobile
C03357,2025-05-13,TT02,25-34,Cosmetics,25-34 | Cosmetics,Metro,Mobile
C03358,2025-05-13,EM01,35-44,Cosmetics,35-44 | Cosmetics,Metro,Desktop
C03359,2025-05-13,OR01,25-34,Cosmetics,25-34 | Cosmetics,Metro,Mobile
C03360,2025-05-13,OR01,45+,Fashion,45+ | Fashion,Metro,Mobile
C03361,2025-05-13,OR01,18-24,Fashion,18-24 | Fashion,Metro,Mobile
C03362,2025-05-13,OR01,35-44,Cosmetics,35-44 | Cosmetics,Metro,Desktop
C03363,2025-05-13,OR01,18-24,Fashion,18-24 | Fashion,Metro,Mobile
C03364,2025-05-13,OR01,35-44,Fashion,35-44 | Fashion,Metro,Mobile
C03365,2025-05-14,GG01,45+,Fashion,45+ | Fashion,Metro,Mobile
C03366,2025-05-14,GG01,45+,Fashion,45+ | Fashion,Metro,Mobile
C03367,2025-05-14,GG01,45+,Cosmetics,45+ | Cosmetics,Other,Desktop
C03368,2025-05-14,GG01,35-44,Cosmetics,35-44 | Cosmetics,Other,Desktop
C03369,2025-05-14,GG01,18-24,Fashion,18-24 | Fashion,Metro,Desktop
C03370,2025-05-14,GG02,25-34,Fashion,25-34 | Fashion,Other,Mobile
C03371,2025-05-14,GG02,35-44,Fashion,35-44 | Fashion,Metro,Desktop
C03372,2025-05-14,GG02,25-34,Fashion,25-34 | Fashion,Other,Desktop
C03373,2025-05-14,GG02,25-34,Fashion,25-34 | Fashion,Metro,Mobile
C03374,2025-05-14,GG03,35-44,Fashion,35-44 | Fashion,Other,Desktop
C03375,2025-05-14,GG03,45+,Cosmetics,45+ | Cosmetics,Metro,Mobile
C03376,2025-05-14,MT01,25-34,Fashion,25-34 | Fashion,Metro,Mobile
C03377,2025-05-14,MT01,35-44,Cosmetics,35-44 | Cosmetics,Other,Mobile
C03378,2025-05-14,MT01,35-44,Cosmetics,35-44 | Cosmetics,Other,Mobile
C03379,2025-05-14,MT02,35-44,Cosmetics,35-44 | Cosmetics,Metro,Mobile
C03380,2025-05-14,MT02,18-24,Cosmetics,18-24 | Cosmetics,Metro,Desktop
C03381,2025-05-14,MT02,25-34,Fashion,25-34 | Fashion,Metro,Mobile
C03382,2025-05-14,MT02,35-44,Fashion,35-44 | Fashion,Other,Desktop
C03383,2025-05-14,TT01,25-34,Fashion,25-34 | Fashion,Metro,Mobile
C03384,2025-05-14,TT01,18-24,Cosmetics,18-24 | Cosmetics,Other,Mobile
C03385,2025-05-14,TT01,18-24,Cosmetics,18-24 | Cosmetics,Metro,Mobile
C03386,2025-05-14,TT01,18-24,Fashion,18-24 | Fashion,Other,Mobile
C03387,2025-05-14,TT01,35-44,Cosmetics,35-44 | Cosmetics,Metro,Desktop
C03388,2025-05-14,TT02,18-24,Cosmetics,18-24 | Cosmetics,Other,Mobile
C03389,2025-05-14,OR01,35-44,Fashion,35-44 | Fashion,Metro,Mobile
C03390,2025-05-14,OR01,35-44,Fashion,35-44 | Fashion,Metro,Desktop
C03391,2025-05-14,OR01,35-44,Fashion,35-44 | Fashion,Metro,Mobile
C03392,2025-05-14,OR01,18-24,Cosmetics,18-24 | Cosmetics,Other,Mobile
C03393,2025-05-14,OR01,25-34,Cosmetics,25-34 | Cosmetics,Metro,Desktop
C03394,2025-05-14,OR01,25-34,Cosmetics,25-34 | Cosmetics,Other,Mobile
C03395,2025-05-14,OR01,35-44,Fashion,35-44 | Fashion,Metro,Mobile
C03396,2025-05-14,OR01,25-34,Fashion,25-34 | Fashion,Other,Desktop
C03397,2025-05-14,OR01,35-44,Cosmetics,35-44 | Cosmetics,Other,Mobile
C03398,2025-05-14,OR02,35-44,Fashion,35-44 | Fashion,Other,Mobile
C03399,2025-05-14,OR02,18-24,Cosmetics,18-24 | Cosmetics,Metro,Mobile
C03400,2025-05-15,GG01,18-24,Fashion,18-24 | Fashion,Metro,Desktop
C03401,2025-05-15,GG02,35-44,Cosmetics,35-44 | Cosmetics,Metro,Desktop
C03402,2025-05-15,GG02,35-44,Cosmetics,35-44 | Cosmetics,Metro,Desktop
C03403,2025-05-15,GG03,18-24,Fashion,18-24 | Fashion,Metro,Mobile
C03404,2025-05-15,GG03,25-34,Fashion,25-34 | Fashion,Metro,Mobile
C03405,2025-05-15,GG03,45+,Fashion,45+ | Fashion,Metro,Mobile
C03406,2025-05-15,GG03,35-44,Fashion,35-44 | Fashion,Other,Desktop
C03407,2025-05-15,GG03,18-24,Fashion,18-24 | Fashion,Metro,Desktop
C03408,2025-05-15,GG03,18-24,Fashion,18-24 | Fashion,Other,Desktop
C03409,2025-05-15,MT01,25-34,Fashion,25-34 | Fashion,Other,Mobile
C03410,2025-05-15,MT01,25-34,Cosmetics,25-34 | Cosmetics,Other,Mobile
C03411,2025-05-15,MT01,18-24,Fashion,18-24 | Fashion,Metro,Mobile
C03412,2025-05-15,MT02,18-24,Fashion,18-24 | Fashion,Metro,Mobile
C03413,2025-05-15,MT03,25-34,Fashion,25-34 | Fashion,Other,Mobile
C03414,2025-05-15,TT01,35-44,Cosmetics,35-44 | Cosmetics,Other,Mobile
C03415,2025-05-15,TT01,18-24,Cosmetics,18-24 | Cosmetics,Other,Mobile
C03416,2025-05-15,TT01,18-24,Cosmetics,18-24 | Cosmetics,Metro,Mobile
C03417,2025-05-15,TT01,18-24,Cosmetics,18-24 | Cosmetics,Other,Mobile
C03418,2025-05-15,TT01,18-24,Fashion,18-24 | Fashion,Other,Mobile
C03419,2025-05-15,TT02,18-24,Cosmetics,18-24 | Cosmetics,Other,Mobile
C03420,2025-05-15,TT02,35-44,Fashion,35-44 | Fashion,Other,Mobile
C03421,2025-05-15,TT02,18-24,Cosmetics,18-24 | Cosmetics,Metro,Mobile
C03422,2025-05-15,EM01,25-34,Cosmetics,25-34 | Cosmetics,Metro,Mobile
C03423,2025-05-15,EM02,35-44,Cosmetics,35-44 | Cosmetics,Metro,Mobile
C03424,2025-05-15,OR01,25-34,Fashion,25-34 | Fashion,Metro,Desktop
C03425,2025-05-15,OR01,35-44,Fashion,35-44 | Fashion,Other,Mobile
C03426,2025-05-15,OR01,25-34,Fashion,25-34 | Fashion,Other,Mobile
C03427,2025-05-15,OR01,45+,Fashion,45+ | Fashion,Metro,Mobile
C03428,2025-05-15,OR02,25-34,Cosmetics,25-34 | Cosmetics,Other,Mobile
C03429,2025-05-15,OR02,25-34,Cosmetics,25-34 | Cosmetics,Metro,Mobile
C03430,2025-05-16,GG01,35-44,Fashion,35-44 | Fashion,Other,Mobile
C03431,2025-05-16,GG01,35-44,Fashion,35-44 | Fashion,Metro,Desktop
C03432,2025-05-16,GG01,25-34,Cosmetics,25-34 | Cosmetics,Other,Desktop
C03433,2025-05-16,GG01,35-44,Cosmetics,35-44 | Cosmetics,Metro,Mobile
C03434,2025-05-16,GG02,25-34,Cosmetics,25-34 | Cosmetics,Metro,Mobile
C03435,2025-05-16,GG02,45+,Cosmetics,45+ | Cosmetics,Metro,Desktop
C03436,2025-05-16,GG02,45+,Cosmetics,45+ | Cosmetics,Metro,Mobile
C03437,2025-05-16,GG03,35-44,Cosmetics,35-44 | Cosmetics,Other,Mobile
C03438,2025-05-16,GG03,35-44,Fashion,35-44 | Fashion,Metro,Desktop
C03439,2025-05-16,MT01,45+,Cosmetics,45+ | Cosmetics,Metro,Mobile
C03440,2025-05-16,MT01,25-34,Cosmetics,25-34 | Cosmetics,Metro,Desktop
C03441,2025-05-16,MT02,25-34,Cosmetics,25-34 | Cosmetics,Metro,Mobile
C03442,2025-05-16,MT02,45+,Fashion,45+ | Fashion,Other,Mobile
C03443,2025-05-16,MT02,25-34,Cosmetics,25-34 | Cosmetics,Metro,Mobile
C03444,2025-05-16,MT02,35-44,Cosmetics,35-44 | Cosmetics,Metro,Mobile
C03445,2025-05-16,MT03,25-34,Fashion,25-34 | Fashion,Metro,Mobile
C03446,2025-05-16,MT03,18-24,Cosmetics,18-24 | Cosmetics,Other,Mobile
C03447,2025-05-16,MT03,25-34,Fashion,25-34 | Fashion,Other,Mobile
C03448,2025-05-16,TT01,18-24,Cosmetics,18-24 | Cosmetics,Metro,Mobile
C03449,2025-05-16,TT01,35-44,Cosmetics,35-44 | Cosmetics,Other,Mobile
C03450,2025-05-16,TT02,25-34,Fashion,25-34 | Fashion,Other,Mobile
C03451,2025-05-16,EM01,25-34,Cosmetics,25-34 | Cosmetics,Metro,Mobile
C03452,2025-05-16,OR01,45+,Fashion,45+ | Fashion,Metro,Mobile
C03453,2025-05-16,OR02,25-34,Cosmetics,25-34 | Cosmetics,Metro,Mobile
C03454,2025-05-16,OR02,35-44,Fashion,35-44 | Fashion,Metro,Mobile
C03455,2025-05-16,OR02,35-44,Fashion,35-44 | Fashion,Metro,Mobile
C03456,2025-05-17,GG01,35-44,Fashion,35-44 | Fashion,Metro,Mobile
C03457,2025-05-17,GG01,45+,Fashion,45+ | Fashion,Metro,Mobile
C03458,2025-05-17,GG02,35-44,Fashion,35-44 | Fashion,Metro,Mobile
C03459,2025-05-17,GG02,45+,Fashion,45+ | Fashion,Other,Mobile
C03460,2025-05-17,GG02,25-34,Cosmetics,25-34 | Cosmetics,Metro,Mobile
C03461,2025-05-17,GG03,35-44,Cosmetics,35-44 | Cosmetics,Other,Desktop
C03462,2025-05-17,GG03,45+,Fashion,45+ | Fashion,Other,Desktop
C03463,2025-05-17,GG03,25-34,Fashion,25-34 | Fashion,Other,Desktop
C03464,2025-05-17,GG03,25-34,Fashion,25-34 | Fashion,Other,Desktop
C03465,2025-05-17,MT01,35-44,Fashion,35-44 | Fashion,Metro,Mobile
C03466,2025-05-17,MT01,18-24,Cosmetics,18-24 | Cosmetics,Other,Mobile
C03467,2025-05-17,MT01,25-34,Cosmetics,25-34 | Cosmetics,Other,Mobile
C03468,2025-05-17,MT01,25-34,Cosmetics,25-34 | Cosmetics,Metro,Mobile
C03469,2025-05-17,MT02,25-34,Cosmetics,25-34 | Cosmetics,Other,Desktop
C03470,2025-05-17,MT02,45+,Fashion,45+ | Fashion,Other,Mobile
C03471,2025-05-17,MT03,18-24,Cosmetics,18-24 | Cosmetics,Metro,Mobile
C03472,2025-05-17,MT03,25-34,Fashion,25-34 | Fashion,Metro,Mobile
C03473,2025-05-17,MT03,25-34,Cosmetics,25-34 | Cosmetics,Metro,Mobile
C03474,2025-05-17,MT03,18-24,Fashion,18-24 | Fashion,Metro,Desktop
C03475,2025-05-17,TT01,25-34,Cosmetics,25-34 | Cosmetics,Other,Mobile
C03476,2025-05-17,TT01,18-24,Cosmetics,18-24 | Cosmetics,Other,Mobile
C03477,2025-05-17,TT01,45+,Cosmetics,45+ | Cosmetics,Metro,Mobile
C03478,2025-05-17,TT01,25-34,Fashion,25-34 | Fashion,Metro,Mobile
C03479,2025-05-17,TT01,18-24,Cosmetics,18-24 | Cosmetics,Metro,Mobile
C03480,2025-05-17,EM01,25-34,Fashion,25-34 | Fashion,Other,Mobile
C03481,2025-05-17,EM02,35-44,Cosmetics,35-44 | Cosmetics,Metro,Desktop
C03482,2025-05-17,OR01,25-34,Fashion,25-34 | Fashion,Metro,Mobile
C03483,2025-05-17,OR01,45+,Fashion,45+ | Fashion,Other,Mobile
C03484,2025-05-17,OR01,35-44,Cosmetics,35-44 | Cosmetics,Metro,Mobile
C03485,2025-05-17,OR02,25-34,Cosmetics,25-34 | Cosmetics,Metro,Mobile
C03486,2025-05-18,GG01,25-34,Fashion,25-34 | Fashion,Metro,Desktop
C03487,2025-05-18,GG01,25-34,Fashion,25-34 | Fashion,Other,Mobile
C03488,2025-05-18,GG01,45+,Fashion,45+ | Fashion,Metro,Desktop
C03489,2025-05-18,GG02,45+,Cosmetics,45+ | Cosmetics,Other,Mobile
C03490,2025-05-18,GG02,25-34,Cosmetics,25-34 | Cosmetics,Metro,Desktop
C03491,2025-05-18,GG02,25-34,Cosmetics,25-34 | Cosmetics,Metro,Mobile
C03492,2025-05-18,GG02,25-34,Fashion,25-34 | Fashion,Metro,Desktop
C03493,2025-05-18,GG03,35-44,Fashion,35-44 | Fashion,Metro,Desktop
C03494,2025-05-18,GG03,45+,Cosmetics,45+ | Cosmetics,Other,Desktop
C03495,2025-05-18,GG03,25-34,Cosmetics,25-34 | Cosmetics,Metro,Desktop
C03496,2025-05-18,GG03,35-44,Fashion,35-44 | Fashion,Other,Mobile
C03497,2025-05-18,GG03,25-34,Fashion,25-34 | Fashion,Metro,Desktop
C03498,2025-05-18,MT01,25-34,Cosmetics,25-34 | Cosmetics,Metro,Mobile
C03499,2025-05-18,MT01,35-44,Cosmetics,35-44 | Cosmetics,Other,Desktop
C03500,2025-05-18,MT01,35-44,Cosmetics,35-44 | Cosmetics,Other,Mobile
C03501,2025-05-18,MT01,25-34,Fashion,25-34 | Fashion,Metro,Mobile
C03502,2025-05-18,MT02,18-24,Cosmetics,18-24 | Cosmetics,Other,Mobile
C03503,2025-05-18,MT02,18-24,Fashion,18-24 | Fashion,Other,Mobile
C03504,2025-05-18,MT02,35-44,Cosmetics,35-44 | Cosmetics,Other,Mobile
C03505,2025-05-18,MT02,18-24,Cosmetics,18-24 | Cosmetics,Metro,Mobile
C03506,2025-05-18,MT02,25-34,Fashion,25-34 | Fashion,Metro,Mobile
C03507,2025-05-18,TT01,25-34,Cosmetics,25-34 | Cosmetics,Metro,Mobile
C03508,2025-05-18,TT01,18-24,Cosmetics,18-24 | Cosmetics,Other,Mobile
C03509,2025-05-18,TT01,18-24,Cosmetics,18-24 | Cosmetics,Other,Mobile
C03510,2025-05-18,TT01,18-24,Cosmetics,18-24 | Cosmetics,Metro,Mobile
C03511,2025-05-18,TT01,18-24,Cosmetics,18-24 | Cosmetics,Other,Mobile
C03512,2025-05-18,TT01,18-24,Fashion,18-24 | Fashion,Other,Mobile
C03513,2025-05-18,TT02,25-34,Cosmetics,25-34 | Cosmetics,Other,Mobile
C03514,2025-05-18,EM01,35-44,Fashion,35-44 | Fashion,Metro,Desktop
C03515,2025-05-18,EM01,25-34,Cosmetics,25-34 | Cosmetics,Metro,Mobile
C03516,2025-05-18,OR01,25-34,Fashion,25-34 | Fashion,Other,Mobile
C03517,2025-05-18,OR02,18-24,Fashion,18-24 | Fashion,Other,Mobile
C03518,2025-05-19,GG01,45+,Fashion,45+ | Fashion,Other,Mobile
C03519,2025-05-19,GG02,18-24,Cosmetics,18-24 | Cosmetics,Metro,Desktop
C03520,2025-05-19,GG02,35-44,Cosmetics,35-44 | Cosmetics,Metro,Mobile
C03521,2025-05-19,GG02,25-34,Cosmetics,25-34 | Cosmetics,Other,Mobile
C03522,2025-05-19,GG03,25-34,Cosmetics,25-34 | Cosmetics,Other,Desktop
C03523,2025-05-19,MT01,35-44,Cosmetics,35-44 | Cosmetics,Metro,Mobile
C03524,2025-05-19,MT01,18-24,Fashion,18-24 | Fashion,Metro,Mobile
C03525,2025-05-19,MT01,25-34,Fashion,25-34 | Fashion,Metro,Mobile
C03526,2025-05-19,MT02,18-24,Cosmetics,18-24 | Cosmetics,Metro,Mobile
C03527,2025-05-19,MT03,18-24,Cosmetics,18-24 | Cosmetics,Other,Mobile
C03528,2025-05-19,MT03,35-44,Cosmetics,35-44 | Cosmetics,Other,Mobile
C03529,2025-05-19,MT03,25-34,Cosmetics,25-34 | Cosmetics,Metro,Desktop
C03530,2025-05-19,TT01,25-34,Fashion,25-34 | Fashion,Other,Mobile
C03531,2025-05-19,TT01,18-24,Cosmetics,18-24 | Cosmetics,Other,Mobile
C03532,2025-05-19,TT01,18-24,Cosmetics,18-24 | Cosmetics,Metro,Mobile
C03533,2025-05-19,TT01,35-44,Fashion,35-44 | Fashion,Other,Mobile
C03534,2025-05-19,TT02,25-34,Fashion,25-34 | Fashion,Metro,Mobile
C03535,2025-05-19,TT02,25-34,Cosmetics,25-34 | Cosmetics,Metro,Mobile
C03536,2025-05-19,EM01,45+,Cosmetics,45+ | Cosmetics,Metro,Desktop
C03537,2025-05-19,EM02,25-34,Cosmetics,25-34 | Cosmetics,Metro,Mobile
C03538,2025-05-19,OR01,35-44,Fashion,35-44 | Fashion,Metro,Mobile
C03539,2025-05-19,OR01,25-34,Cosmetics,25-34 | Cosmetics,Metro,Mobile
C03540,2025-05-19,OR01,45+,Cosmetics,45+ | Cosmetics,Metro,Mobile
C03541,2025-05-19,OR02,18-24,Fashion,18-24 | Fashion,Other,Mobile
C03542,2025-05-20,GG01,45+,Cosmetics,45+ | Cosmetics,Metro,Mobile
C03543,2025-05-20,GG01,45+,Fashion,45+ | Fashion,Other,Desktop
C03544,2025-05-20,GG01,45+,Fashion,45+ | Fashion,Other,Mobile
C03545,2025-05-20,GG02,35-44,Cosmetics,35-44 | Cosmetics,Other,Desktop
C03546,2025-05-20,GG02,25-34,Fashion,25-34 | Fashion,Other,Desktop
C03547,2025-05-20,GG02,25-34,Cosmetics,25-34 | Cosmetics,Metro,Desktop
C03548,2025-05-20,GG03,45+,Fashion,45+ | Fashion,Other,Mobile
C03549,2025-05-20,GG03,18-24,Fashion,18-24 | Fashion,Other,Mobile
C03550,2025-05-20,GG03,18-24,Fashion,18-24 | Fashion,Metro,Mobile
C03551,2025-05-20,GG03,35-44,Fashion,35-44 | Fashion,Other,Desktop
C03552,2025-05-20,MT01,18-24,Fashion,18-24 | Fashion,Metro,Mobile
C03553,2025-05-20,MT01,25-34,Cosmetics,25-34 | Cosmetics,Metro,Mobile
C03554,2025-05-20,MT02,25-34,Cosmetics,25-34 | Cosmetics,Metro,Desktop
C03555,2025-05-20,MT02,35-44,Cosmetics,35-44 | Cosmetics,Other,Mobile
C03556,2025-05-20,MT03,35-44,Cosmetics,35-44 | Cosmetics,Metro,Mobile
C03557,2025-05-20,MT03,35-44,Fashion,35-44 | Fashion,Metro,Mobile
C03558,2025-05-20,TT01,45+,Fashion,45+ | Fashion,Metro,Mobile
C03559,2025-05-20,TT01,25-34,Cosmetics,25-34 | Cosmetics,Metro,Mobile
C03560,2025-05-20,TT01,25-34,Fashion,25-34 | Fashion,Other,Mobile
C03561,2025-05-20,TT02,25-34,Fashion,25-34 | Fashion,Other,Mobile
C03562,2025-05-20,OR01,45+,Fashion,45+ | Fashion,Metro,Desktop
C03563,2025-05-20,OR01,35-44,Cosmetics,35-44 | Cosmetics,Other,Desktop
C03564,2025-05-20,OR01,35-44,Fashion,35-44 | Fashion,Metro,Mobile
C03565,2025-05-20,OR02,18-24,Cosmetics,18-24 | Cosmetics,Other,Mobile
C03566,2025-05-21,GG01,25-34,Fashion,25-34 | Fashion,Metro,Desktop
C03567,2025-05-21,GG01,25-34,Fashion,25-34 | Fashion,Metro,Mobile
C03568,2025-05-21,GG02,45+,Fashion,45+ | Fashion,Metro,Mobile
C03569,2025-05-21,GG02,35-44,Cosmetics,35-44 | Cosmetics,Other,Desktop
C03570,2025-05-21,GG03,25-34,Cosmetics,25-34 | Cosmetics,Other,Mobile
C03571,2025-05-21,GG03,25-34,Fashion,25-34 | Fashion,Other,Mobile
C03572,2025-05-21,GG03,35-44,Cosmetics,35-44 | Cosmetics,Other,Mobile
C03573,2025-05-21,MT01,35-44,Fashion,35-44 | Fashion,Metro,Mobile
C03574,2025-05-21,MT01,18-24,Fashion,18-24 | Fashion,Metro,Mobile
C03575,2025-05-21,MT01,45+,Fashion,45+ | Fashion,Metro,Mobile
C03576,2025-05-21,MT02,25-34,Fashion,25-34 | Fashion,Metro,Mobile
C03577,2025-05-21,MT02,25-34,Fashion,25-34 | Fashion,Other,Desktop
C03578,2025-05-21,MT02,18-24,Fashion,18-24 | Fashion,Metro,Mobile
C03579,2025-05-21,MT03,25-34,Fashion,25-34 | Fashion,Metro,Desktop
C03580,2025-05-21,TT01,35-44,Cosmetics,35-44 | Cosmetics,Metro,Mobile
C03581,2025-05-21,TT01,25-34,Cosmetics,25-34 | Cosmetics,Metro,Mobile
C03582,2025-05-21,TT01,18-24,Fashion,18-24 | Fashion,Metro,Mobile
C03583,2025-05-21,TT02,18-24,Cosmetics,18-24 | Cosmetics,Other,Desktop
C03584,2025-05-21,TT02,18-24,Cosmetics,18-24 | Cosmetics,Metro,Mobile
C03585,2025-05-21,OR01,35-44,Fashion,35-44 | Fashion,Other,Mobile
C03586,2025-05-21,OR01,25-34,Cosmetics,25-34 | Cosmetics,Other,Mobile
C03587,2025-05-21,OR01,25-34,Cosmetics,25-34 | Cosmetics,Other,Mobile
C03588,2025-05-21,OR02,25-34,Fashion,25-34 | Fashion,Metro,Mobile
C03589,2025-05-22,GG01,25-34,Cosmetics,25-34 | Cosmetics,Other,Desktop
C03590,2025-05-22,GG01,35-44,Fashion,35-44 | Fashion,Metro,Mobile
C03591,2025-05-22,GG01,45+,Cosmetics,45+ | Cosmetics,Other,Desktop
C03592,2025-05-22,GG02,45+,Fashion,45+ | Fashion,Metro,Desktop
C03593,2025-05-22,GG02,35-44,Fashion,35-44 | Fashion,Metro,Desktop
C03594,2025-05-22,GG02,18-24,Fashion,18-24 | Fashion,Metro,Mobile
C03595,2025-05-22,GG02,35-44,Fashion,35-44 | Fashion,Metro,Desktop
C03596,2025-05-22,GG02,35-44,Fashion,35-44 | Fashion,Other,Mobile
C03597,2025-05-22,GG02,18-24,Cosmetics,18-24 | Cosmetics,Metro,Desktop
C03598,2025-05-22,GG02,45+,Fashion,45+ | Fashion,Metro,Desktop
C03599,2025-05-22,GG02,35-44,Cosmetics,35-44 | Cosmetics,Other,Desktop
C03600,2025-05-22,GG03,25-34,Fashion,25-34 | Fashion,Other,Mobile
C03601,2025-05-22,GG03,35-44,Fashion,35-44 | Fashion,Other,Desktop
C03602,2025-05-22,MT01,25-34,Fashion,25-34 | Fashion,Metro,Mobile
C03603,2025-05-22,MT02,25-34,Cosmetics,25-34 | Cosmetics,Metro,Mobile
C03604,2025-05-22,MT02,35-44,Fashion,35-44 | Fashion,Other,Mobile
C03605,2025-05-22,MT02,18-24,Cosmetics,18-24 | Cosmetics,Metro,Mobile
C03606,2025-05-22,MT03,18-24,Fashion,18-24 | Fashion,Metro,Mobile
C03607,2025-05-22,MT03,35-44,Cosmetics,35-44 | Cosmetics,Other,Mobile
C03608,2025-05-22,MT03,18-24,Fashion,18-24 | Fashion,Other,Mobile
C03609,2025-05-22,MT03,35-44,Cosmetics,35-44 | Cosmetics,Other,Mobile
C03610,2025-05-22,TT01,18-24,Cosmetics,18-24 | Cosmetics,Metro,Mobile
C03611,2025-05-22,TT01,18-24,Cosmetics,18-24 | Cosmetics,Metro,Mobile
C03612,2025-05-22,TT01,18-24,Fashion,18-24 | Fashion,Metro,Mobile
C03613,2025-05-22,TT01,18-24,Cosmetics,18-24 | Cosmetics,Metro,Mobile
C03614,2025-05-22,TT02,18-24,Cosmetics,18-24 | Cosmetics,Other,Mobile
C03615,2025-05-22,TT02,18-24,Fashion,18-24 | Fashion,Metro,Mobile
C03616,2025-05-22,TT02,25-34,Cosmetics,25-34 | Cosmetics,Other,Mobile
C03617,2025-05-22,EM01,25-34,Fashion,25-34 | Fashion,Metro,Mobile
C03618,2025-05-22,EM01,25-34,Fashion,25-34 | Fashion,Other,Mobile
C03619,2025-05-22,OR01,35-44,Cosmetics,35-44 | Cosmetics,Other,Mobile
C03620,2025-05-22,OR01,45+,Fashion,45+ | Fashion,Metro,Desktop
C03621,2025-05-22,OR01,35-44,Cosmetics,35-44 | Cosmetics,Other,Desktop
C03622,2025-05-23,GG01,25-34,Cosmetics,25-34 | Cosmetics,Metro,Desktop
C03623,2025-05-23,GG01,35-44,Fashion,35-44 | Fashion,Metro,Mobile
C03624,2025-05-23,GG01,25-34,Cosmetics,25-34 | Cosmetics,Metro,Mobile
C03625,2025-05-23,GG01,25-34,Cosmetics,25-34 | Cosmetics,Other,Mobile
C03626,2025-05-23,GG02,35-44,Fashion,35-44 | Fashion,Other,Mobile
C03627,2025-05-23,GG02,35-44,Fashion,35-44 | Fashion,Metro,Desktop
C03628,2025-05-23,GG03,25-34,Fashion,25-34 | Fashion,Metro,Mobile
C03629,2025-05-23,GG03,18-24,Cosmetics,18-24 | Cosmetics,Metro,Mobile
C03630,2025-05-23,GG03,35-44,Fashion,35-44 | Fashion,Other,Mobile
C03631,2025-05-23,MT01,35-44,Cosmetics,35-44 | Cosmetics,Metro,Mobile
C03632,2025-05-23,MT01,18-24,Fashion,18-24 | Fashion,Other,Mobile
C03633,2025-05-23,MT01,25-34,Fashion,25-34 | Fashion,Other,Mobile
C03634,2025-05-23,MT01,45+,Cosmetics,45+ | Cosmetics,Metro,Mobile
C03635,2025-05-23,MT01,25-34,Fashion,25-34 | Fashion,Metro,Mobile
C03636,2025-05-23,MT01,25-34,Cosmetics,25-34 | Cosmetics,Other,Desktop
C03637,2025-05-23,MT02,25-34,Cosmetics,25-34 | Cosmetics,Metro,Mobile
C03638,2025-05-23,MT02,25-34,Fashion,25-34 | Fashion,Metro,Mobile
C03639,2025-05-23,MT02,25-34,Cosmetics,25-34 | Cosmetics,Metro,Mobile
C03640,2025-05-23,MT02,25-34,Fashion,25-34 | Fashion,Metro,Mobile
C03641,2025-05-23,MT03,35-44,Cosmetics,35-44 | Cosmetics,Metro,Mobile
C03642,2025-05-23,MT03,25-34,Fashion,25-34 | Fashion,Other,Mobile
C03643,2025-05-23,MT03,25-34,Fashion,25-34 | Fashion,Other,Mobile
C03644,2025-05-23,TT01,18-24,Cosmetics,18-24 | Cosmetics,Other,Mobile
C03645,2025-05-23,TT01,18-24,Cosmetics,18-24 | Cosmetics,Other,Mobile
C03646,2025-05-23,TT02,25-34,Cosmetics,25-34 | Cosmetics,Metro,Mobile
C03647,2025-05-23,TT02,35-44,Cosmetics,35-44 | Cosmetics,Metro,Mobile
C03648,2025-05-23,TT02,35-44,Cosmetics,35-44 | Cosmetics,Metro,Mobile
C03649,2025-05-23,EM01,35-44,Cosmetics,35-44 | Cosmetics,Metro,Mobile
C03650,2025-05-23,EM01,25-34,Cosmetics,25-34 | Cosmetics,Metro,Mobile
C03651,2025-05-23,OR01,18-24,Fashion,18-24 | Fashion,Metro,Mobile
C03652,2025-05-23,OR01,18-24,Fashion,18-24 | Fashion,Metro,Mobile
C03653,2025-05-23,OR01,25-34,Cosmetics,25-34 | Cosmetics,Other,Mobile
C03654,2025-05-23,OR01,35-44,Cosmetics,35-44 | Cosmetics,Metro,Mobile
C03655,2025-05-23,OR01,25-34,Cosmetics,25-34 | Cosmetics,Metro,Desktop
C03656,2025-05-23,OR02,25-34,Cosmetics,25-34 | Cosmetics,Other,Mobile
C03657,2025-05-24,GG01,25-34,Fashion,25-34 | Fashion,Other,Desktop
C03658,2025-05-24,GG01,18-24,Fashion,18-24 | Fashion,Metro,Desktop
C03659,2025-05-24,GG01,45+,Cosmetics,45+ | Cosmetics,Other,Mobile
C03660,2025-05-24,GG02,35-44,Cosmetics,35-44 | Cosmetics,Metro,Mobile
C03661,2025-05-24,GG02,25-34,Cosmetics,25-34 | Cosmetics,Other,Mobile
C03662,2025-05-24,GG02,45+,Fashion,45+ | Fashion,Metro,Desktop
C03663,2025-05-24,GG03,25-34,Cosmetics,25-34 | Cosmetics,Other,Desktop
C03664,2025-05-24,GG03,45+,Fashion,45+ | Fashion,Metro,Desktop
C03665,2025-05-24,MT01,35-44,Cosmetics,35-44 | Cosmetics,Metro,Mobile
C03666,2025-05-24,MT01,35-44,Cosmetics,35-44 | Cosmetics,Other,Mobile
C03667,2025-05-24,MT01,18-24,Fashion,18-24 | Fashion,Other,Mobile
C03668,2025-05-24,MT02,35-44,Fashion,35-44 | Fashion,Other,Mobile
C03669,2025-05-24,MT02,25-34,Fashion,25-34 | Fashion,Other,Mobile
C03670,2025-05-24,MT02,18-24,Cosmetics,18-24 | Cosmetics,Other,Mobile
C03671,2025-05-24,MT02,45+,Cosmetics,45+ | Cosmetics,Other,Desktop
C03672,2025-05-24,MT03,35-44,Cosmetics,35-44 | Cosmetics,Metro,Mobile
C03673,2025-05-24,MT03,25-34,Fashion,25-34 | Fashion,Metro,Mobile
C03674,2025-05-24,TT01,18-24,Cosmetics,18-24 | Cosmetics,Other,Mobile
C03675,2025-05-24,TT02,18-24,Fashion,18-24 | Fashion,Metro,Mobile
C03676,2025-05-24,EM02,25-34,Cosmetics,25-34 | Cosmetics,Metro,Mobile
C03677,2025-05-24,OR01,25-34,Fashion,25-34 | Fashion,Metro,Mobile
C03678,2025-05-24,OR01,45+,Cosmetics,45+ | Cosmetics,Metro,Mobile
C03679,2025-05-24,OR01,45+,Cosmetics,45+ | Cosmetics,Other,Desktop
C03680,2025-05-24,OR01,25-34,Cosmetics,25-34 | Cosmetics,Other,Mobile
C03681,2025-05-24,OR01,35-44,Fashion,35-44 | Fashion,Metro,Desktop
C03682,2025-05-24,OR02,18-24,Fashion,18-24 | Fashion,Other,Mobile
C03683,2025-05-24,OR02,25-34,Cosmetics,25-34 | Cosmetics,Metro,Mobile
C03684,2025-05-24,OR02,18-24,Fashion,18-24 | Fashion,Metro,Mobile
C03685,2025-05-25,GG01,25-34,Cosmetics,25-34 | Cosmetics,Other,Mobile
C03686,2025-05-25,GG02,25-34,Cosmetics,25-34 | Cosmetics,Metro,Desktop
C03687,2025-05-25,GG02,25-34,Cosmetics,25-34 | Cosmetics,Metro,Mobile
C03688,2025-05-25,GG02,18-24,Fashion,18-24 | Fashion,Metro,Desktop
C03689,2025-05-25,GG02,35-44,Cosmetics,35-44 | Cosmetics,Other,Mobile
C03690,2025-05-25,GG02,45+,Cosmetics,45+ | Cosmetics,Other,Desktop
C03691,2025-05-25,MT01,35-44,Cosmetics,35-44 | Cosmetics,Metro,Mobile
C03692,2025-05-25,MT01,35-44,Cosmetics,35-44 | Cosmetics,Metro,Mobile
C03693,2025-05-25,MT02,18-24,Fashion,18-24 | Fashion,Other,Mobile
C03694,2025-05-25,MT02,35-44,Fashion,35-44 | Fashion,Metro,Desktop
C03695,2025-05-25,MT02,18-24,Fashion,18-24 | Fashion,Other,Desktop
C03696,2025-05-25,MT03,18-24,Fashion,18-24 | Fashion,Metro,Mobile
C03697,2025-05-25,MT03,35-44,Fashion,35-44 | Fashion,Metro,Mobile
C03698,2025-05-25,TT01,18-24,Cosmetics,18-24 | Cosmetics,Other,Mobile
C03699,2025-05-25,TT01,18-24,Fashion,18-24 | Fashion,Other,Mobile
C03700,2025-05-25,TT01,18-24,Cosmetics,18-24 | Cosmetics,Other,Mobile
C03701,2025-05-25,TT01,18-24,Cosmetics,18-24 | Cosmetics,Metro,Mobile
C03702,2025-05-25,TT02,25-34,Cosmetics,25-34 | Cosmetics,Other,Mobile
C03703,2025-05-25,TT02,25-34,Cosmetics,25-34 | Cosmetics,Other,Mobile
C03704,2025-05-25,EM01,35-44,Cosmetics,35-44 | Cosmetics,Metro,Mobile
C03705,2025-05-25,EM02,35-44,Fashion,35-44 | Fashion,Metro,Mobile
C03706,2025-05-25,OR01,25-34,Fashion,25-34 | Fashion,Metro,Mobile
C03707,2025-05-25,OR01,35-44,Fashion,35-44 | Fashion,Metro,Mobile
C03708,2025-05-25,OR01,25-34,Fashion,25-34 | Fashion,Metro,Mobile
C03709,2025-05-25,OR01,25-34,Cosmetics,25-34 | Cosmetics,Metro,Desktop
C03710,2025-05-25,OR01,35-44,Fashion,35-44 | Fashion,Metro,Mobile
C03711,2025-05-26,GG01,45+,Fashion,45+ | Fashion,Metro,Desktop
C03712,2025-05-26,GG02,45+,Cosmetics,45+ | Cosmetics,Other,Desktop
C03713,2025-05-26,GG02,35-44,Fashion,35-44 | Fashion,Other,Desktop
C03714,2025-05-26,GG02,45+,Fashion,45+ | Fashion,Other,Desktop
C03715,2025-05-26,GG02,35-44,Fashion,35-44 | Fashion,Other,Desktop
C03716,2025-05-26,GG03,45+,Fashion,45+ | Fashion,Metro,Mobile
C03717,2025-05-26,MT01,35-44,Cosmetics,35-44 | Cosmetics,Metro,Mobile
C03718,2025-05-26,MT01,25-34,Fashion,25-34 | Fashion,Other,Mobile
C03719,2025-05-26,MT01,25-34,Cosmetics,25-34 | Cosmetics,Metro,Mobile
C03720,2025-05-26,MT02,25-34,Cosmetics,25-34 | Cosmetics,Other,Mobile
C03721,2025-05-26,MT02,25-34,Fashion,25-34 | Fashion,Metro,Mobile
C03722,2025-05-26,MT03,25-34,Cosmetics,25-34 | Cosmetics,Other,Mobile
C03723,2025-05-26,MT03,45+,Cosmetics,45+ | Cosmetics,Other,Mobile
C03724,2025-05-26,TT01,18-24,Cosmetics,18-24 | Cosmetics,Metro,Mobile
C03725,2025-05-26,TT01,18-24,Fashion,18-24 | Fashion,Other,Mobile
C03726,2025-05-26,TT01,25-34,Fashion,25-34 | Fashion,Other,Mobile
C03727,2025-05-26,TT01,25-34,Cosmetics,25-34 | Cosmetics,Other,Mobile
C03728,2025-05-26,TT01,18-24,Cosmetics,18-24 | Cosmetics,Other,Mobile
C03729,2025-05-26,TT02,35-44,Fashion,35-44 | Fashion,Metro,Mobile
C03730,2025-05-26,TT02,18-24,Fashion,18-24 | Fashion,Metro,Mobile
C03731,2025-05-26,EM01,35-44,Cosmetics,35-44 | Cosmetics,Other,Mobile
C03732,2025-05-26,EM01,25-34,Cosmetics,25-34 | Cosmetics,Metro,Mobile
C03733,2025-05-26,OR01,25-34,Fashion,25-34 | Fashion,Other,Mobile
C03734,2025-05-26,OR01,35-44,Fashion,35-44 | Fashion,Other,Mobile
C03735,2025-05-26,OR02,45+,Cosmetics,45+ | Cosmetics,Metro,Mobile
C03736,2025-05-27,GG01,35-44,Fashion,35-44 | Fashion,Metro,Mobile
C03737,2025-05-27,GG01,25-34,Fashion,25-34 | Fashion,Other,Desktop
C03738,2025-05-27,GG02,25-34,Cosmetics,25-34 | Cosmetics,Other,Mobile
C03739,2025-05-27,GG02,35-44,Cosmetics,35-44 | Cosmetics,Metro,Desktop
C03740,2025-05-27,GG02,18-24,Fashion,18-24 | Fashion,Metro,Mobile
C03741,2025-05-27,GG02,25-34,Fashion,25-34 | Fashion,Metro,Mobile
C03742,2025-05-27,GG03,45+,Cosmetics,45+ | Cosmetics,Metro,Mobile
C03743,2025-05-27,GG03,25-34,Cosmetics,25-34 | Cosmetics,Other,Desktop
C03744,2025-05-27,GG03,25-34,Fashion,25-34 | Fashion,Other,Desktop
C03745,2025-05-27,MT01,45+,Cosmetics,45+ | Cosmetics,Other,Mobile
C03746,2025-05-27,MT01,25-34,Cosmetics,25-34 | Cosmetics,Metro,Mobile
C03747,2025-05-27,MT01,25-34,Cosmetics,25-34 | Cosmetics,Other,Mobile
C03748,2025-05-27,MT02,18-24,Cosmetics,18-24 | Cosmetics,Metro,Mobile
C03749,2025-05-27,MT03,35-44,Fashion,35-44 | Fashion,Other,Mobile
C03750,2025-05-27,MT03,25-34,Fashion,25-34 | Fashion,Metro,Mobile
C03751,2025-05-27,TT01,25-34,Cosmetics,25-34 | Cosmetics,Metro,Mobile
C03752,2025-05-27,TT01,25-34,Fashion,25-34 | Fashion,Metro,Mobile
C03753,2025-05-27,EM01,35-44,Cosmetics,35-44 | Cosmetics,Metro,Mobile
C03754,2025-05-27,OR01,25-34,Cosmetics,25-34 | Cosmetics,Metro,Desktop
C03755,2025-05-27,OR01,18-24,Fashion,18-24 | Fashion,Metro,Mobile
C03756,2025-05-28,GG01,25-34,Cosmetics,25-34 | Cosmetics,Other,Mobile
C03757,2025-05-28,GG01,45+,Fashion,45+ | Fashion,Metro,Desktop
C03758,2025-05-28,GG01,25-34,Fashion,25-34 | Fashion,Other,Desktop
C03759,2025-05-28,GG02,25-34,Fashion,25-34 | Fashion,Metro,Desktop
C03760,2025-05-28,GG02,25-34,Fashion,25-34 | Fashion,Metro,Mobile
C03761,2025-05-28,GG03,45+,Cosmetics,45+ | Cosmetics,Other,Desktop
C03762,2025-05-28,GG03,25-34,Fashion,25-34 | Fashion,Metro,Mobile
C03763,2025-05-28,MT01,45+,Cosmetics,45+ | Cosmetics,Other,Mobile
C03764,2025-05-28,MT01,18-24,Cosmetics,18-24 | Cosmetics,Metro,Desktop
C03765,2025-05-28,MT01,25-34,Fashion,25-34 | Fashion,Other,Mobile
C03766,2025-05-28,MT02,35-44,Cosmetics,35-44 | Cosmetics,Other,Mobile
C03767,2025-05-28,MT02,25-34,Fashion,25-34 | Fashion,Other,Mobile
C03768,2025-05-28,MT02,25-34,Cosmetics,25-34 | Cosmetics,Other,Mobile
C03769,2025-05-28,MT02,35-44,Cosmetics,35-44 | Cosmetics,Metro,Mobile
C03770,2025-05-28,MT03,25-34,Cosmetics,25-34 | Cosmetics,Metro,Mobile
C03771,2025-05-28,MT03,25-34,Fashion,25-34 | Fashion,Metro,Mobile
C03772,2025-05-28,TT01,35-44,Fashion,35-44 | Fashion,Other,Mobile
C03773,2025-05-28,TT01,25-34,Cosmetics,25-34 | Cosmetics,Metro,Mobile
C03774,2025-05-28,TT01,18-24,Cosmetics,18-24 | Cosmetics,Metro,Mobile
C03775,2025-05-28,TT01,18-24,Cosmetics,18-24 | Cosmetics,Other,Mobile
C03776,2025-05-28,TT02,25-34,Cosmetics,25-34 | Cosmetics,Metro,Mobile
C03777,2025-05-28,TT02,18-24,Cosmetics,18-24 | Cosmetics,Metro,Desktop
C03778,2025-05-28,EM01,45+,Cosmetics,45+ | Cosmetics,Metro,Mobile
C03779,2025-05-28,OR01,45+,Cosmetics,45+ | Cosmetics,Other,Desktop
C03780,2025-05-28,OR01,25-34,Cosmetics,25-34 | Cosmetics,Other,Desktop
C03781,2025-05-28,OR01,25-34,Fashion,25-34 | Fashion,Other,Mobile
C03782,2025-05-28,OR02,35-44,Fashion,35-44 | Fashion,Metro,Mobile
C03783,2025-05-29,GG01,45+,Cosmetics,45+ | Cosmetics,Metro,Mobile
C03784,2025-05-29,GG01,25-34,Cosmetics,25-34 | Cosmetics,Other,Mobile
C03785,2025-05-29,GG02,45+,Cosmetics,45+ | Cosmetics,Metro,Mobile
C03786,2025-05-29,GG02,45+,Fashion,45+ | Fashion,Other,Desktop
C03787,2025-05-29,GG03,35-44,Fashion,35-44 | Fashion,Metro,Desktop
C03788,2025-05-29,GG03,45+,Cosmetics,45+ | Cosmetics,Other,Desktop
C03789,2025-05-29,GG03,25-34,Cosmetics,25-34 | Cosmetics,Metro,Mobile
C03790,2025-05-29,MT01,35-44,Fashion,35-44 | Fashion,Other,Mobile
C03791,2025-05-29,MT01,35-44,Cosmetics,35-44 | Cosmetics,Metro,Mobile
C03792,2025-05-29,MT01,45+,Fashion,45+ | Fashion,Other,Mobile
C03793,2025-05-29,MT01,35-44,Cosmetics,35-44 | Cosmetics,Other,Mobile
C03794,2025-05-29,MT03,35-44,Cosmetics,35-44 | Cosmetics,Metro,Mobile
C03795,2025-05-29,TT01,18-24,Fashion,18-24 | Fashion,Other,Mobile
C03796,2025-05-29,TT01,18-24,Fashion,18-24 | Fashion,Other,Mobile
C03797,2025-05-29,TT02,18-24,Cosmetics,18-24 | Cosmetics,Metro,Mobile
C03798,2025-05-29,TT02,25-34,Cosmetics,25-34 | Cosmetics,Metro,Mobile
C03799,2025-05-29,EM01,18-24,Fashion,18-24 | Fashion,Other,Mobile
C03800,2025-05-29,EM01,35-44,Fashion,35-44 | Fashion,Other,Desktop
C03801,2025-05-29,OR01,25-34,Cosmetics,25-34 | Cosmetics,Other,Desktop
C03802,2025-05-29,OR01,25-34,Fashion,25-34 | Fashion,Metro,Mobile
C03803,2025-05-29,OR01,35-44,Fashion,35-44 | Fashion,Metro,Desktop
C03804,2025-05-29,OR02,18-24,Fashion,18-24 | Fashion,Other,Mobile
C03805,2025-05-30,GG01,35-44,Cosmetics,35-44 | Cosmetics,Other,Mobile
C03806,2025-05-30,GG01,45+,Fashion,45+ | Fashion,Other,Desktop
C03807,2025-05-30,GG02,25-34,Fashion,25-34 | Fashion,Metro,Mobile
C03808,2025-05-30,GG02,35-44,Fashion,35-44 | Fashion,Metro,Mobile
C03809,2025-05-30,GG03,18-24,Fashion,18-24 | Fashion,Metro,Desktop
C03810,2025-05-30,GG03,35-44,Cosmetics,35-44 | Cosmetics,Metro,Desktop
C03811,2025-05-30,GG03,35-44,Fashion,35-44 | Fashion,Other,Desktop
C03812,2025-05-30,MT01,25-34,Cosmetics,25-34 | Cosmetics,Metro,Desktop
C03813,2025-05-30,MT02,25-34,Cosmetics,25-34 | Cosmetics,Other,Desktop
C03814,2025-05-30,MT02,25-34,Cosmetics,25-34 | Cosmetics,Metro,Mobile
C03815,2025-05-30,MT02,25-34,Fashion,25-34 | Fashion,Other,Mobile
C03816,2025-05-30,TT01,18-24,Fashion,18-24 | Fashion,Metro,Mobile
C03817,2025-05-30,TT01,35-44,Cosmetics,35-44 | Cosmetics,Metro,Desktop
C03818,2025-05-30,TT02,18-24,Cosmetics,18-24 | Cosmetics,Metro,Desktop
C03819,2025-05-30,TT02,18-24,Cosmetics,18-24 | Cosmetics,Other,Mobile
C03820,2025-05-30,EM01,25-34,Fashion,25-34 | Fashion,Metro,Mobile
C03821,2025-05-30,EM01,45+,Cosmetics,45+ | Cosmetics,Metro,Mobile
C03822,2025-05-30,EM01,18-24,Fashion,18-24 | Fashion,Metro,Desktop
C03823,2025-05-30,EM02,35-44,Cosmetics,35-44 | Cosmetics,Other,Mobile
C03824,2025-05-30,OR01,25-34,Fashion,25-34 | Fashion,Metro,Mobile
C03825,2025-05-30,OR01,45+,Cosmetics,45+ | Cosmetics,Other,Mobile
C03826,2025-05-30,OR01,25-34,Fashion,25-34 | Fashion,Other,Desktop
C03827,2025-05-30,OR01,25-34,Fashion,25-34 | Fashion,Metro,Mobile
C03828,2025-05-30,OR01,35-44,Fashion,35-44 | Fashion,Other,Mobile
C03829,2025-05-30,OR01,18-24,Fashion,18-24 | Fashion,Other,Mobile
C03830,2025-05-31,GG01,25-34,Fashion,25-34 | Fashion,Metro,Mobile
C03831,2025-05-31,GG01,25-34,Cosmetics,25-34 | Cosmetics,Metro,Desktop
C03832,2025-05-31,GG01,45+,Cosmetics,45+ | Cosmetics,Metro,Desktop
C03833,2025-05-31,GG01,25-34,Fashion,25-34 | Fashion,Metro,Mobile
C03834,2025-05-31,GG01,25-34,Cosmetics,25-34 | Cosmetics,Other,Desktop
C03835,2025-05-31,GG02,25-34,Fashion,25-34 | Fashion,Metro,Mobile
C03836,2025-05-31,GG02,25-34,Cosmetics,25-34 | Cosmetics,Metro,Mobile
C03837,2025-05-31,GG02,25-34,Cosmetics,25-34 | Cosmetics,Other,Desktop
C03838,2025-05-31,GG02,25-34,Fashion,25-34 | Fashion,Metro,Desktop
C03839,2025-05-31,GG03,25-34,Cosmetics,25-34 | Cosmetics,Metro,Desktop
C03840,2025-05-31,GG03,35-44,Cosmetics,35-44 | Cosmetics,Metro,Mobile
C03841,2025-05-31,GG03,35-44,Cosmetics,35-44 | Cosmetics,Metro,Mobile
C03842,2025-05-31,GG03,25-34,Cosmetics,25-34 | Cosmetics,Other,Mobile
C03843,2025-05-31,GG03,25-34,Cosmetics,25-34 | Cosmetics,Metro,Mobile
C03844,2025-05-31,MT01,25-34,Cosmetics,25-34 | Cosmetics,Other,Mobile
C03845,2025-05-31,MT02,18-24,Cosmetics,18-24 | Cosmetics,Other,Mobile
C03846,2025-05-31,MT02,45+,Fashion,45+ | Fashion,Other,Mobile
C03847,2025-05-31,MT02,25-34,Cosmetics,25-34 | Cosmetics,Other,Mobile
C03848,2025-05-31,MT02,35-44,Fashion,35-44 | Fashion,Metro,Mobile
C03849,2025-05-31,MT03,18-24,Cosmetics,18-24 | Cosmetics,Other,Mobile
C03850,2025-05-31,MT03,25-34,Cosmetics,25-34 | Cosmetics,Metro,Mobile
C03851,2025-05-31,TT01,18-24,Fashion,18-24 | Fashion,Other,Mobile
C03852,2025-05-31,TT01,18-24,Fashion,18-24 | Fashion,Other,Mobile
C03853,2025-05-31,TT01,45+,Cosmetics,45+ | Cosmetics,Other,Mobile
C03854,2025-05-31,TT01,18-24,Cosmetics,18-24 | Cosmetics,Metro,Mobile
C03855,2025-05-31,TT02,25-34,Cosmetics,25-34 | Cosmetics,Other,Mobile
C03856,2025-05-31,OR01,18-24,Fashion,18-24 | Fashion,Other,Mobile
C03857,2025-05-31,OR01,25-34,Fashion,25-34 | Fashion,Other,Mobile
C03858,2025-05-31,OR01,18-24,Fashion,18-24 | Fashion,Metro,Desktop
C03859,2025-05-31,OR01,35-44,Fashion,35-44 | Fashion,Other,Mobile
C03860,2025-05-31,OR02,18-24,Cosmetics,18-24 | Cosmetics,Metro,Mobile
C03861,2025-05-31,OR02,45+,Cosmetics,45+ | Cosmetics,Metro,Mobile
C03862,2025-06-01,GG01,25-34,Fashion,25-34 | Fashion,Metro,Mobile
C03863,2025-06-01,GG01,25-34,Fashion,25-34 | Fashion,Metro,Desktop
C03864,2025-06-01,GG01,45+,Fashion,45+ | Fashion,Metro,Mobile
C03865,2025-06-01,GG01,45+,Fashion,45+ | Fashion,Metro,Desktop
C03866,2025-06-01,GG02,25-34,Fashion,25-34 | Fashion,Metro,Desktop
C03867,2025-06-01,GG03,35-44,Fashion,35-44 | Fashion,Metro,Mobile
C03868,2025-06-01,GG03,35-44,Fashion,35-44 | Fashion,Metro,Mobile
C03869,2025-06-01,MT01,18-24,Fashion,18-24 | Fashion,Other,Mobile
C03870,2025-06-01,MT01,45+,Cosmetics,45+ | Cosmetics,Other,Mobile
C03871,2025-06-01,MT01,18-24,Cosmetics,18-24 | Cosmetics,Other,Mobile
C03872,2025-06-01,MT02,25-34,Fashion,25-34 | Fashion,Other,Mobile
C03873,2025-06-01,MT02,25-34,Fashion,25-34 | Fashion,Other,Mobile
C03874,2025-06-01,TT01,18-24,Cosmetics,18-24 | Cosmetics,Metro,Mobile
C03875,2025-06-01,TT01,18-24,Cosmetics,18-24 | Cosmetics,Metro,Mobile
C03876,2025-06-01,OR01,45+,Cosmetics,45+ | Cosmetics,Other,Mobile
C03877,2025-06-01,OR01,25-34,Cosmetics,25-34 | Cosmetics,Other,Desktop
C03878,2025-06-01,OR01,35-44,Fashion,35-44 | Fashion,Metro,Mobile
C03879,2025-06-01,OR01,35-44,Cosmetics,35-44 | Cosmetics,Metro,Desktop
C03880,2025-06-01,OR01,18-24,Fashion,18-24 | Fashion,Other,Mobile
C03881,2025-06-01,OR01,25-34,Fashion,25-34 | Fashion,Other,Mobile
C03882,2025-06-01,OR01,45+,Cosmetics,45+ | Cosmetics,Metro,Desktop
C03883,2025-06-02,GG01,25-34,Fashion,25-34 | Fashion,Metro,Desktop
C03884,2025-06-02,GG01,45+,Cosmetics,45+ | Cosmetics,Other,Desktop
C03885,2025-06-02,GG01,25-34,Fashion,25-34 | Fashion,Other,Desktop
C03886,2025-06-02,GG01,18-24,Fashion,18-24 | Fashion,Metro,Mobile
C03887,2025-06-02,GG01,35-44,Fashion,35-44 | Fashion,Other,Desktop
C03888,2025-06-02,GG02,25-34,Fashion,25-34 | Fashion,Metro,Mobile
C03889,2025-06-02,GG02,18-24,Fashion,18-24 | Fashion,Other,Desktop
C03890,2025-06-02,GG02,25-34,Fashion,25-34 | Fashion,Other,Mobile
C03891,2025-06-02,GG03,45+,Fashion,45+ | Fashion,Metro,Desktop
C03892,2025-06-02,GG03,18-24,Cosmetics,18-24 | Cosmetics,Other,Mobile
C03893,2025-06-02,GG03,45+,Fashion,45+ | Fashion,Other,Desktop
C03894,2025-06-02,GG03,35-44,Cosmetics,35-44 | Cosmetics,Metro,Mobile
C03895,2025-06-02,GG03,35-44,Fashion,35-44 | Fashion,Other,Mobile
C03896,2025-06-02,MT01,25-34,Cosmetics,25-34 | Cosmetics,Metro,Mobile
C03897,2025-06-02,MT01,25-34,Cosmetics,25-34 | Cosmetics,Metro,Mobile
C03898,2025-06-02,MT01,18-24,Fashion,18-24 | Fashion,Metro,Mobile
C03899,2025-06-02,MT02,18-24,Fashion,18-24 | Fashion,Metro,Desktop
C03900,2025-06-02,MT02,18-24,Fashion,18-24 | Fashion,Metro,Mobile
C03901,2025-06-02,MT03,35-44,Cosmetics,35-44 | Cosmetics,Metro,Mobile
C03902,2025-06-02,MT03,18-24,Cosmetics,18-24 | Cosmetics,Metro,Mobile
C03903,2025-06-02,MT03,18-24,Cosmetics,18-24 | Cosmetics,Other,Mobile
C03904,2025-06-02,TT01,18-24,Fashion,18-24 | Fashion,Other,Mobile
C03905,2025-06-02,TT01,18-24,Fashion,18-24 | Fashion,Metro,Mobile
C03906,2025-06-02,TT01,18-24,Cosmetics,18-24 | Cosmetics,Metro,Mobile
C03907,2025-06-02,TT01,18-24,Cosmetics,18-24 | Cosmetics,Metro,Mobile
C03908,2025-06-02,TT01,18-24,Cosmetics,18-24 | Cosmetics,Metro,Mobile
C03909,2025-06-02,EM01,18-24,Cosmetics,18-24 | Cosmetics,Metro,Mobile
C03910,2025-06-02,EM02,35-44,Cosmetics,35-44 | Cosmetics,Metro,Desktop
C03911,2025-06-02,OR01,25-34,Cosmetics,25-34 | Cosmetics,Metro,Mobile
C03912,2025-06-02,OR01,18-24,Cosmetics,18-24 | Cosmetics,Metro,Mobile
C03913,2025-06-02,OR02,18-24,Cosmetics,18-24 | Cosmetics,Other,Desktop
C03914,2025-06-03,GG01,45+,Fashion,45+ | Fashion,Other,Desktop
C03915,2025-06-03,GG01,18-24,Fashion,18-24 | Fashion,Metro,Desktop
C03916,2025-06-03,GG01,25-34,Fashion,25-34 | Fashion,Other,Mobile
C03917,2025-06-03,GG02,45+,Fashion,45+ | Fashion,Metro,Desktop
C03918,2025-06-03,GG02,18-24,Cosmetics,18-24 | Cosmetics,Metro,Desktop
C03919,2025-06-03,GG03,25-34,Cosmetics,25-34 | Cosmetics,Metro,Mobile
C03920,2025-06-03,GG03,18-24,Fashion,18-24 | Fashion,Other,Mobile
C03921,2025-06-03,GG03,35-44,Cosmetics,35-44 | Cosmetics,Metro,Mobile
C03922,2025-06-03,MT01,25-34,Cosmetics,25-34 | Cosmetics,Other,Mobile
C03923,2025-06-03,MT01,25-34,Fashion,25-34 | Fashion,Metro,Mobile
C03924,2025-06-03,MT02,25-34,Fashion,25-34 | Fashion,Other,Desktop
C03925,2025-06-03,MT02,25-34,Cosmetics,25-34 | Cosmetics,Metro,Mobile
C03926,2025-06-03,MT02,18-24,Cosmetics,18-24 | Cosmetics,Metro,Desktop
C03927,2025-06-03,MT03,35-44,Cosmetics,35-44 | Cosmetics,Metro,Mobile
C03928,2025-06-03,TT01,25-34,Cosmetics,25-34 | Cosmetics,Other,Mobile
C03929,2025-06-03,TT01,18-24,Cosmetics,18-24 | Cosmetics,Metro,Mobile
C03930,2025-06-03,TT02,18-24,Cosmetics,18-24 | Cosmetics,Metro,Mobile
C03931,2025-06-03,OR01,25-34,Fashion,25-34 | Fashion,Other,Mobile
C03932,2025-06-03,OR01,35-44,Fashion,35-44 | Fashion,Metro,Mobile
C03933,2025-06-03,OR02,35-44,Cosmetics,35-44 | Cosmetics,Other,Mobile
C03934,2025-06-04,GG02,25-34,Fashion,25-34 | Fashion,Other,Mobile
C03935,2025-06-04,GG03,25-34,Cosmetics,25-34 | Cosmetics,Metro,Mobile
C03936,2025-06-04,GG03,25-34,Fashion,25-34 | Fashion,Other,Desktop
C03937,2025-06-04,MT01,18-24,Cosmetics,18-24 | Cosmetics,Metro,Mobile
C03938,2025-06-04,MT01,45+,Fashion,45+ | Fashion,Metro,Desktop
C03939,2025-06-04,MT01,45+,Fashion,45+ | Fashion,Other,Mobile
C03940,2025-06-04,MT02,25-34,Fashion,25-34 | Fashion,Metro,Mobile
C03941,2025-06-04,MT02,25-34,Cosmetics,25-34 | Cosmetics,Metro,Mobile
C03942,2025-06-04,TT01,18-24,Cosmetics,18-24 | Cosmetics,Other,Mobile
C03943,2025-06-04,TT01,18-24,Fashion,18-24 | Fashion,Other,Mobile
C03944,2025-06-04,TT01,25-34,Fashion,25-34 | Fashion,Metro,Mobile
C03945,2025-06-04,EM01,25-34,Fashion,25-34 | Fashion,Other,Mobile
C03946,2025-06-04,OR01,45+,Cosmetics,45+ | Cosmetics,Metro,Mobile
C03947,2025-06-04,OR01,25-34,Cosmetics,25-34 | Cosmetics,Other,Mobile
C03948,2025-06-04,OR01,25-34,Cosmetics,25-34 | Cosmetics,Metro,Mobile
C03949,2025-06-04,OR01,25-34,Fashion,25-34 | Fashion,Other,Mobile
C03950,2025-06-04,OR02,18-24,Cosmetics,18-24 | Cosmetics,Metro,Mobile
C03951,2025-06-04,OR02,25-34,Cosmetics,25-34 | Cosmetics,Other,Mobile
C03952,2025-06-04,OR02,25-34,Cosmetics,25-34 | Cosmetics,Metro,Mobile
C03953,2025-06-04,OR02,25-34,Cosmetics,25-34 | Cosmetics,Metro,Mobile
C03954,2025-06-05,GG03,45+,Fashion,45+ | Fashion,Other,Mobile
C03955,2025-06-05,GG03,25-34,Fashion,25-34 | Fashion,Other,Mobile
C03956,2025-06-05,GG03,45+,Cosmetics,45+ | Cosmetics,Other,Mobile
C03957,2025-06-05,GG03,35-44,Cosmetics,35-44 | Cosmetics,Other,Mobile
C03958,2025-06-05,MT02,25-34,Cosmetics,25-34 | Cosmetics,Metro,Mobile
C03959,2025-06-05,MT02,35-44,Fashion,35-44 | Fashion,Other,Mobile
C03960,2025-06-05,TT01,25-34,Cosmetics,25-34 | Cosmetics,Metro,Mobile
C03961,2025-06-05,TT01,18-24,Fashion,18-24 | Fashion,Metro,Mobile
C03962,2025-06-05,TT02,18-24,Fashion,18-24 | Fashion,Other,Mobile
C03963,2025-06-05,TT02,25-34,Cosmetics,25-34 | Cosmetics,Metro,Mobile
C03964,2025-06-05,TT02,25-34,Cosmetics,25-34 | Cosmetics,Other,Mobile
C03965,2025-06-05,EM02,25-34,Fashion,25-34 | Fashion,Other,Mobile
C03966,2025-06-05,OR01,45+,Cosmetics,45+ | Cosmetics,Metro,Mobile
C03967,2025-06-05,OR01,25-34,Fashion,25-34 | Fashion,Other,Mobile
C03968,2025-06-06,GG01,35-44,Fashion,35-44 | Fashion,Metro,Mobile
C03969,2025-06-06,GG02,35-44,Fashion,35-44 | Fashion,Other,Desktop
C03970,2025-06-06,GG02,25-34,Fashion,25-34 | Fashion,Metro,Desktop
C03971,2025-06-06,GG02,35-44,Cosmetics,35-44 | Cosmetics,Metro,Mobile
C03972,2025-06-06,GG02,18-24,Fashion,18-24 | Fashion,Metro,Desktop
C03973,2025-06-06,GG02,35-44,Fashion,35-44 | Fashion,Metro,Desktop
C03974,2025-06-06,GG03,45+,Fashion,45+ | Fashion,Other,Mobile
C03975,2025-06-06,GG03,25-34,Fashion,25-34 | Fashion,Metro,Mobile
C03976,2025-06-06,MT01,18-24,Fashion,18-24 | Fashion,Metro,Mobile
C03977,2025-06-06,MT01,35-44,Fashion,35-44 | Fashion,Metro,Desktop
C03978,2025-06-06,MT02,25-34,Cosmetics,25-34 | Cosmetics,Metro,Mobile
C03979,2025-06-06,MT02,18-24,Fashion,18-24 | Fashion,Other,Mobile
C03980,2025-06-06,MT02,35-44,Cosmetics,35-44 | Cosmetics,Metro,Mobile
C03981,2025-06-06,TT01,18-24,Cosmetics,18-24 | Cosmetics,Metro,Mobile
C03982,2025-06-06,TT01,18-24,Cosmetics,18-24 | Cosmetics,Other,Mobile
C03983,2025-06-06,TT01,25-34,Fashion,25-34 | Fashion,Other,Mobile
C03984,2025-06-06,TT01,45+,Cosmetics,45+ | Cosmetics,Metro,Mobile
C03985,2025-06-06,TT01,18-24,Cosmetics,18-24 | Cosmetics,Metro,Mobile
C03986,2025-06-06,TT01,18-24,Fashion,18-24 | Fashion,Other,Mobile
C03987,2025-06-06,TT01,18-24,Cosmetics,18-24 | Cosmetics,Other,Mobile
C03988,2025-06-06,TT02,25-34,Fashion,25-34 | Fashion,Metro,Mobile
C03989,2025-06-06,TT02,45+,Fashion,45+ | Fashion,Metro,Mobile
C03990,2025-06-06,TT02,18-24,Fashion,18-24 | Fashion,Metro,Mobile
C03991,2025-06-06,EM01,35-44,Cosmetics,35-44 | Cosmetics,Metro,Mobile
C03992,2025-06-06,EM01,18-24,Fashion,18-24 | Fashion,Metro,Desktop
C03993,2025-06-06,OR01,25-34,Fashion,25-34 | Fashion,Metro,Mobile
C03994,2025-06-06,OR01,25-34,Cosmetics,25-34 | Cosmetics,Metro,Mobile
C03995,2025-06-06,OR01,18-24,Cosmetics,18-24 | Cosmetics,Other,Mobile
C03996,2025-06-06,OR02,35-44,Fashion,35-44 | Fashion,Metro,Mobile
C03997,2025-06-07,GG01,45+,Cosmetics,45+ | Cosmetics,Metro,Desktop
C03998,2025-06-07,GG02,35-44,Cosmetics,35-44 | Cosmetics,Other,Mobile
C03999,2025-06-07,GG02,35-44,Fashion,35-44 | Fashion,Other,Mobile
C04000,2025-06-07,GG02,35-44,Cosmetics,35-44 | Cosmetics,Other,Desktop
C04001,2025-06-07,GG02,25-34,Fashion,25-34 | Fashion,Other,Desktop
C04002,2025-06-07,GG03,35-44,Fashion,35-44 | Fashion,Metro,Desktop
C04003,2025-06-07,GG03,35-44,Fashion,35-44 | Fashion,Other,Desktop
C04004,2025-06-07,GG03,45+,Cosmetics,45+ | Cosmetics,Other,Desktop
C04005,2025-06-07,GG03,25-34,Fashion,25-34 | Fashion,Other,Desktop
C04006,2025-06-07,MT01,25-34,Cosmetics,25-34 | Cosmetics,Metro,Mobile
C04007,2025-06-07,MT01,18-24,Cosmetics,18-24 | Cosmetics,Metro,Mobile
C04008,2025-06-07,MT01,25-34,Fashion,25-34 | Fashion,Metro,Mobile
C04009,2025-06-07,MT01,35-44,Fashion,35-44 | Fashion,Metro,Mobile
C04010,2025-06-07,MT01,35-44,Cosmetics,35-44 | Cosmetics,Other,Desktop
C04011,2025-06-07,MT01,18-24,Fashion,18-24 | Fashion,Metro,Mobile
C04012,2025-06-07,MT01,35-44,Cosmetics,35-44 | Cosmetics,Metro,Mobile
C04013,2025-06-07,MT03,25-34,Fashion,25-34 | Fashion,Metro,Mobile
C04014,2025-06-07,TT01,25-34,Cosmetics,25-34 | Cosmetics,Metro,Mobile
C04015,2025-06-07,TT01,18-24,Cosmetics,18-24 | Cosmetics,Metro,Mobile
C04016,2025-06-07,TT01,18-24,Fashion,18-24 | Fashion,Metro,Mobile
C04017,2025-06-07,TT01,25-34,Cosmetics,25-34 | Cosmetics,Metro,Mobile
C04018,2025-06-07,TT02,18-24,Cosmetics,18-24 | Cosmetics,Other,Mobile
C04019,2025-06-07,EM01,45+,Fashion,45+ | Fashion,Other,Desktop
C04020,2025-06-07,EM02,25-34,Fashion,25-34 | Fashion,Other,Mobile
C04021,2025-06-07,OR01,45+,Cosmetics,45+ | Cosmetics,Metro,Desktop
C04022,2025-06-07,OR01,25-34,Fashion,25-34 | Fashion,Metro,Mobile
C04023,2025-06-07,OR01,18-24,Fashion,18-24 | Fashion,Metro,Mobile
C04024,2025-06-07,OR01,45+,Fashion,45+ | Fashion,Other,Mobile
C04025,2025-06-07,OR01,45+,Fashion,45+ | Fashion,Other,Desktop
C04026,2025-06-08,GG01,18-24,Cosmetics,18-24 | Cosmetics,Metro,Mobile
C04027,2025-06-08,GG02,25-34,Cosmetics,25-34 | Cosmetics,Metro,Desktop
C04028,2025-06-08,GG02,25-34,Cosmetics,25-34 | Cosmetics,Other,Desktop
C04029,2025-06-08,GG02,35-44,Fashion,35-44 | Fashion,Metro,Desktop
C04030,2025-06-08,GG02,18-24,Cosmetics,18-24 | Cosmetics,Metro,Mobile
C04031,2025-06-08,GG03,25-34,Cosmetics,25-34 | Cosmetics,Metro,Mobile
C04032,2025-06-08,GG03,45+,Cosmetics,45+ | Cosmetics,Metro,Mobile
C04033,2025-06-08,GG03,18-24,Cosmetics,18-24 | Cosmetics,Metro,Mobile
C04034,2025-06-08,MT01,35-44,Fashion,35-44 | Fashion,Other,Mobile
C04035,2025-06-08,MT02,25-34,Cosmetics,25-34 | Cosmetics,Other,Mobile
C04036,2025-06-08,MT02,25-34,Fashion,25-34 | Fashion,Metro,Mobile
C04037,2025-06-08,MT03,25-34,Cosmetics,25-34 | Cosmetics,Other,Mobile
C04038,2025-06-08,TT01,18-24,Cosmetics,18-24 | Cosmetics,Other,Mobile
C04039,2025-06-08,TT02,18-24,Fashion,18-24 | Fashion,Other,Mobile
C04040,2025-06-08,TT02,18-24,Cosmetics,18-24 | Cosmetics,Other,Mobile
C04041,2025-06-08,EM01,25-34,Fashion,25-34 | Fashion,Metro,Mobile
C04042,2025-06-08,EM01,45+,Cosmetics,45+ | Cosmetics,Metro,Mobile
C04043,2025-06-08,OR01,25-34,Cosmetics,25-34 | Cosmetics,Other,Desktop
C04044,2025-06-08,OR01,25-34,Cosmetics,25-34 | Cosmetics,Metro,Desktop
C04045,2025-06-08,OR01,45+,Cosmetics,45+ | Cosmetics,Metro,Mobile
C04046,2025-06-08,OR01,18-24,Cosmetics,18-24 | Cosmetics,Other,Mobile
C04047,2025-06-08,OR01,25-34,Fashion,25-34 | Fashion,Metro,Desktop
C04048,2025-06-08,OR02,45+,Cosmetics,45+ | Cosmetics,Other,Mobile
C04049,2025-06-08,OR02,25-34,Cosmetics,25-34 | Cosmetics,Metro,Mobile
C04050,2025-06-08,OR02,25-34,Fashion,25-34 | Fashion,Metro,Mobile
C04051,2025-06-08,OR02,25-34,Fashion,25-34 | Fashion,Other,Mobile
C04052,2025-06-09,GG01,25-34,Fashion,25-34 | Fashion,Metro,Desktop
C04053,2025-06-09,GG03,35-44,Fashion,35-44 | Fashion,Other,Desktop
C04054,2025-06-09,GG03,18-24,Fashion,18-24 | Fashion,Metro,Mobile
C04055,2025-06-09,GG03,18-24,Cosmetics,18-24 | Cosmetics,Other,Mobile
C04056,2025-06-09,GG03,35-44,Cosmetics,35-44 | Cosmetics,Metro,Desktop
C04057,2025-06-09,GG03,35-44,Cosmetics,35-44 | Cosmetics,Metro,Mobile
C04058,2025-06-09,MT01,35-44,Cosmetics,35-44 | Cosmetics,Metro,Mobile
C04059,2025-06-09,MT01,25-34,Cosmetics,25-34 | Cosmetics,Metro,Mobile
C04060,2025-06-09,MT01,35-44,Fashion,35-44 | Fashion,Metro,Mobile
C04061,2025-06-09,MT01,25-34,Cosmetics,25-34 | Cosmetics,Metro,Mobile
C04062,2025-06-09,MT02,45+,Cosmetics,45+ | Cosmetics,Other,Mobile
C04063,2025-06-09,MT02,18-24,Fashion,18-24 | Fashion,Other,Mobile
C04064,2025-06-09,MT02,25-34,Cosmetics,25-34 | Cosmetics,Other,Mobile
C04065,2025-06-09,MT02,25-34,Fashion,25-34 | Fashion,Metro,Mobile
C04066,2025-06-09,MT02,18-24,Cosmetics,18-24 | Cosmetics,Metro,Mobile
C04067,2025-06-09,MT03,25-34,Cosmetics,25-34 | Cosmetics,Metro,Mobile
C04068,2025-06-09,TT01,25-34,Fashion,25-34 | Fashion,Other,Mobile
C04069,2025-06-09,TT01,18-24,Fashion,18-24 | Fashion,Metro,Mobile
C04070,2025-06-09,TT01,35-44,Cosmetics,35-44 | Cosmetics,Other,Mobile
C04071,2025-06-09,TT01,25-34,Fashion,25-34 | Fashion,Metro,Mobile
C04072,2025-06-09,TT02,18-24,Cosmetics,18-24 | Cosmetics,Other,Mobile
C04073,2025-06-09,TT02,35-44,Cosmetics,35-44 | Cosmetics,Other,Desktop
C04074,2025-06-09,TT02,18-24,Cosmetics,18-24 | Cosmetics,Other,Mobile
C04075,2025-06-09,TT02,18-24,Cosmetics,18-24 | Cosmetics,Metro,Mobile
C04076,2025-06-09,EM01,45+,Fashion,45+ | Fashion,Metro,Mobile
C04077,2025-06-09,EM02,35-44,Fashion,35-44 | Fashion,Metro,Desktop
C04078,2025-06-09,OR01,25-34,Fashion,25-34 | Fashion,Other,Desktop
C04079,2025-06-09,OR01,35-44,Cosmetics,35-44 | Cosmetics,Metro,Desktop
C04080,2025-06-09,OR01,25-34,Fashion,25-34 | Fashion,Metro,Desktop
C04081,2025-06-10,GG01,35-44,Cosmetics,35-44 | Cosmetics,Other,Desktop
C04082,2025-06-10,GG01,25-34,Cosmetics,25-34 | Cosmetics,Other,Desktop
C04083,2025-06-10,GG01,25-34,Cosmetics,25-34 | Cosmetics,Other,Mobile
C04084,2025-06-10,GG02,25-34,Fashion,25-34 | Fashion,Other,Mobile
C04085,2025-06-10,GG03,35-44,Fashion,35-44 | Fashion,Other,Mobile
C04086,2025-06-10,GG03,25-34,Fashion,25-34 | Fashion,Metro,Desktop
C04087,2025-06-10,MT01,18-24,Cosmetics,18-24 | Cosmetics,Metro,Mobile
C04088,2025-06-10,MT01,35-44,Cosmetics,35-44 | Cosmetics,Other,Mobile
C04089,2025-06-10,MT02,25-34,Cosmetics,25-34 | Cosmetics,Metro,Mobile
C04090,2025-06-10,TT01,18-24,Cosmetics,18-24 | Cosmetics,Metro,Mobile
C04091,2025-06-10,TT01,18-24,Fashion,18-24 | Fashion,Other,Mobile
C04092,2025-06-10,TT02,25-34,Cosmetics,25-34 | Cosmetics,Metro,Desktop
C04093,2025-06-10,EM01,35-44,Fashion,35-44 | Fashion,Other,Mobile
C04094,2025-06-10,EM02,25-34,Fashion,25-34 | Fashion,Metro,Mobile
C04095,2025-06-10,EM02,45+,Fashion,45+ | Fashion,Metro,Mobile
C04096,2025-06-10,OR01,25-34,Fashion,25-34 | Fashion,Other,Mobile
C04097,2025-06-10,OR02,35-44,Fashion,35-44 | Fashion,Other,Mobile
C04098,2025-06-11,GG01,25-34,Cosmetics,25-34 | Cosmetics,Metro,Desktop
C04099,2025-06-11,GG02,35-44,Cosmetics,35-44 | Cosmetics,Metro,Mobile
C04100,2025-06-11,GG03,35-44,Cosmetics,35-44 | Cosmetics,Other,Mobile
C04101,2025-06-11,MT01,25-34,Cosmetics,25-34 | Cosmetics,Metro,Mobile
C04102,2025-06-11,MT01,35-44,Cosmetics,35-44 | Cosmetics,Other,Mobile
C04103,2025-06-11,MT02,25-34,Fashion,25-34 | Fashion,Metro,Mobile
C04104,2025-06-11,MT02,18-24,Cosmetics,18-24 | Cosmetics,Metro,Mobile
C04105,2025-06-11,MT02,25-34,Fashion,25-34 | Fashion,Other,Desktop
C04106,2025-06-11,MT03,25-34,Fashion,25-34 | Fashion,Other,Mobile
C04107,2025-06-11,MT03,25-34,Cosmetics,25-34 | Cosmetics,Other,Mobile
C04108,2025-06-11,TT01,18-24,Cosmetics,18-24 | Cosmetics,Other,Mobile
C04109,2025-06-11,OR01,35-44,Cosmetics,35-44 | Cosmetics,Metro,Mobile
C04110,2025-06-11,OR01,45+,Fashion,45+ | Fashion,Other,Desktop
C04111,2025-06-11,OR01,18-24,Cosmetics,18-24 | Cosmetics,Metro,Mobile
C04112,2025-06-11,OR01,18-24,Cosmetics,18-24 | Cosmetics,Metro,Mobile
C04113,2025-06-11,OR01,35-44,Cosmetics,35-44 | Cosmetics,Other,Mobile
C04114,2025-06-11,OR02,18-24,Cosmetics,18-24 | Cosmetics,Metro,Mobile
C04115,2025-06-11,OR02,25-34,Cosmetics,25-34 | Cosmetics,Metro,Mobile
C04116,2025-06-11,OR02,25-34,Cosmetics,25-34 | Cosmetics,Metro,Mobile
C04117,2025-06-12,GG01,25-34,Cosmetics,25-34 | Cosmetics,Metro,Mobile
C04118,2025-06-12,GG01,35-44,Cosmetics,35-44 | Cosmetics,Other,Mobile
C04119,2025-06-12,GG01,45+,Cosmetics,45+ | Cosmetics,Metro,Desktop
C04120,2025-06-12,GG01,35-44,Fashion,35-44 | Fashion,Metro,Mobile
C04121,2025-06-12,GG02,18-24,Cosmetics,18-24 | Cosmetics,Other,Desktop
C04122,2025-06-12,GG02,18-24,Cosmetics,18-24 | Cosmetics,Other,Desktop
C04123,2025-06-12,GG02,35-44,Cosmetics,35-44 | Cosmetics,Other,Desktop
C04124,2025-06-12,GG03,45+,Cosmetics,45+ | Cosmetics,Metro,Mobile
C04125,2025-06-12,GG03,25-34,Fashion,25-34 | Fashion,Metro,Mobile
C04126,2025-06-12,GG03,25-34,Cosmetics,25-34 | Cosmetics,Other,Mobile
C04127,2025-06-12,MT01,35-44,Cosmetics,35-44 | Cosmetics,Other,Mobile
C04128,2025-06-12,MT01,25-34,Cosmetics,25-34 | Cosmetics,Metro,Mobile
C04129,2025-06-12,MT01,18-24,Fashion,18-24 | Fashion,Other,Mobile
C04130,2025-06-12,MT02,25-34,Cosmetics,25-34 | Cosmetics,Metro,Mobile
C04131,2025-06-12,MT02,25-34,Cosmetics,25-34 | Cosmetics,Metro,Mobile
C04132,2025-06-12,MT03,25-34,Fashion,25-34 | Fashion,Metro,Mobile
C04133,2025-06-12,TT01,25-34,Cosmetics,25-34 | Cosmetics,Other,Mobile
C04134,2025-06-12,TT01,18-24,Fashion,18-24 | Fashion,Metro,Mobile
C04135,2025-06-12,TT01,35-44,Cosmetics,35-44 | Cosmetics,Metro,Mobile
C04136,2025-06-12,TT02,25-34,Cosmetics,25-34 | Cosmetics,Other,Mobile
C04137,2025-06-12,TT02,25-34,Cosmetics,25-34 | Cosmetics,Other,Mobile
C04138,2025-06-12,OR01,25-34,Fashion,25-34 | Fashion,Other,Desktop
C04139,2025-06-12,OR01,35-44,Cosmetics,35-44 | Cosmetics,Metro,Mobile
C04140,2025-06-12,OR01,25-34,Fashion,25-34 | Fashion,Metro,Mobile
C04141,2025-06-13,GG01,35-44,Cosmetics,35-44 | Cosmetics,Metro,Mobile
C04142,2025-06-13,GG01,45+,Fashion,45+ | Fashion,Metro,Mobile
C04143,2025-06-13,GG01,25-34,Cosmetics,25-34 | Cosmetics,Metro,Mobile
C04144,2025-06-13,GG01,25-34,Fashion,25-34 | Fashion,Metro,Desktop
C04145,2025-06-13,GG02,25-34,Fashion,25-34 | Fashion,Other,Mobile
C04146,2025-06-13,GG02,45+,Fashion,45+ | Fashion,Metro,Desktop
C04147,2025-06-13,GG02,45+,Fashion,45+ | Fashion,Metro,Desktop
C04148,2025-06-13,GG03,25-34,Fashion,25-34 | Fashion,Other,Desktop
C04149,2025-06-13,GG03,35-44,Fashion,35-44 | Fashion,Metro,Desktop
C04150,2025-06-13,GG03,25-34,Fashion,25-34 | Fashion,Metro,Mobile
C04151,2025-06-13,GG03,35-44,Fashion,35-44 | Fashion,Other,Mobile
C04152,2025-06-13,GG03,25-34,Fashion,25-34 | Fashion,Other,Mobile
C04153,2025-06-13,MT02,18-24,Fashion,18-24 | Fashion,Metro,Mobile
C04154,2025-06-13,MT02,25-34,Fashion,25-34 | Fashion,Metro,Mobile
C04155,2025-06-13,MT02,25-34,Fashion,25-34 | Fashion,Other,Desktop
C04156,2025-06-13,MT02,25-34,Cosmetics,25-34 | Cosmetics,Metro,Mobile
C04157,2025-06-13,MT02,35-44,Cosmetics,35-44 | Cosmetics,Metro,Mobile
C04158,2025-06-13,MT03,45+,Fashion,45+ | Fashion,Metro,Mobile
C04159,2025-06-13,MT03,18-24,Fashion,18-24 | Fashion,Metro,Mobile
C04160,2025-06-13,TT01,25-34,Fashion,25-34 | Fashion,Other,Mobile
C04161,2025-06-13,TT01,35-44,Cosmetics,35-44 | Cosmetics,Metro,Mobile
C04162,2025-06-13,TT01,18-24,Cosmetics,18-24 | Cosmetics,Other,Mobile
C04163,2025-06-13,TT01,18-24,Cosmetics,18-24 | Cosmetics,Other,Mobile
C04164,2025-06-13,TT01,18-24,Cosmetics,18-24 | Cosmetics,Metro,Mobile
C04165,2025-06-13,TT01,18-24,Cosmetics,18-24 | Cosmetics,Other,Mobile
C04166,2025-06-13,TT02,18-24,Cosmetics,18-24 | Cosmetics,Other,Mobile
C04167,2025-06-13,EM01,35-44,Cosmetics,35-44 | Cosmetics,Other,Desktop
C04168,2025-06-13,EM01,35-44,Cosmetics,35-44 | Cosmetics,Other,Mobile
C04169,2025-06-13,EM01,35-44,Cosmetics,35-44 | Cosmetics,Other,Mobile
C04170,2025-06-13,OR01,45+,Cosmetics,45+ | Cosmetics,Other,Mobile
C04171,2025-06-13,OR01,25-34,Fashion,25-34 | Fashion,Metro,Mobile
C04172,2025-06-13,OR01,25-34,Fashion,25-34 | Fashion,Metro,Desktop
C04173,2025-06-13,OR01,25-34,Cosmetics,25-34 | Cosmetics,Metro,Desktop
C04174,2025-06-13,OR01,25-34,Fashion,25-34 | Fashion,Other,Mobile
C04175,2025-06-13,OR01,35-44,Fashion,35-44 | Fashion,Metro,Desktop
C04176,2025-06-14,GG01,45+,Fashion,45+ | Fashion,Metro,Mobile
C04177,2025-06-14,GG01,25-34,Fashion,25-34 | Fashion,Metro,Mobile
C04178,2025-06-14,GG02,45+,Cosmetics,45+ | Cosmetics,Other,Mobile
C04179,2025-06-14,GG02,25-34,Cosmetics,25-34 | Cosmetics,Other,Mobile
C04180,2025-06-14,GG02,25-34,Fashion,25-34 | Fashion,Other,Desktop
C04181,2025-06-14,GG03,35-44,Fashion,35-44 | Fashion,Other,Desktop
C04182,2025-06-14,GG03,45+,Fashion,45+ | Fashion,Other,Mobile
C04183,2025-06-14,GG03,35-44,Fashion,35-44 | Fashion,Metro,Mobile
C04184,2025-06-14,MT01,35-44,Cosmetics,35-44 | Cosmetics,Metro,Mobile
C04185,2025-06-14,MT02,45+,Fashion,45+ | Fashion,Metro,Mobile
C04186,2025-06-14,MT02,18-24,Fashion,18-24 | Fashion,Other,Mobile
C04187,2025-06-14,MT02,25-34,Cosmetics,25-34 | Cosmetics,Other,Mobile
C04188,2025-06-14,TT01,18-24,Cosmetics,18-24 | Cosmetics,Other,Mobile
C04189,2025-06-14,TT01,18-24,Fashion,18-24 | Fashion,Other,Mobile
C04190,2025-06-14,TT01,25-34,Cosmetics,25-34 | Cosmetics,Metro,Mobile
C04191,2025-06-14,TT01,18-24,Fashion,18-24 | Fashion,Other,Mobile
C04192,2025-06-14,TT02,18-24,Cosmetics,18-24 | Cosmetics,Other,Mobile
C04193,2025-06-14,TT02,25-34,Cosmetics,25-34 | Cosmetics,Other,Mobile
C04194,2025-06-14,TT02,18-24,Cosmetics,18-24 | Cosmetics,Metro,Mobile
C04195,2025-06-14,EM01,25-34,Cosmetics,25-34 | Cosmetics,Metro,Mobile
C04196,2025-06-14,EM01,45+,Cosmetics,45+ | Cosmetics,Metro,Desktop
C04197,2025-06-14,OR01,35-44,Cosmetics,35-44 | Cosmetics,Metro,Mobile
C04198,2025-06-14,OR02,18-24,Cosmetics,18-24 | Cosmetics,Metro,Mobile
C04199,2025-06-14,OR02,35-44,Cosmetics,35-44 | Cosmetics,Metro,Mobile
C04200,2025-06-15,GG01,35-44,Fashion,35-44 | Fashion,Metro,Desktop
C04201,2025-06-15,GG01,45+,Fashion,45+ | Fashion,Metro,Mobile
C04202,2025-06-15,GG01,18-24,Fashion,18-24 | Fashion,Metro,Desktop
C04203,2025-06-15,GG02,35-44,Fashion,35-44 | Fashion,Metro,Desktop
C04204,2025-06-15,GG02,35-44,Fashion,35-44 | Fashion,Metro,Desktop
C04205,2025-06-15,GG03,25-34,Fashion,25-34 | Fashion,Other,Desktop
C04206,2025-06-15,GG03,25-34,Fashion,25-34 | Fashion,Other,Desktop
C04207,2025-06-15,MT01,35-44,Cosmetics,35-44 | Cosmetics,Other,Desktop
C04208,2025-06-15,MT02,35-44,Fashion,35-44 | Fashion,Metro,Mobile
C04209,2025-06-15,MT02,35-44,Fashion,35-44 | Fashion,Metro,Mobile
C04210,2025-06-15,MT02,45+,Cosmetics,45+ | Cosmetics,Other,Mobile
C04211,2025-06-15,MT03,25-34,Fashion,25-34 | Fashion,Metro,Mobile
C04212,2025-06-15,TT01,18-24,Cosmetics,18-24 | Cosmetics,Metro,Mobile
C04213,2025-06-15,TT01,18-24,Cosmetics,18-24 | Cosmetics,Metro,Mobile
C04214,2025-06-15,TT02,18-24,Cosmetics,18-24 | Cosmetics,Other,Mobile
C04215,2025-06-15,TT02,25-34,Cosmetics,25-34 | Cosmetics,Other,Mobile
C04216,2025-06-15,EM02,35-44,Fashion,35-44 | Fashion,Other,Mobile
C04217,2025-06-15,OR02,35-44,Cosmetics,35-44 | Cosmetics,Other,Mobile
C04218,2025-06-15,OR02,35-44,Cosmetics,35-44 | Cosmetics,Metro,Mobile
C04219,2025-06-16,GG01,35-44,Fashion,35-44 | Fashion,Other,Desktop
C04220,2025-06-16,GG01,25-34,Fashion,25-34 | Fashion,Metro,Desktop
C04221,2025-06-16,GG02,35-44,Cosmetics,35-44 | Cosmetics,Metro,Mobile
C04222,2025-06-16,GG02,25-34,Cosmetics,25-34 | Cosmetics,Other,Desktop
C04223,2025-06-16,GG03,35-44,Cosmetics,35-44 | Cosmetics,Other,Desktop
C04224,2025-06-16,GG03,25-34,Fashion,25-34 | Fashion,Other,Desktop
C04225,2025-06-16,GG03,45+,Fashion,45+ | Fashion,Other,Mobile
C04226,2025-06-16,GG03,25-34,Fashion,25-34 | Fashion,Other,Desktop
C04227,2025-06-16,GG03,18-24,Cosmetics,18-24 | Cosmetics,Metro,Desktop
C04228,2025-06-16,MT01,35-44,Fashion,35-44 | Fashion,Other,Desktop
C04229,2025-06-16,TT01,25-34,Cosmetics,25-34 | Cosmetics,Other,Mobile
C04230,2025-06-16,TT01,25-34,Cosmetics,25-34 | Cosmetics,Other,Mobile
C04231,2025-06-16,TT01,18-24,Cosmetics,18-24 | Cosmetics,Metro,Mobile
C04232,2025-06-16,TT02,18-24,Cosmetics,18-24 | Cosmetics,Metro,Mobile
C04233,2025-06-16,TT02,18-24,Fashion,18-24 | Fashion,Other,Mobile
C04234,2025-06-16,TT02,18-24,Cosmetics,18-24 | Cosmetics,Metro,Mobile
C04235,2025-06-16,EM01,35-44,Fashion,35-44 | Fashion,Metro,Mobile
C04236,2025-06-16,EM01,35-44,Fashion,35-44 | Fashion,Metro,Mobile
C04237,2025-06-16,OR01,45+,Fashion,45+ | Fashion,Metro,Mobile
C04238,2025-06-16,OR01,35-44,Fashion,35-44 | Fashion,Metro,Desktop
C04239,2025-06-16,OR01,25-34,Fashion,25-34 | Fashion,Metro,Desktop
C04240,2025-06-16,OR01,45+,Fashion,45+ | Fashion,Metro,Mobile
C04241,2025-06-16,OR01,18-24,Fashion,18-24 | Fashion,Metro,Mobile
C04242,2025-06-16,OR01,35-44,Fashion,35-44 | Fashion,Metro,Desktop
C04243,2025-06-16,OR01,35-44,Fashion,35-44 | Fashion,Metro,Desktop
C04244,2025-06-17,GG01,25-34,Fashion,25-34 | Fashion,Other,Desktop
C04245,2025-06-17,GG01,35-44,Cosmetics,35-44 | Cosmetics,Other,Mobile
C04246,2025-06-17,GG02,18-24,Fashion,18-24 | Fashion,Other,Mobile
C04247,2025-06-17,GG02,25-34,Fashion,25-34 | Fashion,Other,Mobile
C04248,2025-06-17,GG02,25-34,Fashion,25-34 | Fashion,Metro,Desktop
C04249,2025-06-17,GG03,25-34,Cosmetics,25-34 | Cosmetics,Metro,Mobile
C04250,2025-06-17,GG03,35-44,Cosmetics,35-44 | Cosmetics,Other,Mobile
C04251,2025-06-17,MT01,25-34,Fashion,25-34 | Fashion,Metro,Mobile
C04252,2025-06-17,MT01,18-24,Fashion,18-24 | Fashion,Other,Mobile
C04253,2025-06-17,MT01,25-34,Fashion,25-34 | Fashion,Metro,Desktop
C04254,2025-06-17,MT01,35-44,Fashion,35-44 | Fashion,Other,Mobile
C04255,2025-06-17,MT02,35-44,Fashion,35-44 | Fashion,Other,Mobile
C04256,2025-06-17,MT03,45+,Fashion,45+ | Fashion,Other,Desktop
C04257,2025-06-17,MT03,25-34,Cosmetics,25-34 | Cosmetics,Metro,Mobile
C04258,2025-06-17,TT01,18-24,Fashion,18-24 | Fashion,Other,Mobile
C04259,2025-06-17,TT02,25-34,Cosmetics,25-34 | Cosmetics,Other,Mobile
C04260,2025-06-17,TT02,18-24,Cosmetics,18-24 | Cosmetics,Metro,Mobile
C04261,2025-06-17,TT02,18-24,Cosmetics,18-24 | Cosmetics,Metro,Mobile
C04262,2025-06-17,OR01,25-34,Fashion,25-34 | Fashion,Metro,Desktop
C04263,2025-06-17,OR01,35-44,Fashion,35-44 | Fashion,Metro,Desktop
C04264,2025-06-17,OR02,25-34,Fashion,25-34 | Fashion,Metro,Mobile
C04265,2025-06-18,GG01,25-34,Fashion,25-34 | Fashion,Metro,Desktop
C04266,2025-06-18,GG01,45+,Fashion,45+ | Fashion,Other,Mobile
C04267,2025-06-18,GG01,45+,Fashion,45+ | Fashion,Other,Mobile
C04268,2025-06-18,GG02,25-34,Fashion,25-34 | Fashion,Metro,Mobile
C04269,2025-06-18,GG02,45+,Cosmetics,45+ | Cosmetics,Metro,Desktop
C04270,2025-06-18,GG03,45+,Cosmetics,45+ | Cosmetics,Metro,Mobile
C04271,2025-06-18,MT01,25-34,Fashion,25-34 | Fashion,Metro,Mobile
C04272,2025-06-18,MT01,35-44,Fashion,35-44 | Fashion,Metro,Mobile
C04273,2025-06-18,MT02,35-44,Cosmetics,35-44 | Cosmetics,Metro,Mobile
C04274,2025-06-18,MT02,18-24,Fashion,18-24 | Fashion,Metro,Desktop
C04275,2025-06-18,MT02,25-34,Cosmetics,25-34 | Cosmetics,Metro,Mobile
C04276,2025-06-18,MT03,45+,Cosmetics,45+ | Cosmetics,Metro,Mobile
C04277,2025-06-18,TT01,18-24,Cosmetics,18-24 | Cosmetics,Other,Mobile
C04278,2025-06-18,TT01,25-34,Cosmetics,25-34 | Cosmetics,Other,Mobile
C04279,2025-06-18,TT01,18-24,Cosmetics,18-24 | Cosmetics,Metro,Mobile
C04280,2025-06-18,TT02,25-34,Cosmetics,25-34 | Cosmetics,Other,Mobile
C04281,2025-06-18,OR01,45+,Fashion,45+ | Fashion,Other,Mobile
C04282,2025-06-18,OR01,25-34,Fashion,25-34 | Fashion,Other,Mobile
C04283,2025-06-18,OR01,35-44,Fashion,35-44 | Fashion,Metro,Mobile
C04284,2025-06-18,OR01,25-34,Fashion,25-34 | Fashion,Metro,Mobile
C04285,2025-06-18,OR02,35-44,Cosmetics,35-44 | Cosmetics,Other,Mobile
C04286,2025-06-19,GG01,45+,Fashion,45+ | Fashion,Metro,Desktop
C04287,2025-06-19,GG01,25-34,Fashion,25-34 | Fashion,Metro,Mobile
C04288,2025-06-19,GG02,18-24,Fashion,18-24 | Fashion,Metro,Mobile
C04289,2025-06-19,GG02,35-44,Fashion,35-44 | Fashion,Metro,Mobile
C04290,2025-06-19,GG02,45+,Fashion,45+ | Fashion,Other,Mobile
C04291,2025-06-19,GG02,25-34,Fashion,25-34 | Fashion,Metro,Desktop
C04292,2025-06-19,GG02,35-44,Cosmetics,35-44 | Cosmetics,Metro,Mobile
C04293,2025-06-19,GG03,25-34,Fashion,25-34 | Fashion,Metro,Desktop
C04294,2025-06-19,GG03,25-34,Cosmetics,25-34 | Cosmetics,Metro,Desktop
C04295,2025-06-19,MT01,25-34,Cosmetics,25-34 | Cosmetics,Metro,Mobile
C04296,2025-06-19,MT02,25-34,Fashion,25-34 | Fashion,Other,Mobile
C04297,2025-06-19,MT03,25-34,Cosmetics,25-34 | Cosmetics,Other,Desktop
C04298,2025-06-19,MT03,18-24,Cosmetics,18-24 | Cosmetics,Other,Mobile
C04299,2025-06-19,TT01,18-24,Fashion,18-24 | Fashion,Metro,Mobile
C04300,2025-06-19,TT01,35-44,Fashion,35-44 | Fashion,Other,Mobile
C04301,2025-06-19,TT01,18-24,Cosmetics,18-24 | Cosmetics,Other,Mobile
C04302,2025-06-19,TT02,18-24,Fashion,18-24 | Fashion,Metro,Mobile
C04303,2025-06-19,TT02,25-34,Cosmetics,25-34 | Cosmetics,Metro,Mobile
C04304,2025-06-19,TT02,18-24,Cosmetics,18-24 | Cosmetics,Metro,Mobile
C04305,2025-06-19,OR01,25-34,Cosmetics,25-34 | Cosmetics,Metro,Desktop
C04306,2025-06-19,OR01,25-34,Fashion,25-34 | Fashion,Other,Mobile
C04307,2025-06-19,OR01,25-34,Fashion,25-34 | Fashion,Other,Mobile
C04308,2025-06-19,OR01,25-34,Cosmetics,25-34 | Cosmetics,Metro,Desktop
C04309,2025-06-19,OR01,35-44,Cosmetics,35-44 | Cosmetics,Other,Mobile
C04310,2025-06-19,OR01,25-34,Cosmetics,25-34 | Cosmetics,Metro,Mobile
C04311,2025-06-19,OR02,18-24,Cosmetics,18-24 | Cosmetics,Metro,Desktop
C04312,2025-06-20,GG01,25-34,Cosmetics,25-34 | Cosmetics,Metro,Desktop
C04313,2025-06-20,GG02,35-44,Fashion,35-44 | Fashion,Other,Mobile
C04314,2025-06-20,GG02,25-34,Fashion,25-34 | Fashion,Other,Mobile
C04315,2025-06-20,GG02,35-44,Fashion,35-44 | Fashion,Metro,Mobile
C04316,2025-06-20,GG02,45+,Cosmetics,45+ | Cosmetics,Metro,Desktop
C04317,2025-06-20,GG03,25-34,Fashion,25-34 | Fashion,Other,Desktop
C04318,2025-06-20,GG03,45+,Cosmetics,45+ | Cosmetics,Other,Mobile
C04319,2025-06-20,GG03,45+,Cosmetics,45+ | Cosmetics,Other,Desktop
C04320,2025-06-20,MT01,18-24,Fashion,18-24 | Fashion,Other,Mobile
C04321,2025-06-20,MT01,25-34,Fashion,25-34 | Fashion,Other,Mobile
C04322,2025-06-20,MT02,25-34,Fashion,25-34 | Fashion,Metro,Mobile
C04323,2025-06-20,TT01,18-24,Cosmetics,18-24 | Cosmetics,Metro,Mobile
C04324,2025-06-20,TT02,25-34,Fashion,25-34 | Fashion,Other,Mobile
C04325,2025-06-20,TT02,18-24,Fashion,18-24 | Fashion,Metro,Mobile
C04326,2025-06-20,TT02,18-24,Cosmetics,18-24 | Cosmetics,Metro,Mobile
C04327,2025-06-20,TT02,18-24,Cosmetics,18-24 | Cosmetics,Metro,Desktop
C04328,2025-06-20,EM01,35-44,Fashion,35-44 | Fashion,Other,Mobile
C04329,2025-06-20,EM02,45+,Cosmetics,45+ | Cosmetics,Metro,Desktop
C04330,2025-06-20,OR01,35-44,Cosmetics,35-44 | Cosmetics,Other,Desktop
C04331,2025-06-20,OR01,25-34,Fashion,25-34 | Fashion,Other,Desktop
C04332,2025-06-20,OR01,25-34,Cosmetics,25-34 | Cosmetics,Metro,Mobile
C04333,2025-06-20,OR01,35-44,Cosmetics,35-44 | Cosmetics,Other,Mobile
C04334,2025-06-20,OR01,35-44,Cosmetics,35-44 | Cosmetics,Metro,Mobile
C04335,2025-06-20,OR02,18-24,Cosmetics,18-24 | Cosmetics,Metro,Desktop
C04336,2025-06-21,GG01,25-34,Cosmetics,25-34 | Cosmetics,Other,Desktop
C04337,2025-06-21,GG01,25-34,Fashion,25-34 | Fashion,Other,Desktop
C04338,2025-06-21,GG01,45+,Cosmetics,45+ | Cosmetics,Other,Mobile
C04339,2025-06-21,GG03,18-24,Cosmetics,18-24 | Cosmetics,Metro,Mobile
C04340,2025-06-21,MT01,25-34,Fashion,25-34 | Fashion,Other,Mobile
C04341,2025-06-21,MT02,35-44,Fashion,35-44 | Fashion,Other,Mobile
C04342,2025-06-21,MT03,18-24,Fashion,18-24 | Fashion,Other,Desktop
C04343,2025-06-21,MT03,25-34,Cosmetics,25-34 | Cosmetics,Other,Mobile
C04344,2025-06-21,MT03,45+,Fashion,45+ | Fashion,Metro,Mobile
C04345,2025-06-21,TT01,18-24,Cosmetics,18-24 | Cosmetics,Metro,Mobile
C04346,2025-06-21,TT01,25-34,Cosmetics,25-34 | Cosmetics,Other,Mobile
C04347,2025-06-21,TT01,18-24,Cosmetics,18-24 | Cosmetics,Other,Mobile
C04348,2025-06-21,TT01,35-44,Cosmetics,35-44 | Cosmetics,Other,Mobile
C04349,2025-06-21,TT01,25-34,Cosmetics,25-34 | Cosmetics,Other,Mobile
C04350,2025-06-21,TT02,35-44,Fashion,35-44 | Fashion,Metro,Mobile
C04351,2025-06-21,TT02,18-24,Cosmetics,18-24 | Cosmetics,Other,Mobile
C04352,2025-06-21,EM01,35-44,Fashion,35-44 | Fashion,Metro,Mobile
C04353,2025-06-21,EM01,25-34,Cosmetics,25-34 | Cosmetics,Metro,Mobile
C04354,2025-06-21,OR01,35-44,Fashion,35-44 | Fashion,Other,Mobile
C04355,2025-06-21,OR01,35-44,Fashion,35-44 | Fashion,Metro,Mobile
C04356,2025-06-21,OR01,35-44,Fashion,35-44 | Fashion,Metro,Mobile
C04357,2025-06-22,GG01,25-34,Fashion,25-34 | Fashion,Other,Mobile
C04358,2025-06-22,GG01,25-34,Fashion,25-34 | Fashion,Metro,Desktop
C04359,2025-06-22,GG01,45+,Fashion,45+ | Fashion,Other,Mobile
C04360,2025-06-22,GG02,35-44,Cosmetics,35-44 | Cosmetics,Other,Mobile
C04361,2025-06-22,GG02,45+,Fashion,45+ | Fashion,Other,Mobile
C04362,2025-06-22,GG02,45+,Fashion,45+ | Fashion,Other,Desktop
C04363,2025-06-22,GG02,25-34,Fashion,25-34 | Fashion,Metro,Mobile
C04364,2025-06-22,GG02,35-44,Fashion,35-44 | Fashion,Metro,Desktop
C04365,2025-06-22,GG03,35-44,Fashion,35-44 | Fashion,Metro,Mobile
C04366,2025-06-22,GG03,35-44,Fashion,35-44 | Fashion,Metro,Desktop
C04367,2025-06-22,GG03,35-44,Fashion,35-44 | Fashion,Other,Desktop
C04368,2025-06-22,GG03,25-34,Fashion,25-34 | Fashion,Metro,Desktop
C04369,2025-06-22,GG03,35-44,Cosmetics,35-44 | Cosmetics,Other,Mobile
C04370,2025-06-22,GG03,35-44,Cosmetics,35-44 | Cosmetics,Other,Mobile
C04371,2025-06-22,MT01,25-34,Fashion,25-34 | Fashion,Metro,Mobile
C04372,2025-06-22,MT01,25-34,Fashion,25-34 | Fashion,Metro,Mobile
C04373,2025-06-22,MT01,35-44,Cosmetics,35-44 | Cosmetics,Metro,Mobile
C04374,2025-06-22,MT02,45+,Cosmetics,45+ | Cosmetics,Other,Mobile
C04375,2025-06-22,MT02,25-34,Cosmetics,25-34 | Cosmetics,Other,Desktop
C04376,2025-06-22,TT01,25-34,Cosmetics,25-34 | Cosmetics,Other,Mobile
C04377,2025-06-22,TT01,18-24,Fashion,18-24 | Fashion,Other,Mobile
C04378,2025-06-22,TT01,18-24,Cosmetics,18-24 | Cosmetics,Other,Mobile
C04379,2025-06-22,TT02,25-34,Fashion,25-34 | Fashion,Other,Desktop
C04380,2025-06-22,TT02,25-34,Cosmetics,25-34 | Cosmetics,Other,Mobile
C04381,2025-06-22,EM01,35-44,Cosmetics,35-44 | Cosmetics,Metro,Desktop
C04382,2025-06-22,EM01,25-34,Cosmetics,25-34 | Cosmetics,Other,Mobile
C04383,2025-06-22,OR01,25-34,Fashion,25-34 | Fashion,Metro,Desktop
C04384,2025-06-22,OR01,18-24,Cosmetics,18-24 | Cosmetics,Metro,Desktop
C04385,2025-06-22,OR01,25-34,Cosmetics,25-34 | Cosmetics,Metro,Mobile
C04386,2025-06-22,OR02,25-34,Cosmetics,25-34 | Cosmetics,Metro,Mobile
C04387,2025-06-22,OR02,25-34,Cosmetics,25-34 | Cosmetics,Metro,Mobile
C04388,2025-06-23,GG01,25-34,Fashion,25-34 | Fashion,Metro,Mobile
C04389,2025-06-23,GG01,18-24,Cosmetics,18-24 | Cosmetics,Other,Desktop
C04390,2025-06-23,GG02,35-44,Fashion,35-44 | Fashion,Other,Mobile
C04391,2025-06-23,GG02,35-44,Cosmetics,35-44 | Cosmetics,Metro,Desktop
C04392,2025-06-23,GG02,35-44,Cosmetics,35-44 | Cosmetics,Metro,Mobile
C04393,2025-06-23,GG02,35-44,Fashion,35-44 | Fashion,Other,Mobile
C04394,2025-06-23,GG03,25-34,Fashion,25-34 | Fashion,Other,Mobile
C04395,2025-06-23,GG03,18-24,Cosmetics,18-24 | Cosmetics,Other,Mobile
C04396,2025-06-23,GG03,25-34,Fashion,25-34 | Fashion,Other,Desktop
C04397,2025-06-23,MT01,25-34,Fashion,25-34 | Fashion,Metro,Desktop
C04398,2025-06-23,MT01,35-44,Fashion,35-44 | Fashion,Metro,Mobile
C04399,2025-06-23,MT01,25-34,Cosmetics,25-34 | Cosmetics,Other,Mobile
C04400,2025-06-23,MT01,25-34,Cosmetics,25-34 | Cosmetics,Other,Mobile
C04401,2025-06-23,MT01,35-44,Cosmetics,35-44 | Cosmetics,Metro,Mobile
C04402,2025-06-23,MT01,25-34,Fashion,25-34 | Fashion,Metro,Mobile
C04403,2025-06-23,MT01,25-34,Cosmetics,25-34 | Cosmetics,Other,Mobile
C04404,2025-06-23,MT02,25-34,Fashion,25-34 | Fashion,Other,Mobile
C04405,2025-06-23,MT02,35-44,Cosmetics,35-44 | Cosmetics,Metro,Desktop
C04406,2025-06-23,MT02,35-44,Fashion,35-44 | Fashion,Other,Mobile
C04407,2025-06-23,MT03,45+,Cosmetics,45+ | Cosmetics,Metro,Mobile
C04408,2025-06-23,MT03,25-34,Fashion,25-34 | Fashion,Metro,Mobile
C04409,2025-06-23,TT01,25-34,Cosmetics,25-34 | Cosmetics,Other,Mobile
C04410,2025-06-23,TT02,25-34,Fashion,25-34 | Fashion,Metro,Mobile
C04411,2025-06-23,EM01,35-44,Fashion,35-44 | Fashion,Other,Mobile
C04412,2025-06-23,OR01,25-34,Fashion,25-34 | Fashion,Metro,Mobile
C04413,2025-06-23,OR01,25-34,Fashion,25-34 | Fashion,Metro,Mobile
C04414,2025-06-24,GG01,25-34,Cosmetics,25-34 | Cosmetics,Metro,Desktop
C04415,2025-06-24,GG01,35-44,Cosmetics,35-44 | Cosmetics,Metro,Desktop
C04416,2025-06-24,GG02,45+,Fashion,45+ | Fashion,Metro,Mobile
C04417,2025-06-24,MT01,25-34,Cosmetics,25-34 | Cosmetics,Other,Mobile
C04418,2025-06-24,MT02,35-44,Fashion,35-44 | Fashion,Other,Mobile
C04419,2025-06-24,MT03,18-24,Fashion,18-24 | Fashion,Other,Mobile
C04420,2025-06-24,MT03,25-34,Fashion,25-34 | Fashion,Metro,Mobile
C04421,2025-06-24,TT01,45+,Cosmetics,45+ | Cosmetics,Metro,Mobile
C04422,2025-06-24,TT01,25-34,Cosmetics,25-34 | Cosmetics,Metro,Mobile
C04423,2025-06-24,TT01,35-44,Cosmetics,35-44 | Cosmetics,Metro,Mobile
C04424,2025-06-24,TT02,25-34,Cosmetics,25-34 | Cosmetics,Other,Mobile
C04425,2025-06-24,TT02,18-24,Cosmetics,18-24 | Cosmetics,Metro,Mobile
C04426,2025-06-24,EM01,25-34,Cosmetics,25-34 | Cosmetics,Other,Mobile
C04427,2025-06-24,OR01,25-34,Fashion,25-34 | Fashion,Other,Desktop
C04428,2025-06-24,OR01,18-24,Fashion,18-24 | Fashion,Other,Desktop
C04429,2025-06-24,OR01,25-34,Cosmetics,25-34 | Cosmetics,Metro,Desktop
C04430,2025-06-24,OR01,25-34,Fashion,25-34 | Fashion,Metro,Mobile
C04431,2025-06-24,OR01,45+,Fashion,45+ | Fashion,Metro,Desktop
C04432,2025-06-25,GG01,45+,Fashion,45+ | Fashion,Other,Mobile
C04433,2025-06-25,GG01,25-34,Cosmetics,25-34 | Cosmetics,Other,Mobile
C04434,2025-06-25,GG01,45+,Fashion,45+ | Fashion,Other,Desktop
C04435,2025-06-25,GG01,45+,Fashion,45+ | Fashion,Metro,Mobile
C04436,2025-06-25,GG01,45+,Fashion,45+ | Fashion,Metro,Mobile
C04437,2025-06-25,GG01,25-34,Cosmetics,25-34 | Cosmetics,Other,Mobile
C04438,2025-06-25,GG02,25-34,Fashion,25-34 | Fashion,Other,Desktop
C04439,2025-06-25,GG02,35-44,Fashion,35-44 | Fashion,Other,Mobile
C04440,2025-06-25,GG02,25-34,Fashion,25-34 | Fashion,Metro,Desktop
C04441,2025-06-25,GG03,18-24,Fashion,18-24 | Fashion,Other,Mobile
C04442,2025-06-25,GG03,25-34,Fashion,25-34 | Fashion,Metro,Mobile
C04443,2025-06-25,GG03,45+,Fashion,45+ | Fashion,Metro,Mobile
C04444,2025-06-25,MT01,18-24,Fashion,18-24 | Fashion,Other,Mobile
C04445,2025-06-25,MT02,35-44,Fashion,35-44 | Fashion,Other,Mobile
C04446,2025-06-25,MT03,25-34,Cosmetics,25-34 | Cosmetics,Other,Mobile
C04447,2025-06-25,TT01,25-34,Fashion,25-34 | Fashion,Other,Mobile
C04448,2025-06-25,EM01,45+,Fashion,45+ | Fashion,Metro,Mobile
C04449,2025-06-25,EM01,45+,Fashion,45+ | Fashion,Other,Desktop
C04450,2025-06-25,OR01,45+,Fashion,45+ | Fashion,Metro,Mobile
C04451,2025-06-25,OR01,45+,Fashion,45+ | Fashion,Metro,Mobile
C04452,2025-06-25,OR01,35-44,Cosmetics,35-44 | Cosmetics,Metro,Mobile
C04453,2025-06-25,OR01,45+,Fashion,45+ | Fashion,Metro,Mobile
C04454,2025-06-25,OR01,25-34,Cosmetics,25-34 | Cosmetics,Metro,Mobile
C04455,2025-06-25,OR02,35-44,Fashion,35-44 | Fashion,Other,Mobile
C04456,2025-06-25,OR02,35-44,Cosmetics,35-44 | Cosmetics,Metro,Mobile
C04457,2025-06-25,OR02,25-34,Cosmetics,25-34 | Cosmetics,Metro,Mobile
C04458,2025-06-26,GG01,18-24,Cosmetics,18-24 | Cosmetics,Metro,Mobile
C04459,2025-06-26,GG01,45+,Fashion,45+ | Fashion,Metro,Mobile
C04460,2025-06-26,GG01,25-34,Fashion,25-34 | Fashion,Metro,Mobile
C04461,2025-06-26,GG02,35-44,Fashion,35-44 | Fashion,Other,Desktop
C04462,2025-06-26,GG02,45+,Cosmetics,45+ | Cosmetics,Metro,Mobile
C04463,2025-06-26,GG03,45+,Cosmetics,45+ | Cosmetics,Metro,Desktop
C04464,2025-06-26,GG03,18-24,Cosmetics,18-24 | Cosmetics,Metro,Desktop
C04465,2025-06-26,GG03,18-24,Cosmetics,18-24 | Cosmetics,Other,Mobile
C04466,2025-06-26,MT01,45+,Cosmetics,45+ | Cosmetics,Metro,Mobile
C04467,2025-06-26,TT01,18-24,Fashion,18-24 | Fashion,Metro,Mobile
C04468,2025-06-26,TT01,18-24,Cosmetics,18-24 | Cosmetics,Metro,Desktop
C04469,2025-06-26,TT01,18-24,Cosmetics,18-24 | Cosmetics,Other,Mobile
C04470,2025-06-26,TT01,18-24,Fashion,18-24 | Fashion,Other,Mobile
C04471,2025-06-26,OR01,35-44,Cosmetics,35-44 | Cosmetics,Other,Mobile
C04472,2025-06-26,OR01,35-44,Fashion,35-44 | Fashion,Other,Mobile
C04473,2025-06-26,OR01,25-34,Fashion,25-34 | Fashion,Other,Mobile
C04474,2025-06-26,OR01,25-34,Fashion,25-34 | Fashion,Other,Mobile
C04475,2025-06-26,OR02,18-24,Cosmetics,18-24 | Cosmetics,Metro,Mobile
C04476,2025-06-27,GG02,45+,Fashion,45+ | Fashion,Other,Mobile
C04477,2025-06-27,GG02,25-34,Cosmetics,25-34 | Cosmetics,Other,Mobile
C04478,2025-06-27,GG03,35-44,Fashion,35-44 | Fashion,Metro,Mobile
C04479,2025-06-27,GG03,25-34,Fashion,25-34 | Fashion,Other,Desktop
C04480,2025-06-27,GG03,18-24,Fashion,18-24 | Fashion,Metro,Mobile
C04481,2025-06-27,GG03,45+,Fashion,45+ | Fashion,Other,Mobile
C04482,2025-06-27,GG03,25-34,Fashion,25-34 | Fashion,Metro,Mobile
C04483,2025-06-27,GG03,18-24,Fashion,18-24 | Fashion,Metro,Desktop
C04484,2025-06-27,GG03,35-44,Cosmetics,35-44 | Cosmetics,Metro,Desktop
C04485,2025-06-27,MT01,25-34,Cosmetics,25-34 | Cosmetics,Metro,Mobile
C04486,2025-06-27,MT01,18-24,Cosmetics,18-24 | Cosmetics,Metro,Desktop
C04487,2025-06-27,MT02,45+,Cosmetics,45+ | Cosmetics,Metro,Mobile
C04488,2025-06-27,MT02,25-34,Fashion,25-34 | Fashion,Metro,Mobile
C04489,2025-06-27,MT02,18-24,Fashion,18-24 | Fashion,Other,Mobile
C04490,2025-06-27,MT03,25-34,Fashion,25-34 | Fashion,Other,Mobile
C04491,2025-06-27,MT03,18-24,Fashion,18-24 | Fashion,Metro,Mobile
C04492,2025-06-27,MT03,25-34,Cosmetics,25-34 | Cosmetics,Other,Desktop
C04493,2025-06-27,TT01,18-24,Cosmetics,18-24 | Cosmetics,Other,Mobile
C04494,2025-06-27,TT01,18-24,Cosmetics,18-24 | Cosmetics,Other,Mobile
C04495,2025-06-27,TT01,18-24,Cosmetics,18-24 | Cosmetics,Metro,Mobile
C04496,2025-06-27,TT02,25-34,Cosmetics,25-34 | Cosmetics,Other,Mobile
C04497,2025-06-27,EM01,45+,Fashion,45+ | Fashion,Other,Mobile
C04498,2025-06-27,OR01,35-44,Fashion,35-44 | Fashion,Metro,Mobile
C04499,2025-06-27,OR01,45+,Fashion,45+ | Fashion,Other,Desktop
C04500,2025-06-27,OR01,35-44,Fashion,35-44 | Fashion,Other,Mobile
C04501,2025-06-27,OR01,25-34,Fashion,25-34 | Fashion,Other,Mobile
C04502,2025-06-27,OR01,18-24,Fashion,18-24 | Fashion,Other,Desktop
C04503,2025-06-28,GG01,35-44,Cosmetics,35-44 | Cosmetics,Metro,Desktop
C04504,2025-06-28,GG01,45+,Cosmetics,45+ | Cosmetics,Metro,Mobile
C04505,2025-06-28,GG01,25-34,Fashion,25-34 | Fashion,Metro,Desktop
C04506,2025-06-28,GG02,35-44,Fashion,35-44 | Fashion,Other,Desktop
C04507,2025-06-28,GG02,25-34,Fashion,25-34 | Fashion,Metro,Desktop
C04508,2025-06-28,GG03,35-44,Fashion,35-44 | Fashion,Other,Mobile
C04509,2025-06-28,GG03,25-34,Cosmetics,25-34 | Cosmetics,Metro,Mobile
C04510,2025-06-28,GG03,35-44,Fashion,35-44 | Fashion,Other,Mobile
C04511,2025-06-28,GG03,45+,Fashion,45+ | Fashion,Other,Mobile
C04512,2025-06-28,MT01,35-44,Fashion,35-44 | Fashion,Other,Mobile
C04513,2025-06-28,MT01,18-24,Cosmetics,18-24 | Cosmetics,Other,Mobile
C04514,2025-06-28,MT01,45+,Cosmetics,45+ | Cosmetics,Other,Mobile
C04515,2025-06-28,MT02,18-24,Cosmetics,18-24 | Cosmetics,Metro,Desktop
C04516,2025-06-28,MT02,25-34,Cosmetics,25-34 | Cosmetics,Other,Mobile
C04517,2025-06-28,TT01,18-24,Fashion,18-24 | Fashion,Metro,Mobile
C04518,2025-06-28,TT02,18-24,Fashion,18-24 | Fashion,Metro,Mobile
C04519,2025-06-28,TT02,35-44,Cosmetics,35-44 | Cosmetics,Other,Mobile
C04520,2025-06-28,EM01,45+,Cosmetics,45+ | Cosmetics,Other,Mobile
C04521,2025-06-28,EM01,35-44,Cosmetics,35-44 | Cosmetics,Other,Mobile
C04522,2025-06-28,OR01,18-24,Cosmetics,18-24 | Cosmetics,Metro,Mobile
C04523,2025-06-28,OR01,35-44,Cosmetics,35-44 | Cosmetics,Other,Mobile
C04524,2025-06-28,OR02,18-24,Cosmetics,18-24 | Cosmetics,Other,Mobile
C04525,2025-06-29,GG01,45+,Cosmetics,45+ | Cosmetics,Other,Mobile
C04526,2025-06-29,GG02,25-34,Fashion,25-34 | Fashion,Other,Desktop
C04527,2025-06-29,GG02,25-34,Cosmetics,25-34 | Cosmetics,Other,Mobile
C04528,2025-06-29,GG03,18-24,Cosmetics,18-24 | Cosmetics,Other,Mobile
C04529,2025-06-29,MT01,25-34,Cosmetics,25-34 | Cosmetics,Metro,Mobile
C04530,2025-06-29,MT01,25-34,Fashion,25-34 | Fashion,Metro,Mobile
C04531,2025-06-29,MT01,18-24,Fashion,18-24 | Fashion,Metro,Mobile
C04532,2025-06-29,MT01,18-24,Fashion,18-24 | Fashion,Other,Mobile
C04533,2025-06-29,MT01,18-24,Cosmetics,18-24 | Cosmetics,Metro,Mobile
C04534,2025-06-29,MT01,18-24,Cosmetics,18-24 | Cosmetics,Other,Mobile
C04535,2025-06-29,MT01,25-34,Fashion,25-34 | Fashion,Metro,Mobile
C04536,2025-06-29,MT01,25-34,Fashion,25-34 | Fashion,Metro,Mobile
C04537,2025-06-29,MT02,35-44,Fashion,35-44 | Fashion,Metro,Mobile
C04538,2025-06-29,MT02,25-34,Cosmetics,25-34 | Cosmetics,Metro,Mobile
C04539,2025-06-29,MT03,25-34,Fashion,25-34 | Fashion,Metro,Mobile
C04540,2025-06-29,MT03,35-44,Cosmetics,35-44 | Cosmetics,Other,Mobile
C04541,2025-06-29,TT01,25-34,Fashion,25-34 | Fashion,Other,Mobile
C04542,2025-06-29,TT01,18-24,Cosmetics,18-24 | Cosmetics,Other,Mobile
C04543,2025-06-29,TT02,35-44,Cosmetics,35-44 | Cosmetics,Other,Desktop
C04544,2025-06-29,TT02,18-24,Cosmetics,18-24 | Cosmetics,Other,Mobile
C04545,2025-06-29,EM01,45+,Cosmetics,45+ | Cosmetics,Metro,Mobile
C04546,2025-06-29,EM02,25-34,Cosmetics,25-34 | Cosmetics,Metro,Desktop
C04547,2025-06-29,EM02,25-34,Fashion,25-34 | Fashion,Metro,Mobile
C04548,2025-06-29,OR01,25-34,Fashion,25-34 | Fashion,Metro,Mobile
C04549,2025-06-29,OR01,25-34,Fashion,25-34 | Fashion,Metro,Mobile
C04550,2025-06-29,OR01,45+,Cosmetics,45+ | Cosmetics,Metro,Mobile
C04551,2025-06-30,GG02,45+,Fashion,45+ | Fashion,Other,Desktop
C04552,2025-06-30,GG02,25-34,Fashion,25-34 | Fashion,Other,Mobile
C04553,2025-06-30,GG03,35-44,Cosmetics,35-44 | Cosmetics,Other,Mobile
C04554,2025-06-30,GG03,25-34,Cosmetics,25-34 | Cosmetics,Other,Mobile
C04555,2025-06-30,MT01,25-34,Fashion,25-34 | Fashion,Metro,Desktop
C04556,2025-06-30,MT02,35-44,Fashion,35-44 | Fashion,Other,Mobile
C04557,2025-06-30,MT02,25-34,Fashion,25-34 | Fashion,Other,Mobile
C04558,2025-06-30,MT02,35-44,Fashion,35-44 | Fashion,Metro,Mobile
C04559,2025-06-30,TT01,18-24,Fashion,18-24 | Fashion,Metro,Mobile
C04560,2025-06-30,TT02,35-44,Cosmetics,35-44 | Cosmetics,Other,Mobile
C04561,2025-06-30,OR01,25-34,Fashion,25-34 | Fashion,Metro,Desktop
C04562,2025-06-30,OR01,35-44,Fashion,35-44 | Fashion,Metro,Desktop
C04563,2025-06-30,OR02,25-34,Fashion,25-34 | Fashion,Metro,Mobile
C04564,2025-07-01,GG01,45+,Cosmetics,45+ | Cosmetics,Other,Desktop
C04565,2025-07-01,GG01,35-44,Cosmetics,35-44 | Cosmetics,Other,Mobile
C04566,2025-07-01,GG02,45+,Cosmetics,45+ | Cosmetics,Metro,Mobile
C04567,2025-07-01,GG02,25-34,Cosmetics,25-34 | Cosmetics,Other,Mobile
C04568,2025-07-01,GG02,35-44,Cosmetics,35-44 | Cosmetics,Metro,Mobile
C04569,2025-07-01,GG03,25-34,Cosmetics,25-34 | Cosmetics,Other,Mobile
C04570,2025-07-01,GG03,25-34,Fashion,25-34 | Fashion,Metro,Mobile
C04571,2025-07-01,GG03,25-34,Cosmetics,25-34 | Cosmetics,Other,Mobile
C04572,2025-07-01,GG03,25-34,Cosmetics,25-34 | Cosmetics,Metro,Desktop
C04573,2025-07-01,GG03,45+,Fashion,45+ | Fashion,Other,Mobile
C04574,2025-07-01,MT01,18-24,Cosmetics,18-24 | Cosmetics,Metro,Mobile
C04575,2025-07-01,MT01,18-24,Fashion,18-24 | Fashion,Other,Mobile
C04576,2025-07-01,MT01,18-24,Fashion,18-24 | Fashion,Other,Mobile
C04577,2025-07-01,MT01,18-24,Cosmetics,18-24 | Cosmetics,Other,Mobile
C04578,2025-07-01,MT01,25-34,Cosmetics,25-34 | Cosmetics,Metro,Mobile
C04579,2025-07-01,MT02,18-24,Cosmetics,18-24 | Cosmetics,Metro,Mobile
C04580,2025-07-01,MT02,25-34,Cosmetics,25-34 | Cosmetics,Metro,Mobile
C04581,2025-07-01,MT02,18-24,Fashion,18-24 | Fashion,Metro,Mobile
C04582,2025-07-01,MT02,25-34,Fashion,25-34 | Fashion,Metro,Mobile
C04583,2025-07-01,MT02,25-34,Fashion,25-34 | Fashion,Metro,Mobile
C04584,2025-07-01,MT03,25-34,Cosmetics,25-34 | Cosmetics,Metro,Mobile
C04585,2025-07-01,TT01,25-34,Cosmetics,25-34 | Cosmetics,Metro,Mobile
C04586,2025-07-01,TT02,18-24,Cosmetics,18-24 | Cosmetics,Metro,Mobile
C04587,2025-07-01,OR01,45+,Fashion,45+ | Fashion,Other,Mobile
C04588,2025-07-01,OR01,35-44,Fashion,35-44 | Fashion,Other,Mobile
C04589,2025-07-01,OR02,25-34,Cosmetics,25-34 | Cosmetics,Other,Mobile
C04590,2025-07-02,GG01,25-34,Fashion,25-34 | Fashion,Metro,Mobile
C04591,2025-07-02,GG02,35-44,Fashion,35-44 | Fashion,Metro,Desktop
C04592,2025-07-02,GG02,35-44,Fashion,35-44 | Fashion,Other,Desktop
C04593,2025-07-02,GG02,35-44,Cosmetics,35-44 | Cosmetics,Other,Mobile
C04594,2025-07-02,GG02,35-44,Fashion,35-44 | Fashion,Other,Mobile
C04595,2025-07-02,GG02,45+,Fashion,45+ | Fashion,Metro,Desktop
C04596,2025-07-02,GG02,35-44,Fashion,35-44 | Fashion,Metro,Desktop
C04597,2025-07-02,GG03,25-34,Fashion,25-34 | Fashion,Metro,Desktop
C04598,2025-07-02,GG03,45+,Fashion,45+ | Fashion,Metro,Desktop
C04599,2025-07-02,MT01,18-24,Cosmetics,18-24 | Cosmetics,Other,Mobile
C04600,2025-07-02,MT02,35-44,Cosmetics,35-44 | Cosmetics,Metro,Mobile
C04601,2025-07-02,MT03,18-24,Fashion,18-24 | Fashion,Other,Mobile
C04602,2025-07-02,TT01,18-24,Cosmetics,18-24 | Cosmetics,Metro,Mobile
C04603,2025-07-02,TT01,18-24,Cosmetics,18-24 | Cosmetics,Other,Mobile
C04604,2025-07-02,TT02,25-34,Fashion,25-34 | Fashion,Metro,Mobile
C04605,2025-07-02,TT02,25-34,Fashion,25-34 | Fashion,Metro,Mobile
C04606,2025-07-02,TT02,18-24,Cosmetics,18-24 | Cosmetics,Metro,Mobile
C04607,2025-07-02,OR01,45+,Fashion,45+ | Fashion,Other,Mobile
C04608,2025-07-02,OR02,35-44,Cosmetics,35-44 | Cosmetics,Other,Mobile
C04609,2025-07-02,OR02,18-24,Cosmetics,18-24 | Cosmetics,Metro,Mobile
C04610,2025-07-02,OR02,35-44,Cosmetics,35-44 | Cosmetics,Metro,Mobile
C04611,2025-07-03,GG01,45+,Cosmetics,45+ | Cosmetics,Metro,Mobile
C04612,2025-07-03,GG01,35-44,Fashion,35-44 | Fashion,Other,Mobile
C04613,2025-07-03,GG02,18-24,Fashion,18-24 | Fashion,Metro,Mobile
C04614,2025-07-03,GG02,25-34,Cosmetics,25-34 | Cosmetics,Metro,Mobile
C04615,2025-07-03,GG02,35-44,Cosmetics,35-44 | Cosmetics,Other,Desktop
C04616,2025-07-03,GG02,35-44,Fashion,35-44 | Fashion,Other,Desktop
C04617,2025-07-03,GG02,35-44,Cosmetics,35-44 | Cosmetics,Metro,Desktop
C04618,2025-07-03,GG03,25-34,Cosmetics,25-34 | Cosmetics,Other,Desktop
C04619,2025-07-03,MT01,25-34,Cosmetics,25-34 | Cosmetics,Metro,Mobile
C04620,2025-07-03,MT01,45+,Fashion,45+ | Fashion,Other,Mobile
C04621,2025-07-03,MT02,25-34,Cosmetics,25-34 | Cosmetics,Metro,Desktop
C04622,2025-07-03,MT02,45+,Cosmetics,45+ | Cosmetics,Other,Mobile
C04623,2025-07-03,TT01,18-24,Cosmetics,18-24 | Cosmetics,Metro,Mobile
C04624,2025-07-03,EM01,35-44,Cosmetics,35-44 | Cosmetics,Other,Mobile
C04625,2025-07-03,OR01,45+,Cosmetics,45+ | Cosmetics,Other,Desktop
C04626,2025-07-03,OR01,18-24,Cosmetics,18-24 | Cosmetics,Metro,Desktop
C04627,2025-07-03,OR01,25-34,Cosmetics,25-34 | Cosmetics,Other,Mobile
C04628,2025-07-03,OR02,25-34,Cosmetics,25-34 | Cosmetics,Metro,Mobile
C04629,2025-07-04,GG01,35-44,Cosmetics,35-44 | Cosmetics,Other,Mobile
C04630,2025-07-04,GG01,45+,Fashion,45+ | Fashion,Metro,Desktop
C04631,2025-07-04,GG01,35-44,Fashion,35-44 | Fashion,Other,Desktop
C04632,2025-07-04,GG01,25-34,Fashion,25-34 | Fashion,Other,Mobile
C04633,2025-07-04,GG01,25-34,Fashion,25-34 | Fashion,Other,Mobile
C04634,2025-07-04,GG01,25-34,Fashion,25-34 | Fashion,Other,Desktop
C04635,2025-07-04,GG01,35-44,Fashion,35-44 | Fashion,Metro,Desktop
C04636,2025-07-04,GG02,35-44,Fashion,35-44 | Fashion,Metro,Mobile
C04637,2025-07-04,GG02,25-34,Fashion,25-34 | Fashion,Metro,Desktop
C04638,2025-07-04,GG02,45+,Fashion,45+ | Fashion,Other,Mobile
C04639,2025-07-04,GG02,35-44,Cosmetics,35-44 | Cosmetics,Other,Desktop
C04640,2025-07-04,GG03,45+,Cosmetics,45+ | Cosmetics,Metro,Mobile
C04641,2025-07-04,GG03,35-44,Cosmetics,35-44 | Cosmetics,Metro,Mobile
C04642,2025-07-04,MT01,25-34,Fashion,25-34 | Fashion,Other,Mobile
C04643,2025-07-04,MT01,18-24,Fashion,18-24 | Fashion,Metro,Mobile
C04644,2025-07-04,MT02,45+,Cosmetics,45+ | Cosmetics,Other,Mobile
C04645,2025-07-04,MT02,25-34,Cosmetics,25-34 | Cosmetics,Metro,Mobile
C04646,2025-07-04,MT02,18-24,Cosmetics,18-24 | Cosmetics,Other,Mobile
C04647,2025-07-04,MT03,18-24,Fashion,18-24 | Fashion,Other,Mobile
C04648,2025-07-04,TT01,18-24,Cosmetics,18-24 | Cosmetics,Metro,Mobile
C04649,2025-07-04,TT01,18-24,Cosmetics,18-24 | Cosmetics,Metro,Mobile
C04650,2025-07-04,TT01,25-34,Fashion,25-34 | Fashion,Other,Mobile
C04651,2025-07-04,TT01,18-24,Fashion,18-24 | Fashion,Other,Mobile
C04652,2025-07-04,TT02,18-24,Cosmetics,18-24 | Cosmetics,Other,Mobile
C04653,2025-07-04,TT02,25-34,Cosmetics,25-34 | Cosmetics,Other,Mobile
C04654,2025-07-04,TT02,18-24,Fashion,18-24 | Fashion,Other,Mobile
C04655,2025-07-04,EM02,45+,Fashion,45+ | Fashion,Metro,Mobile
C04656,2025-07-04,OR01,45+,Cosmetics,45+ | Cosmetics,Other,Desktop
C04657,2025-07-04,OR01,35-44,Fashion,35-44 | Fashion,Metro,Mobile
C04658,2025-07-04,OR01,25-34,Cosmetics,25-34 | Cosmetics,Metro,Mobile
C04659,2025-07-05,GG01,35-44,Fashion,35-44 | Fashion,Metro,Mobile
C04660,2025-07-05,GG02,35-44,Fashion,35-44 | Fashion,Metro,Mobile
C04661,2025-07-05,GG02,35-44,Fashion,35-44 | Fashion,Metro,Mobile
C04662,2025-07-05,GG02,45+,Cosmetics,45+ | Cosmetics,Metro,Mobile
C04663,2025-07-05,GG02,35-44,Fashion,35-44 | Fashion,Metro,Mobile
C04664,2025-07-05,GG02,45+,Cosmetics,45+ | Cosmetics,Other,Mobile
C04665,2025-07-05,GG03,25-34,Fashion,25-34 | Fashion,Metro,Desktop
C04666,2025-07-05,GG03,35-44,Fashion,35-44 | Fashion,Other,Mobile
C04667,2025-07-05,MT01,35-44,Cosmetics,35-44 | Cosmetics,Metro,Mobile
C04668,2025-07-05,MT01,25-34,Cosmetics,25-34 | Cosmetics,Metro,Mobile
C04669,2025-07-05,MT01,18-24,Fashion,18-24 | Fashion,Metro,Mobile
C04670,2025-07-05,MT02,18-24,Cosmetics,18-24 | Cosmetics,Metro,Mobile
C04671,2025-07-05,MT02,18-24,Fashion,18-24 | Fashion,Metro,Mobile
C04672,2025-07-05,MT03,35-44,Fashion,35-44 | Fashion,Metro,Mobile
C04673,2025-07-05,MT03,35-44,Cosmetics,35-44 | Cosmetics,Other,Mobile
C04674,2025-07-05,TT01,25-34,Cosmetics,25-34 | Cosmetics,Metro,Mobile
C04675,2025-07-05,TT01,18-24,Fashion,18-24 | Fashion,Metro,Mobile
C04676,2025-07-05,TT01,18-24,Fashion,18-24 | Fashion,Metro,Mobile
C04677,2025-07-05,TT02,18-24,Fashion,18-24 | Fashion,Other,Mobile
C04678,2025-07-05,TT02,25-34,Cosmetics,25-34 | Cosmetics,Metro,Mobile
C04679,2025-07-05,OR01,45+,Cosmetics,45+ | Cosmetics,Other,Mobile
C04680,2025-07-05,OR01,35-44,Cosmetics,35-44 | Cosmetics,Other,Mobile
C04681,2025-07-05,OR01,25-34,Cosmetics,25-34 | Cosmetics,Metro,Mobile
C04682,2025-07-05,OR01,25-34,Cosmetics,25-34 | Cosmetics,Other,Mobile
C04683,2025-07-05,OR02,25-34,Cosmetics,25-34 | Cosmetics,Other,Mobile
C04684,2025-07-05,OR02,18-24,Cosmetics,18-24 | Cosmetics,Metro,Mobile
C04685,2025-07-06,GG01,35-44,Fashion,35-44 | Fashion,Metro,Desktop
C04686,2025-07-06,GG01,25-34,Cosmetics,25-34 | Cosmetics,Metro,Mobile
C04687,2025-07-06,GG01,45+,Cosmetics,45+ | Cosmetics,Other,Desktop
C04688,2025-07-06,GG01,45+,Cosmetics,45+ | Cosmetics,Other,Mobile
C04689,2025-07-06,GG01,25-34,Fashion,25-34 | Fashion,Metro,Mobile
C04690,2025-07-06,GG02,18-24,Fashion,18-24 | Fashion,Other,Desktop
C04691,2025-07-06,GG03,35-44,Fashion,35-44 | Fashion,Metro,Mobile
C04692,2025-07-06,GG03,25-34,Fashion,25-34 | Fashion,Metro,Mobile
C04693,2025-07-06,MT01,35-44,Cosmetics,35-44 | Cosmetics,Other,Desktop
C04694,2025-07-06,MT01,35-44,Cosmetics,35-44 | Cosmetics,Other,Mobile
C04695,2025-07-06,MT02,25-34,Cosmetics,25-34 | Cosmetics,Metro,Mobile
C04696,2025-07-06,TT01,25-34,Fashion,25-34 | Fashion,Other,Mobile
C04697,2025-07-06,TT02,18-24,Cosmetics,18-24 | Cosmetics,Other,Mobile
C04698,2025-07-06,TT02,18-24,Cosmetics,18-24 | Cosmetics,Other,Mobile
C04699,2025-07-06,TT02,35-44,Cosmetics,35-44 | Cosmetics,Other,Mobile
C04700,2025-07-06,EM01,25-34,Cosmetics,25-34 | Cosmetics,Other,Desktop
C04701,2025-07-06,EM01,18-24,Fashion,18-24 | Fashion,Metro,Desktop
C04702,2025-07-06,EM01,18-24,Cosmetics,18-24 | Cosmetics,Metro,Mobile
C04703,2025-07-06,OR02,18-24,Cosmetics,18-24 | Cosmetics,Metro,Desktop
C04704,2025-07-07,GG01,35-44,Fashion,35-44 | Fashion,Other,Mobile
C04705,2025-07-07,GG01,35-44,Cosmetics,35-44 | Cosmetics,Other,Desktop
C04706,2025-07-07,GG01,35-44,Fashion,35-44 | Fashion,Other,Mobile
C04707,2025-07-07,GG02,35-44,Fashion,35-44 | Fashion,Metro,Desktop
C04708,2025-07-07,GG02,35-44,Cosmetics,35-44 | Cosmetics,Other,Desktop
C04709,2025-07-07,GG02,35-44,Fashion,35-44 | Fashion,Metro,Mobile
C04710,2025-07-07,GG02,25-34,Fashion,25-34 | Fashion,Metro,Mobile
C04711,2025-07-07,GG03,25-34,Fashion,25-34 | Fashion,Other,Desktop
C04712,2025-07-07,GG03,35-44,Fashion,35-44 | Fashion,Other,Desktop
C04713,2025-07-07,MT01,45+,Cosmetics,45+ | Cosmetics,Metro,Mobile
C04714,2025-07-07,MT01,45+,Cosmetics,45+ | Cosmetics,Metro,Mobile
C04715,2025-07-07,MT01,25-34,Fashion,25-34 | Fashion,Other,Mobile
C04716,2025-07-07,MT01,35-44,Cosmetics,35-44 | Cosmetics,Metro,Mobile
C04717,2025-07-07,MT01,25-34,Cosmetics,25-34 | Cosmetics,Metro,Mobile
C04718,2025-07-07,MT02,45+,Fashion,45+ | Fashion,Other,Mobile
C04719,2025-07-07,MT02,45+,Fashion,45+ | Fashion,Metro,Desktop
C04720,2025-07-07,TT01,25-34,Cosmetics,25-34 | Cosmetics,Metro,Mobile
C04721,2025-07-07,TT01,18-24,Cosmetics,18-24 | Cosmetics,Other,Mobile
C04722,2025-07-07,TT01,25-34,Cosmetics,25-34 | Cosmetics,Metro,Mobile
C04723,2025-07-07,EM01,25-34,Fashion,25-34 | Fashion,Metro,Mobile
C04724,2025-07-07,OR01,45+,Fashion,45+ | Fashion,Other,Desktop
C04725,2025-07-07,OR01,45+,Fashion,45+ | Fashion,Other,Mobile
C04726,2025-07-08,GG02,35-44,Fashion,35-44 | Fashion,Other,Mobile
C04727,2025-07-08,GG02,25-34,Cosmetics,25-34 | Cosmetics,Metro,Mobile
C04728,2025-07-08,GG02,45+,Cosmetics,45+ | Cosmetics,Metro,Mobile
C04729,2025-07-08,MT01,35-44,Cosmetics,35-44 | Cosmetics,Other,Mobile
C04730,2025-07-08,MT01,25-34,Cosmetics,25-34 | Cosmetics,Metro,Desktop
C04731,2025-07-08,MT02,25-34,Fashion,25-34 | Fashion,Metro,Mobile
C04732,2025-07-08,MT02,35-44,Fashion,35-44 | Fashion,Other,Mobile
C04733,2025-07-08,MT02,35-44,Cosmetics,35-44 | Cosmetics,Other,Desktop
C04734,2025-07-08,TT01,18-24,Cosmetics,18-24 | Cosmetics,Other,Mobile
C04735,2025-07-08,TT01,25-34,Fashion,25-34 | Fashion,Metro,Mobile
C04736,2025-07-08,EM01,25-34,Fashion,25-34 | Fashion,Other,Mobile
C04737,2025-07-08,OR01,45+,Cosmetics,45+ | Cosmetics,Other,Mobile
C04738,2025-07-08,OR01,35-44,Cosmetics,35-44 | Cosmetics,Metro,Desktop
C04739,2025-07-08,OR02,25-34,Cosmetics,25-34 | Cosmetics,Metro,Mobile
C04740,2025-07-09,GG02,25-34,Cosmetics,25-34 | Cosmetics,Other,Desktop
C04741,2025-07-09,GG02,25-34,Fashion,25-34 | Fashion,Other,Desktop
C04742,2025-07-09,GG02,35-44,Fashion,35-44 | Fashion,Metro,Mobile
C04743,2025-07-09,GG02,25-34,Fashion,25-34 | Fashion,Other,Desktop
C04744,2025-07-09,MT01,25-34,Fashion,25-34 | Fashion,Metro,Mobile
C04745,2025-07-09,MT02,25-34,Fashion,25-34 | Fashion,Other,Mobile
C04746,2025-07-09,MT03,18-24,Cosmetics,18-24 | Cosmetics,Metro,Mobile
C04747,2025-07-09,MT03,45+,Fashion,45+ | Fashion,Metro,Mobile
C04748,2025-07-09,MT03,35-44,Cosmetics,35-44 | Cosmetics,Metro,Mobile
C04749,2025-07-09,TT01,18-24,Cosmetics,18-24 | Cosmetics,Other,Mobile
C04750,2025-07-09,TT01,18-24,Cosmetics,18-24 | Cosmetics,Other,Mobile
C04751,2025-07-09,TT01,18-24,Cosmetics,18-24 | Cosmetics,Metro,Mobile
C04752,2025-07-09,TT01,45+,Cosmetics,45+ | Cosmetics,Metro,Mobile
C04753,2025-07-09,TT02,25-34,Cosmetics,25-34 | Cosmetics,Metro,Mobile
C04754,2025-07-09,EM01,45+,Cosmetics,45+ | Cosmetics,Metro,Desktop
C04755,2025-07-09,EM02,35-44,Cosmetics,35-44 | Cosmetics,Metro,Mobile
C04756,2025-07-09,OR01,25-34,Fashion,25-34 | Fashion,Other,Mobile
C04757,2025-07-09,OR01,25-34,Fashion,25-34 | Fashion,Other,Desktop
C04758,2025-07-09,OR01,25-34,Fashion,25-34 | Fashion,Metro,Desktop
C04759,2025-07-09,OR01,25-34,Fashion,25-34 | Fashion,Other,Mobile
C04760,2025-07-09,OR02,35-44,Fashion,35-44 | Fashion,Metro,Mobile
C04761,2025-07-10,GG01,25-34,Fashion,25-34 | Fashion,Metro,Desktop
C04762,2025-07-10,GG01,45+,Cosmetics,45+ | Cosmetics,Other,Desktop
C04763,2025-07-10,GG01,45+,Cosmetics,45+ | Cosmetics,Metro,Desktop
C04764,2025-07-10,GG01,35-44,Fashion,35-44 | Fashion,Metro,Mobile
C04765,2025-07-10,GG01,45+,Cosmetics,45+ | Cosmetics,Metro,Mobile
C04766,2025-07-10,GG02,18-24,Fashion,18-24 | Fashion,Metro,Desktop
C04767,2025-07-10,GG02,35-44,Cosmetics,35-44 | Cosmetics,Other,Mobile
C04768,2025-07-10,GG02,35-44,Fashion,35-44 | Fashion,Metro,Desktop
C04769,2025-07-10,GG03,35-44,Fashion,35-44 | Fashion,Metro,Mobile
C04770,2025-07-10,GG03,25-34,Fashion,25-34 | Fashion,Metro,Desktop
C04771,2025-07-10,GG03,35-44,Cosmetics,35-44 | Cosmetics,Metro,Desktop
C04772,2025-07-10,MT02,45+,Fashion,45+ | Fashion,Other,Mobile
C04773,2025-07-10,MT03,18-24,Fashion,18-24 | Fashion,Other,Mobile
C04774,2025-07-10,MT03,25-34,Fashion,25-34 | Fashion,Other,Desktop
C04775,2025-07-10,TT01,18-24,Fashion,18-24 | Fashion,Metro,Mobile
C04776,2025-07-10,TT02,25-34,Cosmetics,25-34 | Cosmetics,Metro,Mobile
C04777,2025-07-10,TT02,18-24,Cosmetics,18-24 | Cosmetics,Metro,Mobile
C04778,2025-07-10,EM02,25-34,Cosmetics,25-34 | Cosmetics,Metro,Mobile
C04779,2025-07-10,EM02,45+,Fashion,45+ | Fashion,Other,Mobile
C04780,2025-07-10,OR01,35-44,Fashion,35-44 | Fashion,Metro,Mobile
C04781,2025-07-10,OR01,18-24,Fashion,18-24 | Fashion,Metro,Desktop
C04782,2025-07-10,OR01,25-34,Fashion,25-34 | Fashion,Other,Mobile
C04783,2025-07-10,OR01,45+,Cosmetics,45+ | Cosmetics,Metro,Mobile
C04784,2025-07-10,OR02,25-34,Fashion,25-34 | Fashion,Metro,Desktop
C04785,2025-07-11,GG01,45+,Fashion,45+ | Fashion,Other,Mobile
C04786,2025-07-11,GG02,25-34,Fashion,25-34 | Fashion,Other,Mobile
C04787,2025-07-11,GG02,35-44,Fashion,35-44 | Fashion,Metro,Mobile
C04788,2025-07-11,GG02,35-44,Fashion,35-44 | Fashion,Other,Desktop
C04789,2025-07-11,GG03,25-34,Fashion,25-34 | Fashion,Other,Mobile
C04790,2025-07-11,GG03,25-34,Fashion,25-34 | Fashion,Metro,Mobile
C04791,2025-07-11,GG03,35-44,Fashion,35-44 | Fashion,Metro,Mobile
C04792,2025-07-11,GG03,45+,Cosmetics,45+ | Cosmetics,Metro,Desktop
C04793,2025-07-11,MT01,18-24,Cosmetics,18-24 | Cosmetics,Metro,Desktop
C04794,2025-07-11,MT01,25-34,Fashion,25-34 | Fashion,Metro,Mobile
C04795,2025-07-11,MT01,25-34,Fashion,25-34 | Fashion,Other,Mobile
C04796,2025-07-11,MT02,45+,Cosmetics,45+ | Cosmetics,Other,Mobile
C04797,2025-07-11,MT02,45+,Cosmetics,45+ | Cosmetics,Metro,Mobile
C04798,2025-07-11,MT02,35-44,Fashion,35-44 | Fashion,Other,Mobile
C04799,2025-07-11,MT02,25-34,Fashion,25-34 | Fashion,Metro,Desktop
C04800,2025-07-11,MT02,25-34,Fashion,25-34 | Fashion,Metro,Mobile
C04801,2025-07-11,MT02,45+,Cosmetics,45+ | Cosmetics,Other,Mobile
C04802,2025-07-11,MT03,45+,Fashion,45+ | Fashion,Metro,Mobile
C04803,2025-07-11,TT01,25-34,Cosmetics,25-34 | Cosmetics,Other,Desktop
C04804,2025-07-11,TT01,18-24,Cosmetics,18-24 | Cosmetics,Other,Mobile
C04805,2025-07-11,TT02,45+,Cosmetics,45+ | Cosmetics,Metro,Mobile
C04806,2025-07-11,TT02,18-24,Fashion,18-24 | Fashion,Metro,Mobile
C04807,2025-07-11,OR01,35-44,Fashion,35-44 | Fashion,Metro,Mobile
C04808,2025-07-11,OR01,25-34,Cosmetics,25-34 | Cosmetics,Other,Mobile
C04809,2025-07-11,OR01,18-24,Fashion,18-24 | Fashion,Metro,Desktop
C04810,2025-07-11,OR01,25-34,Fashion,25-34 | Fashion,Other,Mobile
C04811,2025-07-12,GG01,25-34,Cosmetics,25-34 | Cosmetics,Other,Desktop
C04812,2025-07-12,GG01,35-44,Fashion,35-44 | Fashion,Metro,Desktop
C04813,2025-07-12,GG01,35-44,Fashion,35-44 | Fashion,Metro,Mobile
C04814,2025-07-12,GG01,45+,Cosmetics,45+ | Cosmetics,Other,Desktop
C04815,2025-07-12,GG03,25-34,Cosmetics,25-34 | Cosmetics,Other,Desktop
C04816,2025-07-12,GG03,25-34,Fashion,25-34 | Fashion,Metro,Desktop
C04817,2025-07-12,GG03,25-34,Cosmetics,25-34 | Cosmetics,Other,Desktop
C04818,2025-07-12,MT02,25-34,Fashion,25-34 | Fashion,Metro,Mobile
C04819,2025-07-12,MT02,25-34,Cosmetics,25-34 | Cosmetics,Metro,Desktop
C04820,2025-07-12,MT02,25-34,Fashion,25-34 | Fashion,Metro,Mobile
C04821,2025-07-12,MT03,25-34,Cosmetics,25-34 | Cosmetics,Other,Mobile
C04822,2025-07-12,TT01,18-24,Cosmetics,18-24 | Cosmetics,Other,Mobile
C04823,2025-07-12,TT01,18-24,Fashion,18-24 | Fashion,Other,Mobile
C04824,2025-07-12,TT02,18-24,Fashion,18-24 | Fashion,Metro,Mobile
C04825,2025-07-12,TT02,18-24,Cosmetics,18-24 | Cosmetics,Metro,Mobile
C04826,2025-07-12,TT02,25-34,Cosmetics,25-34 | Cosmetics,Other,Mobile
C04827,2025-07-12,TT02,18-24,Fashion,18-24 | Fashion,Metro,Mobile
C04828,2025-07-12,TT02,18-24,Cosmetics,18-24 | Cosmetics,Other,Mobile
C04829,2025-07-12,EM01,25-34,Fashion,25-34 | Fashion,Other,Mobile
C04830,2025-07-12,EM01,45+,Cosmetics,45+ | Cosmetics,Other,Desktop
C04831,2025-07-12,OR01,35-44,Cosmetics,35-44 | Cosmetics,Metro,Desktop
C04832,2025-07-12,OR01,45+,Cosmetics,45+ | Cosmetics,Other,Desktop
C04833,2025-07-12,OR01,35-44,Cosmetics,35-44 | Cosmetics,Metro,Desktop
C04834,2025-07-12,OR02,35-44,Fashion,35-44 | Fashion,Metro,Mobile
C04835,2025-07-13,GG01,18-24,Fashion,18-24 | Fashion,Other,Mobile
C04836,2025-07-13,GG02,45+,Fashion,45+ | Fashion,Other,Desktop
C04837,2025-07-13,GG02,25-34,Fashion,25-34 | Fashion,Metro,Mobile
C04838,2025-07-13,GG02,25-34,Fashion,25-34 | Fashion,Other,Mobile
C04839,2025-07-13,GG03,35-44,Cosmetics,35-44 | Cosmetics,Metro,Mobile
C04840,2025-07-13,GG03,25-34,Fashion,25-34 | Fashion,Other,Desktop
C04841,2025-07-13,GG03,25-34,Fashion,25-34 | Fashion,Other,Desktop
C04842,2025-07-13,MT01,35-44,Fashion,35-44 | Fashion,Other,Desktop
C04843,2025-07-13,MT01,18-24,Fashion,18-24 | Fashion,Other,Mobile
C04844,2025-07-13,MT01,35-44,Fashion,35-44 | Fashion,Other,Mobile
C04845,2025-07-13,MT02,25-34,Cosmetics,25-34 | Cosmetics,Other,Mobile
C04846,2025-07-13,MT02,18-24,Fashion,18-24 | Fashion,Other,Mobile
C04847,2025-07-13,TT01,25-34,Cosmetics,25-34 | Cosmetics,Metro,Mobile
C04848,2025-07-13,TT01,18-24,Fashion,18-24 | Fashion,Metro,Mobile
C04849,2025-07-13,TT02,18-24,Cosmetics,18-24 | Cosmetics,Metro,Mobile
C04850,2025-07-13,EM01,45+,Fashion,45+ | Fashion,Metro,Desktop
C04851,2025-07-13,EM01,45+,Fashion,45+ | Fashion,Metro,Mobile
C04852,2025-07-13,EM01,35-44,Fashion,35-44 | Fashion,Metro,Mobile
C04853,2025-07-13,OR01,25-34,Cosmetics,25-34 | Cosmetics,Other,Desktop
C04854,2025-07-13,OR01,35-44,Fashion,35-44 | Fashion,Other,Mobile
C04855,2025-07-14,GG02,45+,Fashion,45+ | Fashion,Metro,Desktop
C04856,2025-07-14,GG02,35-44,Fashion,35-44 | Fashion,Other,Mobile
C04857,2025-07-14,GG03,25-34,Fashion,25-34 | Fashion,Metro,Desktop
C04858,2025-07-14,GG03,45+,Fashion,45+ | Fashion,Metro,Mobile
C04859,2025-07-14,GG03,25-34,Fashion,25-34 | Fashion,Metro,Mobile
C04860,2025-07-14,MT01,18-24,Cosmetics,18-24 | Cosmetics,Metro,Mobile
C04861,2025-07-14,MT01,25-34,Cosmetics,25-34 | Cosmetics,Metro,Mobile
C04862,2025-07-14,MT02,35-44,Fashion,35-44 | Fashion,Metro,Mobile
C04863,2025-07-14,MT03,25-34,Fashion,25-34 | Fashion,Other,Desktop
C04864,2025-07-14,MT03,25-34,Cosmetics,25-34 | Cosmetics,Metro,Mobile
C04865,2025-07-14,TT01,18-24,Cosmetics,18-24 | Cosmetics,Other,Mobile
C04866,2025-07-14,TT01,18-24,Fashion,18-24 | Fashion,Metro,Mobile
C04867,2025-07-14,EM01,45+,Cosmetics,45+ | Cosmetics,Metro,Mobile
C04868,2025-07-14,EM01,25-34,Fashion,25-34 | Fashion,Metro,Desktop
C04869,2025-07-14,EM02,25-34,Cosmetics,25-34 | Cosmetics,Other,Mobile
C04870,2025-07-14,EM02,35-44,Fashion,35-44 | Fashion,Other,Mobile
C04871,2025-07-14,OR01,25-34,Fashion,25-34 | Fashion,Other,Mobile
C04872,2025-07-15,GG01,25-34,Cosmetics,25-34 | Cosmetics,Metro,Mobile
C04873,2025-07-15,GG01,45+,Fashion,45+ | Fashion,Other,Mobile
C04874,2025-07-15,GG01,25-34,Cosmetics,25-34 | Cosmetics,Other,Desktop
C04875,2025-07-15,GG01,45+,Cosmetics,45+ | Cosmetics,Other,Mobile
C04876,2025-07-15,GG01,25-34,Fashion,25-34 | Fashion,Other,Mobile
C04877,2025-07-15,GG01,45+,Cosmetics,45+ | Cosmetics,Other,Desktop
C04878,2025-07-15,GG02,18-24,Cosmetics,18-24 | Cosmetics,Metro,Desktop
C04879,2025-07-15,GG03,35-44,Fashion,35-44 | Fashion,Other,Mobile
C04880,2025-07-15,MT01,25-34,Fashion,25-34 | Fashion,Other,Desktop
C04881,2025-07-15,MT02,25-34,Fashion,25-34 | Fashion,Metro,Mobile
C04882,2025-07-15,MT02,25-34,Fashion,25-34 | Fashion,Other,Mobile
C04883,2025-07-15,MT02,25-34,Cosmetics,25-34 | Cosmetics,Other,Mobile
C04884,2025-07-15,MT02,25-34,Cosmetics,25-34 | Cosmetics,Metro,Mobile
C04885,2025-07-15,MT02,35-44,Fashion,35-44 | Fashion,Metro,Mobile
C04886,2025-07-15,MT02,45+,Cosmetics,45+ | Cosmetics,Metro,Mobile
C04887,2025-07-15,MT03,25-34,Fashion,25-34 | Fashion,Other,Mobile
C04888,2025-07-15,TT01,25-34,Fashion,25-34 | Fashion,Metro,Mobile
C04889,2025-07-15,TT01,18-24,Cosmetics,18-24 | Cosmetics,Metro,Mobile
C04890,2025-07-15,TT01,18-24,Cosmetics,18-24 | Cosmetics,Metro,Mobile
C04891,2025-07-15,TT02,25-34,Fashion,25-34 | Fashion,Metro,Mobile
C04892,2025-07-15,TT02,18-24,Cosmetics,18-24 | Cosmetics,Metro,Mobile
C04893,2025-07-15,EM02,25-34,Fashion,25-34 | Fashion,Metro,Mobile
C04894,2025-07-15,OR01,45+,Cosmetics,45+ | Cosmetics,Other,Desktop
C04895,2025-07-15,OR01,18-24,Fashion,18-24 | Fashion,Metro,Mobile
C04896,2025-07-16,GG01,45+,Fashion,45+ | Fashion,Other,Mobile
C04897,2025-07-16,GG01,25-34,Fashion,25-34 | Fashion,Other,Mobile
C04898,2025-07-16,GG02,45+,Fashion,45+ | Fashion,Metro,Desktop
C04899,2025-07-16,GG02,25-34,Fashion,25-34 | Fashion,Other,Mobile
C04900,2025-07-16,GG03,18-24,Fashion,18-24 | Fashion,Metro,Mobile
C04901,2025-07-16,GG03,18-24,Fashion,18-24 | Fashion,Other,Mobile
C04902,2025-07-16,GG03,18-24,Fashion,18-24 | Fashion,Metro,Desktop
C04903,2025-07-16,GG03,25-34,Fashion,25-34 | Fashion,Other,Desktop
C04904,2025-07-16,GG03,25-34,Fashion,25-34 | Fashion,Other,Mobile
C04905,2025-07-16,MT01,25-34,Fashion,25-34 | Fashion,Metro,Mobile
C04906,2025-07-16,MT02,35-44,Fashion,35-44 | Fashion,Metro,Mobile
C04907,2025-07-16,MT02,25-34,Cosmetics,25-34 | Cosmetics,Other,Mobile
C04908,2025-07-16,MT03,35-44,Cosmetics,35-44 | Cosmetics,Metro,Mobile
C04909,2025-07-16,MT03,35-44,Cosmetics,35-44 | Cosmetics,Other,Mobile
C04910,2025-07-16,TT01,18-24,Fashion,18-24 | Fashion,Other,Mobile
C04911,2025-07-16,TT01,18-24,Cosmetics,18-24 | Cosmetics,Metro,Desktop
C04912,2025-07-16,TT01,18-24,Cosmetics,18-24 | Cosmetics,Metro,Mobile
C04913,2025-07-16,TT01,18-24,Cosmetics,18-24 | Cosmetics,Metro,Mobile
C04914,2025-07-16,TT01,25-34,Fashion,25-34 | Fashion,Metro,Mobile
C04915,2025-07-16,TT01,45+,Cosmetics,45+ | Cosmetics,Metro,Mobile
C04916,2025-07-16,EM01,35-44,Cosmetics,35-44 | Cosmetics,Metro,Mobile
C04917,2025-07-16,EM02,45+,Fashion,45+ | Fashion,Metro,Mobile
C04918,2025-07-16,EM02,45+,Cosmetics,45+ | Cosmetics,Metro,Desktop
C04919,2025-07-16,OR01,25-34,Fashion,25-34 | Fashion,Other,Mobile
C04920,2025-07-16,OR01,25-34,Fashion,25-34 | Fashion,Metro,Desktop
C04921,2025-07-16,OR02,25-34,Cosmetics,25-34 | Cosmetics,Other,Mobile
C04922,2025-07-16,OR02,18-24,Cosmetics,18-24 | Cosmetics,Metro,Mobile
C04923,2025-07-17,GG02,45+,Fashion,45+ | Fashion,Metro,Desktop
C04924,2025-07-17,GG03,25-34,Fashion,25-34 | Fashion,Metro,Mobile
C04925,2025-07-17,GG03,25-34,Fashion,25-34 | Fashion,Metro,Mobile
C04926,2025-07-17,MT01,25-34,Fashion,25-34 | Fashion,Other,Mobile
C04927,2025-07-17,MT01,18-24,Fashion,18-24 | Fashion,Metro,Mobile
C04928,2025-07-17,MT01,18-24,Fashion,18-24 | Fashion,Metro,Mobile
C04929,2025-07-17,MT02,35-44,Fashion,35-44 | Fashion,Metro,Mobile
C04930,2025-07-17,MT02,25-34,Fashion,25-34 | Fashion,Other,Mobile
C04931,2025-07-17,MT02,35-44,Fashion,35-44 | Fashion,Other,Desktop
C04932,2025-07-17,MT02,35-44,Fashion,35-44 | Fashion,Other,Mobile
C04933,2025-07-17,MT02,25-34,Cosmetics,25-34 | Cosmetics,Other,Mobile
C04934,2025-07-17,MT02,25-34,Fashion,25-34 | Fashion,Metro,Mobile
C04935,2025-07-17,MT03,35-44,Fashion,35-44 | Fashion,Metro,Mobile
C04936,2025-07-17,MT03,35-44,Fashion,35-44 | Fashion,Other,Mobile
C04937,2025-07-17,MT03,35-44,Cosmetics,35-44 | Cosmetics,Metro,Desktop
C04938,2025-07-17,TT01,18-24,Cosmetics,18-24 | Cosmetics,Metro,Mobile
C04939,2025-07-17,TT01,18-24,Cosmetics,18-24 | Cosmetics,Metro,Mobile
C04940,2025-07-17,TT01,35-44,Fashion,35-44 | Fashion,Metro,Mobile
C04941,2025-07-17,TT01,18-24,Fashion,18-24 | Fashion,Other,Mobile
C04942,2025-07-17,TT01,18-24,Cosmetics,18-24 | Cosmetics,Other,Desktop
C04943,2025-07-17,TT02,25-34,Fashion,25-34 | Fashion,Other,Mobile
C04944,2025-07-17,TT02,18-24,Fashion,18-24 | Fashion,Metro,Mobile
C04945,2025-07-17,TT02,18-24,Fashion,18-24 | Fashion,Other,Mobile
C04946,2025-07-17,EM01,25-34,Fashion,25-34 | Fashion,Metro,Desktop
C04947,2025-07-17,EM01,25-34,Fashion,25-34 | Fashion,Metro,Desktop
C04948,2025-07-17,OR01,35-44,Cosmetics,35-44 | Cosmetics,Metro,Desktop
C04949,2025-07-17,OR01,25-34,Fashion,25-34 | Fashion,Metro,Mobile
C04950,2025-07-18,GG01,45+,Fashion,45+ | Fashion,Metro,Mobile
C04951,2025-07-18,GG01,25-34,Cosmetics,25-34 | Cosmetics,Metro,Mobile
C04952,2025-07-18,GG02,35-44,Fashion,35-44 | Fashion,Metro,Desktop
C04953,2025-07-18,GG02,45+,Cosmetics,45+ | Cosmetics,Metro,Desktop
C04954,2025-07-18,GG02,45+,Fashion,45+ | Fashion,Metro,Mobile
C04955,2025-07-18,GG02,25-34,Cosmetics,25-34 | Cosmetics,Metro,Mobile
C04956,2025-07-18,GG03,18-24,Cosmetics,18-24 | Cosmetics,Other,Desktop
C04957,2025-07-18,GG03,25-34,Fashion,25-34 | Fashion,Metro,Desktop
C04958,2025-07-18,GG03,18-24,Fashion,18-24 | Fashion,Other,Mobile
C04959,2025-07-18,GG03,18-24,Fashion,18-24 | Fashion,Other,Mobile
C04960,2025-07-18,GG03,18-24,Fashion,18-24 | Fashion,Metro,Mobile
C04961,2025-07-18,GG03,35-44,Fashion,35-44 | Fashion,Metro,Mobile
C04962,2025-07-18,GG03,45+,Fashion,45+ | Fashion,Metro,Mobile
C04963,2025-07-18,GG03,35-44,Fashion,35-44 | Fashion,Metro,Mobile
C04964,2025-07-18,MT01,35-44,Cosmetics,35-44 | Cosmetics,Other,Mobile
C04965,2025-07-18,MT02,35-44,Fashion,35-44 | Fashion,Metro,Desktop
C04966,2025-07-18,MT02,25-34,Cosmetics,25-34 | Cosmetics,Metro,Desktop
C04967,2025-07-18,TT01,25-34,Cosmetics,25-34 | Cosmetics,Other,Mobile
C04968,2025-07-18,TT01,18-24,Fashion,18-24 | Fashion,Metro,Mobile
C04969,2025-07-18,TT01,18-24,Fashion,18-24 | Fashion,Metro,Mobile
C04970,2025-07-18,OR01,25-34,Fashion,25-34 | Fashion,Other,Desktop
C04971,2025-07-18,OR01,35-44,Fashion,35-44 | Fashion,Other,Desktop
C04972,2025-07-18,OR01,25-34,Fashion,25-34 | Fashion,Other,Desktop
C04973,2025-07-18,OR01,25-34,Fashion,25-34 | Fashion,Other,Desktop
C04974,2025-07-18,OR01,18-24,Fashion,18-24 | Fashion,Other,Mobile
C04975,2025-07-18,OR01,25-34,Cosmetics,25-34 | Cosmetics,Other,Desktop
C04976,2025-07-18,OR02,18-24,Cosmetics,18-24 | Cosmetics,Other,Mobile
C04977,2025-07-19,GG01,35-44,Cosmetics,35-44 | Cosmetics,Other,Mobile
C04978,2025-07-19,GG01,35-44,Cosmetics,35-44 | Cosmetics,Metro,Mobile
C04979,2025-07-19,GG01,45+,Cosmetics,45+ | Cosmetics,Other,Desktop
C04980,2025-07-19,GG02,45+,Cosmetics,45+ | Cosmetics,Other,Mobile
C04981,2025-07-19,GG02,25-34,Fashion,25-34 | Fashion,Other,Desktop
C04982,2025-07-19,GG02,35-44,Fashion,35-44 | Fashion,Metro,Desktop
C04983,2025-07-19,MT01,18-24,Cosmetics,18-24 | Cosmetics,Other,Mobile
C04984,2025-07-19,MT01,35-44,Cosmetics,35-44 | Cosmetics,Other,Mobile
C04985,2025-07-19,MT01,35-44,Cosmetics,35-44 | Cosmetics,Other,Mobile
C04986,2025-07-19,MT02,35-44,Fashion,35-44 | Fashion,Other,Mobile
C04987,2025-07-19,MT02,25-34,Fashion,25-34 | Fashion,Other,Mobile
C04988,2025-07-19,MT03,25-34,Fashion,25-34 | Fashion,Metro,Mobile
C04989,2025-07-19,MT03,45+,Fashion,45+ | Fashion,Other,Mobile
C04990,2025-07-19,MT03,18-24,Cosmetics,18-24 | Cosmetics,Other,Desktop
C04991,2025-07-19,MT03,25-34,Cosmetics,25-34 | Cosmetics,Other,Mobile
C04992,2025-07-19,TT01,35-44,Fashion,35-44 | Fashion,Other,Mobile
C04993,2025-07-19,TT01,18-24,Cosmetics,18-24 | Cosmetics,Metro,Mobile
C04994,2025-07-19,TT01,25-34,Fashion,25-34 | Fashion,Metro,Mobile
C04995,2025-07-19,TT01,18-24,Cosmetics,18-24 | Cosmetics,Metro,Mobile
C04996,2025-07-19,TT01,18-24,Fashion,18-24 | Fashion,Metro,Mobile
C04997,2025-07-19,TT01,25-34,Cosmetics,25-34 | Cosmetics,Other,Mobile
C04998,2025-07-19,TT01,35-44,Cosmetics,35-44 | Cosmetics,Other,Mobile
C04999,2025-07-19,EM01,35-44,Fashion,35-44 | Fashion,Other,Desktop
C05000,2025-07-19,EM02,35-44,Cosmetics,35-44 | Cosmetics,Metro,Mobile
C05001,2025-07-19,OR01,35-44,Fashion,35-44 | Fashion,Other,Desktop
C05002,2025-07-19,OR01,25-34,Cosmetics,25-34 | Cosmetics,Metro,Mobile
C05003,2025-07-19,OR01,18-24,Fashion,18-24 | Fashion,Other,Desktop
C05004,2025-07-19,OR01,45+,Fashion,45+ | Fashion,Other,Mobile
C05005,2025-07-19,OR01,25-34,Cosmetics,25-34 | Cosmetics,Other,Desktop
C05006,2025-07-20,GG01,18-24,Cosmetics,18-24 | Cosmetics,Metro,Mobile
C05007,2025-07-20,GG01,25-34,Fashion,25-34 | Fashion,Metro,Desktop
C05008,2025-07-20,GG01,35-44,Cosmetics,35-44 | Cosmetics,Metro,Mobile
C05009,2025-07-20,GG02,35-44,Fashion,35-44 | Fashion,Metro,Desktop
C05010,2025-07-20,GG02,18-24,Fashion,18-24 | Fashion,Other,Desktop
C05011,2025-07-20,GG02,18-24,Fashion,18-24 | Fashion,Other,Mobile
C05012,2025-07-20,GG03,18-24,Cosmetics,18-24 | Cosmetics,Other,Mobile
C05013,2025-07-20,GG03,45+,Fashion,45+ | Fashion,Other,Mobile
C05014,2025-07-20,GG03,45+,Fashion,45+ | Fashion,Metro,Mobile
C05015,2025-07-20,GG03,25-34,Fashion,25-34 | Fashion,Other,Desktop
C05016,2025-07-20,MT01,18-24,Cosmetics,18-24 | Cosmetics,Metro,Mobile
C05017,2025-07-20,MT01,35-44,Fashion,35-44 | Fashion,Other,Mobile
C05018,2025-07-20,MT02,25-34,Cosmetics,25-34 | Cosmetics,Metro,Mobile
C05019,2025-07-20,MT02,35-44,Fashion,35-44 | Fashion,Other,Mobile
C05020,2025-07-20,MT02,18-24,Cosmetics,18-24 | Cosmetics,Metro,Mobile
C05021,2025-07-20,TT01,25-34,Fashion,25-34 | Fashion,Metro,Mobile
C05022,2025-07-20,TT01,18-24,Cosmetics,18-24 | Cosmetics,Metro,Mobile
C05023,2025-07-20,TT01,25-34,Cosmetics,25-34 | Cosmetics,Metro,Mobile
C05024,2025-07-20,TT01,18-24,Cosmetics,18-24 | Cosmetics,Metro,Mobile
C05025,2025-07-20,TT01,18-24,Fashion,18-24 | Fashion,Other,Mobile
C05026,2025-07-20,TT01,25-34,Cosmetics,25-34 | Cosmetics,Other,Mobile
C05027,2025-07-20,TT02,18-24,Cosmetics,18-24 | Cosmetics,Metro,Mobile
C05028,2025-07-20,TT02,45+,Cosmetics,45+ | Cosmetics,Metro,Mobile
C05029,2025-07-20,TT02,25-34,Cosmetics,25-34 | Cosmetics,Metro,Mobile
C05030,2025-07-20,EM01,35-44,Cosmetics,35-44 | Cosmetics,Metro,Mobile
C05031,2025-07-20,EM01,45+,Fashion,45+ | Fashion,Other,Mobile
C05032,2025-07-20,OR01,45+,Fashion,45+ | Fashion,Other,Desktop
C05033,2025-07-20,OR01,35-44,Fashion,35-44 | Fashion,Other,Mobile
C05034,2025-07-20,OR01,25-34,Fashion,25-34 | Fashion,Other,Mobile
C05035,2025-07-20,OR01,35-44,Fashion,35-44 | Fashion,Metro,Mobile
C05036,2025-07-21,GG01,35-44,Fashion,35-44 | Fashion,Metro,Mobile
C05037,2025-07-21,GG01,35-44,Fashion,35-44 | Fashion,Metro,Mobile
C05038,2025-07-21,GG02,18-24,Fashion,18-24 | Fashion,Other,Mobile
C05039,2025-07-21,GG02,25-34,Fashion,25-34 | Fashion,Metro,Desktop
C05040,2025-07-21,GG03,18-24,Cosmetics,18-24 | Cosmetics,Metro,Mobile
C05041,2025-07-21,GG03,35-44,Fashion,35-44 | Fashion,Other,Mobile
C05042,2025-07-21,GG03,45+,Cosmetics,45+ | Cosmetics,Other,Desktop
C05043,2025-07-21,MT01,35-44,Fashion,35-44 | Fashion,Other,Mobile
C05044,2025-07-21,MT01,35-44,Fashion,35-44 | Fashion,Metro,Mobile
C05045,2025-07-21,MT03,45+,Cosmetics,45+ | Cosmetics,Other,Desktop
C05046,2025-07-21,TT01,18-24,Fashion,18-24 | Fashion,Metro,Mobile
C05047,2025-07-21,TT01,18-24,Cosmetics,18-24 | Cosmetics,Metro,Mobile
C05048,2025-07-21,TT01,25-34,Cosmetics,25-34 | Cosmetics,Other,Mobile
C05049,2025-07-21,TT01,25-34,Cosmetics,25-34 | Cosmetics,Metro,Mobile
C05050,2025-07-21,TT01,18-24,Cosmetics,18-24 | Cosmetics,Other,Mobile
C05051,2025-07-21,EM01,25-34,Fashion,25-34 | Fashion,Metro,Desktop
C05052,2025-07-21,OR01,35-44,Fashion,35-44 | Fashion,Other,Mobile
C05053,2025-07-21,OR01,25-34,Cosmetics,25-34 | Cosmetics,Other,Mobile
C05054,2025-07-21,OR01,18-24,Fashion,18-24 | Fashion,Other,Mobile
C05055,2025-07-21,OR01,25-34,Fashion,25-34 | Fashion,Metro,Mobile
C05056,2025-07-21,OR02,35-44,Fashion,35-44 | Fashion,Metro,Mobile
C05057,2025-07-21,OR02,25-34,Cosmetics,25-34 | Cosmetics,Metro,Mobile
C05058,2025-07-22,GG01,18-24,Fashion,18-24 | Fashion,Metro,Mobile
C05059,2025-07-22,GG01,25-34,Fashion,25-34 | Fashion,Other,Mobile
C05060,2025-07-22,GG02,25-34,Fashion,25-34 | Fashion,Metro,Desktop
C05061,2025-07-22,GG02,45+,Cosmetics,45+ | Cosmetics,Other,Desktop
C05062,2025-07-22,GG02,35-44,Cosmetics,35-44 | Cosmetics,Metro,Mobile
C05063,2025-07-22,GG03,35-44,Fashion,35-44 | Fashion,Metro,Mobile
C05064,2025-07-22,MT02,25-34,Cosmetics,25-34 | Cosmetics,Metro,Mobile
C05065,2025-07-22,MT03,45+,Fashion,45+ | Fashion,Other,Desktop
C05066,2025-07-22,MT03,25-34,Fashion,25-34 | Fashion,Metro,Desktop
C05067,2025-07-22,MT03,25-34,Cosmetics,25-34 | Cosmetics,Metro,Mobile
C05068,2025-07-22,TT01,18-24,Fashion,18-24 | Fashion,Other,Mobile
C05069,2025-07-22,TT01,25-34,Cosmetics,25-34 | Cosmetics,Metro,Mobile
C05070,2025-07-22,TT01,18-24,Cosmetics,18-24 | Cosmetics,Other,Mobile
C05071,2025-07-22,TT02,18-24,Cosmetics,18-24 | Cosmetics,Metro,Mobile
C05072,2025-07-22,EM01,45+,Fashion,45+ | Fashion,Other,Mobile
C05073,2025-07-22,EM02,25-34,Cosmetics,25-34 | Cosmetics,Other,Desktop
C05074,2025-07-22,EM02,35-44,Fashion,35-44 | Fashion,Other,Mobile
C05075,2025-07-22,OR01,25-34,Fashion,25-34 | Fashion,Metro,Desktop
C05076,2025-07-22,OR01,25-34,Fashion,25-34 | Fashion,Metro,Mobile
C05077,2025-07-22,OR02,35-44,Cosmetics,35-44 | Cosmetics,Other,Mobile
C05078,2025-07-23,GG01,45+,Fashion,45+ | Fashion,Metro,Mobile
C05079,2025-07-23,GG01,18-24,Fashion,18-24 | Fashion,Metro,Desktop
C05080,2025-07-23,GG01,25-34,Fashion,25-34 | Fashion,Metro,Desktop
C05081,2025-07-23,GG01,45+,Fashion,45+ | Fashion,Metro,Mobile
C05082,2025-07-23,GG02,45+,Cosmetics,45+ | Cosmetics,Metro,Mobile
C05083,2025-07-23,GG02,45+,Fashion,45+ | Fashion,Metro,Desktop
C05084,2025-07-23,GG03,35-44,Fashion,35-44 | Fashion,Other,Desktop
C05085,2025-07-23,MT01,35-44,Fashion,35-44 | Fashion,Other,Mobile
C05086,2025-07-23,TT01,18-24,Cosmetics,18-24 | Cosmetics,Metro,Mobile
C05087,2025-07-23,TT01,18-24,Fashion,18-24 | Fashion,Metro,Mobile
C05088,2025-07-23,TT02,18-24,Fashion,18-24 | Fashion,Other,Mobile
C05089,2025-07-23,TT02,18-24,Cosmetics,18-24 | Cosmetics,Other,Mobile
C05090,2025-07-23,TT02,18-24,Cosmetics,18-24 | Cosmetics,Metro,Mobile
C05091,2025-07-23,EM02,25-34,Fashion,25-34 | Fashion,Metro,Mobile
C05092,2025-07-23,OR01,25-34,Fashion,25-34 | Fashion,Metro,Mobile
C05093,2025-07-23,OR01,35-44,Fashion,35-44 | Fashion,Metro,Mobile
C05094,2025-07-23,OR01,25-34,Fashion,25-34 | Fashion,Other,Mobile
C05095,2025-07-23,OR01,35-44,Fashion,35-44 | Fashion,Metro,Mobile
C05096,2025-07-24,GG01,18-24,Cosmetics,18-24 | Cosmetics,Metro,Desktop
C05097,2025-07-24,GG02,35-44,Fashion,35-44 | Fashion,Other,Mobile
C05098,2025-07-24,GG03,35-44,Fashion,35-44 | Fashion,Other,Mobile
C05099,2025-07-24,GG03,45+,Cosmetics,45+ | Cosmetics,Metro,Desktop
C05100,2025-07-24,MT01,25-34,Cosmetics,25-34 | Cosmetics,Metro,Desktop
C05101,2025-07-24,MT01,45+,Cosmetics,45+ | Cosmetics,Metro,Mobile
C05102,2025-07-24,MT01,18-24,Cosmetics,18-24 | Cosmetics,Other,Mobile
C05103,2025-07-24,MT02,25-34,Fashion,25-34 | Fashion,Metro,Desktop
C05104,2025-07-24,MT02,18-24,Fashion,18-24 | Fashion,Other,Mobile
C05105,2025-07-24,MT02,25-34,Fashion,25-34 | Fashion,Metro,Mobile
C05106,2025-07-24,MT03,18-24,Cosmetics,18-24 | Cosmetics,Metro,Mobile
C05107,2025-07-24,MT03,35-44,Fashion,35-44 | Fashion,Metro,Mobile
C05108,2025-07-24,TT01,18-24,Cosmetics,18-24 | Cosmetics,Other,Mobile
C05109,2025-07-24,TT01,18-24,Fashion,18-24 | Fashion,Other,Mobile
C05110,2025-07-24,TT01,35-44,Cosmetics,35-44 | Cosmetics,Metro,Mobile
C05111,2025-07-24,TT01,25-34,Fashion,25-34 | Fashion,Other,Mobile
C05112,2025-07-24,TT01,18-24,Cosmetics,18-24 | Cosmetics,Metro,Mobile
C05113,2025-07-24,TT02,25-34,Cosmetics,25-34 | Cosmetics,Other,Mobile
C05114,2025-07-24,OR01,18-24,Fashion,18-24 | Fashion,Metro,Desktop
C05115,2025-07-24,OR02,25-34,Fashion,25-34 | Fashion,Other,Mobile
C05116,2025-07-24,OR02,18-24,Cosmetics,18-24 | Cosmetics,Other,Mobile
C05117,2025-07-25,GG01,35-44,Cosmetics,35-44 | Cosmetics,Other,Desktop
C05118,2025-07-25,GG01,25-34,Fashion,25-34 | Fashion,Other,Desktop
C05119,2025-07-25,GG01,45+,Fashion,45+ | Fashion,Metro,Mobile
C05120,2025-07-25,GG01,35-44,Fashion,35-44 | Fashion,Metro,Mobile
C05121,2025-07-25,GG02,25-34,Cosmetics,25-34 | Cosmetics,Metro,Mobile
C05122,2025-07-25,GG02,45+,Cosmetics,45+ | Cosmetics,Other,Desktop
C05123,2025-07-25,GG03,18-24,Cosmetics,18-24 | Cosmetics,Metro,Mobile
C05124,2025-07-25,GG03,18-24,Cosmetics,18-24 | Cosmetics,Other,Mobile
C05125,2025-07-25,GG03,45+,Fashion,45+ | Fashion,Metro,Mobile
C05126,2025-07-25,GG03,18-24,Cosmetics,18-24 | Cosmetics,Metro,Desktop
C05127,2025-07-25,MT01,18-24,Fashion,18-24 | Fashion,Metro,Mobile
C05128,2025-07-25,MT02,35-44,Cosmetics,35-44 | Cosmetics,Metro,Desktop
C05129,2025-07-25,MT02,18-24,Cosmetics,18-24 | Cosmetics,Other,Desktop
C05130,2025-07-25,MT02,35-44,Cosmetics,35-44 | Cosmetics,Metro,Mobile
C05131,2025-07-25,MT03,18-24,Fashion,18-24 | Fashion,Other,Mobile
C05132,2025-07-25,MT03,25-34,Fashion,25-34 | Fashion,Metro,Mobile
C05133,2025-07-25,TT01,18-24,Cosmetics,18-24 | Cosmetics,Other,Mobile
C05134,2025-07-25,TT01,25-34,Fashion,25-34 | Fashion,Other,Mobile
C05135,2025-07-25,TT01,18-24,Fashion,18-24 | Fashion,Other,Mobile
C05136,2025-07-25,TT02,18-24,Cosmetics,18-24 | Cosmetics,Other,Mobile
C05137,2025-07-25,EM01,25-34,Cosmetics,25-34 | Cosmetics,Metro,Desktop
C05138,2025-07-25,OR01,35-44,Cosmetics,35-44 | Cosmetics,Metro,Mobile
C05139,2025-07-25,OR01,35-44,Cosmetics,35-44 | Cosmetics,Other,Desktop
C05140,2025-07-25,OR01,25-34,Cosmetics,25-34 | Cosmetics,Other,Mobile
C05141,2025-07-25,OR01,25-34,Fashion,25-34 | Fashion,Metro,Mobile
C05142,2025-07-25,OR02,25-34,Cosmetics,25-34 | Cosmetics,Metro,Desktop
C05143,2025-07-26,GG01,45+,Fashion,45+ | Fashion,Metro,Mobile
C05144,2025-07-26,GG01,25-34,Cosmetics,25-34 | Cosmetics,Metro,Mobile
C05145,2025-07-26,GG02,35-44,Fashion,35-44 | Fashion,Other,Desktop
C05146,2025-07-26,GG02,35-44,Fashion,35-44 | Fashion,Metro,Desktop
C05147,2025-07-26,GG02,45+,Fashion,45+ | Fashion,Other,Desktop
C05148,2025-07-26,GG02,35-44,Cosmetics,35-44 | Cosmetics,Other,Desktop
C05149,2025-07-26,GG02,35-44,Fashion,35-44 | Fashion,Metro,Mobile
C05150,2025-07-26,GG02,45+,Fashion,45+ | Fashion,Other,Mobile
C05151,2025-07-26,GG03,25-34,Fashion,25-34 | Fashion,Metro,Desktop
C05152,2025-07-26,GG03,25-34,Fashion,25-34 | Fashion,Other,Desktop
C05153,2025-07-26,GG03,25-34,Fashion,25-34 | Fashion,Metro,Mobile
C05154,2025-07-26,GG03,18-24,Cosmetics,18-24 | Cosmetics,Metro,Desktop
C05155,2025-07-26,GG03,35-44,Fashion,35-44 | Fashion,Metro,Mobile
C05156,2025-07-26,MT01,35-44,Fashion,35-44 | Fashion,Other,Mobile
C05157,2025-07-26,MT01,25-34,Cosmetics,25-34 | Cosmetics,Metro,Mobile
C05158,2025-07-26,MT01,25-34,Fashion,25-34 | Fashion,Other,Mobile
C05159,2025-07-26,MT02,18-24,Fashion,18-24 | Fashion,Metro,Mobile
C05160,2025-07-26,MT03,25-34,Fashion,25-34 | Fashion,Metro,Mobile
C05161,2025-07-26,MT03,45+,Cosmetics,45+ | Cosmetics,Metro,Mobile
C05162,2025-07-26,TT01,25-34,Fashion,25-34 | Fashion,Metro,Mobile
C05163,2025-07-26,TT01,18-24,Cosmetics,18-24 | Cosmetics,Metro,Mobile
C05164,2025-07-26,TT01,25-34,Cosmetics,25-34 | Cosmetics,Other,Mobile
C05165,2025-07-26,TT02,35-44,Cosmetics,35-44 | Cosmetics,Metro,Mobile
C05166,2025-07-26,EM02,35-44,Fashion,35-44 | Fashion,Other,Mobile
C05167,2025-07-26,OR01,25-34,Fashion,25-34 | Fashion,Metro,Desktop
C05168,2025-07-26,OR01,25-34,Fashion,25-34 | Fashion,Metro,Mobile
C05169,2025-07-26,OR01,18-24,Fashion,18-24 | Fashion,Other,Mobile
C05170,2025-07-26,OR01,35-44,Cosmetics,35-44 | Cosmetics,Other,Mobile
C05171,2025-07-26,OR02,25-34,Cosmetics,25-34 | Cosmetics,Other,Mobile
C05172,2025-07-27,GG01,35-44,Fashion,35-44 | Fashion,Other,Mobile
C05173,2025-07-27,GG02,35-44,Fashion,35-44 | Fashion,Metro,Desktop
C05174,2025-07-27,GG02,45+,Fashion,45+ | Fashion,Metro,Mobile
C05175,2025-07-27,GG02,18-24,Fashion,18-24 | Fashion,Other,Desktop
C05176,2025-07-27,GG03,25-34,Fashion,25-34 | Fashion,Metro,Mobile
C05177,2025-07-27,GG03,35-44,Fashion,35-44 | Fashion,Other,Mobile
C05178,2025-07-27,GG03,25-34,Fashion,25-34 | Fashion,Metro,Mobile
C05179,2025-07-27,MT01,25-34,Cosmetics,25-34 | Cosmetics,Metro,Mobile
C05180,2025-07-27,MT01,25-34,Fashion,25-34 | Fashion,Metro,Mobile
C05181,2025-07-27,MT02,18-24,Cosmetics,18-24 | Cosmetics,Metro,Mobile
C05182,2025-07-27,MT03,45+,Fashion,45+ | Fashion,Other,Desktop
C05183,2025-07-27,TT01,18-24,Fashion,18-24 | Fashion,Metro,Mobile
C05184,2025-07-27,TT02,18-24,Cosmetics,18-24 | Cosmetics,Other,Mobile
C05185,2025-07-27,EM01,35-44,Fashion,35-44 | Fashion,Metro,Mobile
C05186,2025-07-27,OR01,35-44,Cosmetics,35-44 | Cosmetics,Other,Desktop
C05187,2025-07-27,OR01,25-34,Fashion,25-34 | Fashion,Other,Mobile
C05188,2025-07-27,OR01,45+,Fashion,45+ | Fashion,Other,Mobile
C05189,2025-07-27,OR01,45+,Cosmetics,45+ | Cosmetics,Metro,Desktop
C05190,2025-07-27,OR01,25-34,Fashion,25-34 | Fashion,Metro,Desktop
C05191,2025-07-27,OR01,35-44,Cosmetics,35-44 | Cosmetics,Metro,Desktop
C05192,2025-07-27,OR02,25-34,Cosmetics,25-34 | Cosmetics,Other,Desktop
C05193,2025-07-27,OR02,18-24,Cosmetics,18-24 | Cosmetics,Other,Mobile
C05194,2025-07-27,OR02,18-24,Fashion,18-24 | Fashion,Other,Desktop
C05195,2025-07-27,OR02,25-34,Fashion,25-34 | Fashion,Metro,Mobile
C05196,2025-07-28,GG01,45+,Cosmetics,45+ | Cosmetics,Metro,Desktop
C05197,2025-07-28,GG02,18-24,Cosmetics,18-24 | Cosmetics,Other,Desktop
C05198,2025-07-28,GG02,35-44,Fashion,35-44 | Fashion,Metro,Mobile
C05199,2025-07-28,GG02,18-24,Fashion,18-24 | Fashion,Other,Desktop
C05200,2025-07-28,GG02,45+,Fashion,45+ | Fashion,Other,Desktop
C05201,2025-07-28,GG03,45+,Fashion,45+ | Fashion,Other,Desktop
C05202,2025-07-28,MT01,35-44,Fashion,35-44 | Fashion,Other,Mobile
C05203,2025-07-28,MT01,18-24,Fashion,18-24 | Fashion,Other,Mobile
C05204,2025-07-28,MT02,25-34,Fashion,25-34 | Fashion,Metro,Desktop
C05205,2025-07-28,MT03,45+,Cosmetics,45+ | Cosmetics,Metro,Desktop
C05206,2025-07-28,TT01,25-34,Cosmetics,25-34 | Cosmetics,Other,Mobile
C05207,2025-07-28,TT01,25-34,Cosmetics,25-34 | Cosmetics,Metro,Mobile
C05208,2025-07-28,TT01,18-24,Fashion,18-24 | Fashion,Metro,Desktop
C05209,2025-07-28,TT01,35-44,Cosmetics,35-44 | Cosmetics,Metro,Mobile
C05210,2025-07-28,TT01,18-24,Cosmetics,18-24 | Cosmetics,Other,Mobile
C05211,2025-07-28,TT02,18-24,Cosmetics,18-24 | Cosmetics,Metro,Mobile
C05212,2025-07-28,TT02,18-24,Cosmetics,18-24 | Cosmetics,Metro,Mobile
C05213,2025-07-28,TT02,18-24,Cosmetics,18-24 | Cosmetics,Other,Mobile
C05214,2025-07-28,TT02,25-34,Fashion,25-34 | Fashion,Other,Mobile
C05215,2025-07-28,TT02,18-24,Fashion,18-24 | Fashion,Metro,Mobile
C05216,2025-07-28,OR01,18-24,Cosmetics,18-24 | Cosmetics,Metro,Mobile
C05217,2025-07-28,OR01,35-44,Cosmetics,35-44 | Cosmetics,Metro,Desktop
C05218,2025-07-28,OR01,35-44,Fashion,35-44 | Fashion,Metro,Mobile
C05219,2025-07-29,GG01,25-34,Cosmetics,25-34 | Cosmetics,Other,Desktop
C05220,2025-07-29,GG01,25-34,Fashion,25-34 | Fashion,Metro,Mobile
C05221,2025-07-29,GG02,18-24,Cosmetics,18-24 | Cosmetics,Other,Mobile
C05222,2025-07-29,GG02,35-44,Fashion,35-44 | Fashion,Metro,Mobile
C05223,2025-07-29,GG03,35-44,Cosmetics,35-44 | Cosmetics,Metro,Mobile
C05224,2025-07-29,GG03,45+,Fashion,45+ | Fashion,Other,Mobile
C05225,2025-07-29,MT01,18-24,Cosmetics,18-24 | Cosmetics,Metro,Mobile
C05226,2025-07-29,MT01,35-44,Fashion,35-44 | Fashion,Metro,Mobile
C05227,2025-07-29,MT01,35-44,Cosmetics,35-44 | Cosmetics,Metro,Desktop
C05228,2025-07-29,MT01,35-44,Fashion,35-44 | Fashion,Other,Mobile
C05229,2025-07-29,MT02,45+,Cosmetics,45+ | Cosmetics,Metro,Mobile
C05230,2025-07-29,TT01,18-24,Cosmetics,18-24 | Cosmetics,Metro,Mobile
C05231,2025-07-29,TT01,25-34,Cosmetics,25-34 | Cosmetics,Metro,Mobile
C05232,2025-07-29,TT02,25-34,Cosmetics,25-34 | Cosmetics,Metro,Mobile
C05233,2025-07-29,TT02,18-24,Cosmetics,18-24 | Cosmetics,Other,Mobile
C05234,2025-07-29,EM02,35-44,Fashion,35-44 | Fashion,Metro,Desktop
C05235,2025-07-29,OR01,25-34,Fashion,25-34 | Fashion,Metro,Mobile
C05236,2025-07-29,OR01,25-34,Cosmetics,25-34 | Cosmetics,Metro,Mobile
C05237,2025-07-29,OR02,25-34,Fashion,25-34 | Fashion,Other,Mobile
C05238,2025-07-30,GG01,18-24,Cosmetics,18-24 | Cosmetics,Metro,Mobile
C05239,2025-07-30,GG01,45+,Fashion,45+ | Fashion,Metro,Mobile
C05240,2025-07-30,GG01,35-44,Cosmetics,35-44 | Cosmetics,Metro,Mobile
C05241,2025-07-30,GG01,35-44,Cosmetics,35-44 | Cosmetics,Other,Desktop
C05242,2025-07-30,GG03,25-34,Fashion,25-34 | Fashion,Metro,Desktop
C05243,2025-07-30,MT01,18-24,Cosmetics,18-24 | Cosmetics,Other,Mobile
C05244,2025-07-30,MT01,35-44,Cosmetics,35-44 | Cosmetics,Other,Desktop
C05245,2025-07-30,MT01,25-34,Cosmetics,25-34 | Cosmetics,Other,Mobile
C05246,2025-07-30,MT01,35-44,Fashion,35-44 | Fashion,Metro,Mobile
C05247,2025-07-30,MT02,25-34,Fashion,25-34 | Fashion,Metro,Mobile
C05248,2025-07-30,MT02,25-34,Cosmetics,25-34 | Cosmetics,Other,Mobile
C05249,2025-07-30,MT02,25-34,Fashion,25-34 | Fashion,Other,Mobile
C05250,2025-07-30,MT03,35-44,Fashion,35-44 | Fashion,Metro,Mobile
C05251,2025-07-30,TT01,18-24,Cosmetics,18-24 | Cosmetics,Other,Mobile
C05252,2025-07-30,TT01,18-24,Cosmetics,18-24 | Cosmetics,Metro,Mobile
C05253,2025-07-30,TT01,18-24,Cosmetics,18-24 | Cosmetics,Other,Mobile
C05254,2025-07-30,TT02,18-24,Cosmetics,18-24 | Cosmetics,Other,Mobile
C05255,2025-07-30,OR01,35-44,Fashion,35-44 | Fashion,Other,Desktop
C05256,2025-07-30,OR01,25-34,Cosmetics,25-34 | Cosmetics,Metro,Mobile
C05257,2025-07-30,OR02,18-24,Cosmetics,18-24 | Cosmetics,Metro,Desktop
C05258,2025-07-30,OR02,25-34,Fashion,25-34 | Fashion,Metro,Mobile
C05259,2025-07-31,GG01,35-44,Cosmetics,35-44 | Cosmetics,Metro,Mobile
C05260,2025-07-31,GG01,35-44,Cosmetics,35-44 | Cosmetics,Other,Desktop
C05261,2025-07-31,GG02,25-34,Fashion,25-34 | Fashion,Metro,Desktop
C05262,2025-07-31,GG02,45+,Fashion,45+ | Fashion,Metro,Mobile
C05263,2025-07-31,GG02,25-34,Cosmetics,25-34 | Cosmetics,Other,Mobile
C05264,2025-07-31,GG02,18-24,Cosmetics,18-24 | Cosmetics,Metro,Desktop
C05265,2025-07-31,GG03,18-24,Fashion,18-24 | Fashion,Other,Desktop
C05266,2025-07-31,GG03,35-44,Fashion,35-44 | Fashion,Metro,Mobile
C05267,2025-07-31,GG03,45+,Fashion,45+ | Fashion,Other,Desktop
C05268,2025-07-31,GG03,18-24,Fashion,18-24 | Fashion,Metro,Mobile
C05269,2025-07-31,GG03,35-44,Fashion,35-44 | Fashion,Metro,Desktop
C05270,2025-07-31,GG03,35-44,Fashion,35-44 | Fashion,Other,Mobile
C05271,2025-07-31,GG03,18-24,Cosmetics,18-24 | Cosmetics,Metro,Mobile
C05272,2025-07-31,MT01,18-24,Fashion,18-24 | Fashion,Other,Mobile
C05273,2025-07-31,MT02,25-34,Fashion,25-34 | Fashion,Other,Mobile
C05274,2025-07-31,TT01,18-24,Fashion,18-24 | Fashion,Metro,Mobile
C05275,2025-07-31,TT01,18-24,Cosmetics,18-24 | Cosmetics,Other,Mobile
C05276,2025-07-31,TT01,18-24,Cosmetics,18-24 | Cosmetics,Metro,Mobile
C05277,2025-07-31,EM01,25-34,Fashion,25-34 | Fashion,Other,Mobile
C05278,2025-07-31,OR01,35-44,Fashion,35-44 | Fashion,Metro,Mobile
C05279,2025-07-31,OR01,45+,Fashion,45+ | Fashion,Metro,Mobile
C05280,2025-07-31,OR01,25-34,Fashion,25-34 | Fashion,Other,Desktop
C05281,2025-07-31,OR01,25-34,Cosmetics,25-34 | Cosmetics,Other,Mobile
C05282,2025-08-01,GG01,35-44,Cosmetics,35-44 | Cosmetics,Other,Desktop
C05283,2025-08-01,GG01,25-34,Cosmetics,25-34 | Cosmetics,Metro,Desktop
C05284,2025-08-01,GG01,35-44,Fashion,35-44 | Fashion,Metro,Desktop
C05285,2025-08-01,GG01,25-34,Cosmetics,25-34 | Cosmetics,Metro,Mobile
C05286,2025-08-01,GG01,45+,Cosmetics,45+ | Cosmetics,Metro,Mobile
C05287,2025-08-01,GG02,18-24,Cosmetics,18-24 | Cosmetics,Other,Desktop
C05288,2025-08-01,GG02,35-44,Fashion,35-44 | Fashion,Metro,Desktop
C05289,2025-08-01,GG02,45+,Cosmetics,45+ | Cosmetics,Other,Desktop
C05290,2025-08-01,GG02,45+,Cosmetics,45+ | Cosmetics,Other,Desktop
C05291,2025-08-01,GG03,35-44,Fashion,35-44 | Fashion,Metro,Desktop
C05292,2025-08-01,GG03,25-34,Fashion,25-34 | Fashion,Other,Mobile
C05293,2025-08-01,GG03,18-24,Cosmetics,18-24 | Cosmetics,Other,Desktop
C05294,2025-08-01,MT01,25-34,Cosmetics,25-34 | Cosmetics,Other,Desktop
C05295,2025-08-01,MT02,35-44,Fashion,35-44 | Fashion,Metro,Mobile
C05296,2025-08-01,MT02,25-34,Cosmetics,25-34 | Cosmetics,Metro,Desktop
C05297,2025-08-01,MT03,25-34,Fashion,25-34 | Fashion,Other,Mobile
C05298,2025-08-01,TT01,18-24,Fashion,18-24 | Fashion,Other,Mobile
C05299,2025-08-01,TT01,18-24,Cosmetics,18-24 | Cosmetics,Metro,Mobile
C05300,2025-08-01,TT02,18-24,Fashion,18-24 | Fashion,Metro,Mobile
C05301,2025-08-01,TT02,18-24,Cosmetics,18-24 | Cosmetics,Other,Mobile
C05302,2025-08-01,TT02,18-24,Fashion,18-24 | Fashion,Metro,Mobile
C05303,2025-08-01,EM01,45+,Cosmetics,45+ | Cosmetics,Other,Mobile
C05304,2025-08-01,EM01,35-44,Cosmetics,35-44 | Cosmetics,Metro,Mobile
C05305,2025-08-01,OR01,35-44,Fashion,35-44 | Fashion,Metro,Mobile
C05306,2025-08-01,OR01,35-44,Fashion,35-44 | Fashion,Other,Mobile
C05307,2025-08-01,OR02,25-34,Cosmetics,25-34 | Cosmetics,Other,Desktop
C05308,2025-08-02,GG01,45+,Fashion,45+ | Fashion,Other,Mobile
C05309,2025-08-02,GG02,25-34,Fashion,25-34 | Fashion,Other,Mobile
C05310,2025-08-02,GG02,35-44,Fashion,35-44 | Fashion,Other,Mobile
C05311,2025-08-02,GG03,45+,Fashion,45+ | Fashion,Other,Mobile
C05312,2025-08-02,MT01,25-34,Cosmetics,25-34 | Cosmetics,Other,Mobile
C05313,2025-08-02,MT02,18-24,Cosmetics,18-24 | Cosmetics,Metro,Mobile
C05314,2025-08-02,MT02,25-34,Cosmetics,25-34 | Cosmetics,Metro,Mobile
C05315,2025-08-02,MT03,18-24,Cosmetics,18-24 | Cosmetics,Metro,Mobile
C05316,2025-08-02,MT03,25-34,Cosmetics,25-34 | Cosmetics,Other,Mobile
C05317,2025-08-02,TT01,18-24,Cosmetics,18-24 | Cosmetics,Other,Mobile
C05318,2025-08-02,TT01,25-34,Fashion,25-34 | Fashion,Metro,Mobile
C05319,2025-08-02,TT02,18-24,Cosmetics,18-24 | Cosmetics,Other,Mobile
C05320,2025-08-02,EM01,18-24,Fashion,18-24 | Fashion,Metro,Mobile
C05321,2025-08-02,OR01,35-44,Fashion,35-44 | Fashion,Other,Mobile
C05322,2025-08-02,OR01,18-24,Cosmetics,18-24 | Cosmetics,Other,Mobile
C05323,2025-08-02,OR01,35-44,Cosmetics,35-44 | Cosmetics,Other,Desktop
C05324,2025-08-02,OR01,18-24,Fashion,18-24 | Fashion,Metro,Mobile
C05325,2025-08-02,OR01,25-34,Fashion,25-34 | Fashion,Metro,Mobile
C05326,2025-08-02,OR02,25-34,Cosmetics,25-34 | Cosmetics,Metro,Mobile
C05327,2025-08-02,OR02,18-24,Fashion,18-24 | Fashion,Metro,Desktop
C05328,2025-08-03,GG01,25-34,Cosmetics,25-34 | Cosmetics,Metro,Desktop
C05329,2025-08-03,GG01,35-44,Fashion,35-44 | Fashion,Other,Mobile
C05330,2025-08-03,GG02,18-24,Fashion,18-24 | Fashion,Other,Desktop
C05331,2025-08-03,GG02,35-44,Fashion,35-44 | Fashion,Metro,Mobile
C05332,2025-08-03,GG03,25-34,Cosmetics,25-34 | Cosmetics,Other,Mobile
C05333,2025-08-03,GG03,35-44,Cosmetics,35-44 | Cosmetics,Metro,Desktop
C05334,2025-08-03,MT01,25-34,Fashion,25-34 | Fashion,Other,Mobile
C05335,2025-08-03,MT01,18-24,Fashion,18-24 | Fashion,Metro,Mobile
C05336,2025-08-03,MT02,35-44,Fashion,35-44 | Fashion,Other,Mobile
C05337,2025-08-03,MT02,35-44,Cosmetics,35-44 | Cosmetics,Metro,Mobile
C05338,2025-08-03,MT03,25-34,Fashion,25-34 | Fashion,Metro,Mobile
C05339,2025-08-03,MT03,35-44,Fashion,35-44 | Fashion,Other,Mobile
C05340,2025-08-03,TT01,35-44,Cosmetics,35-44 | Cosmetics,Metro,Mobile
C05341,2025-08-03,TT01,18-24,Fashion,18-24 | Fashion,Metro,Desktop
C05342,2025-08-03,TT01,18-24,Fashion,18-24 | Fashion,Other,Mobile
C05343,2025-08-03,TT01,18-24,Cosmetics,18-24 | Cosmetics,Metro,Mobile
C05344,2025-08-03,TT02,45+,Fashion,45+ | Fashion,Other,Mobile
C05345,2025-08-03,EM01,45+,Fashion,45+ | Fashion,Other,Desktop
C05346,2025-08-03,OR01,25-34,Cosmetics,25-34 | Cosmetics,Other,Mobile
C05347,2025-08-03,OR01,45+,Cosmetics,45+ | Cosmetics,Other,Mobile
C05348,2025-08-03,OR01,45+,Fashion,45+ | Fashion,Other,Desktop
C05349,2025-08-03,OR01,35-44,Fashion,35-44 | Fashion,Metro,Desktop
C05350,2025-08-03,OR01,45+,Cosmetics,45+ | Cosmetics,Metro,Desktop
C05351,2025-08-03,OR01,25-34,Cosmetics,25-34 | Cosmetics,Metro,Mobile
C05352,2025-08-03,OR02,45+,Fashion,45+ | Fashion,Metro,Mobile
C05353,2025-08-04,GG01,25-34,Fashion,25-34 | Fashion,Other,Desktop
C05354,2025-08-04,GG01,45+,Fashion,45+ | Fashion,Metro,Mobile
C05355,2025-08-04,GG01,45+,Fashion,45+ | Fashion,Other,Mobile
C05356,2025-08-04,GG01,45+,Cosmetics,45+ | Cosmetics,Metro,Mobile
C05357,2025-08-04,GG02,35-44,Fashion,35-44 | Fashion,Other,Desktop
C05358,2025-08-04,GG02,25-34,Fashion,25-34 | Fashion,Other,Desktop
C05359,2025-08-04,GG02,35-44,Cosmetics,35-44 | Cosmetics,Other,Mobile
C05360,2025-08-04,GG02,45+,Fashion,45+ | Fashion,Metro,Desktop
C05361,2025-08-04,GG02,18-24,Fashion,18-24 | Fashion,Other,Desktop
C05362,2025-08-04,GG03,35-44,Cosmetics,35-44 | Cosmetics,Metro,Mobile
C05363,2025-08-04,GG03,45+,Fashion,45+ | Fashion,Other,Desktop
C05364,2025-08-04,GG03,25-34,Cosmetics,25-34 | Cosmetics,Metro,Desktop
C05365,2025-08-04,MT01,25-34,Fashion,25-34 | Fashion,Other,Mobile
C05366,2025-08-04,MT01,35-44,Cosmetics,35-44 | Cosmetics,Other,Desktop
C05367,2025-08-04,MT01,25-34,Fashion,25-34 | Fashion,Other,Mobile
C05368,2025-08-04,MT01,25-34,Fashion,25-34 | Fashion,Metro,Desktop
C05369,2025-08-04,MT02,25-34,Fashion,25-34 | Fashion,Other,Mobile
C05370,2025-08-04,MT02,35-44,Cosmetics,35-44 | Cosmetics,Other,Mobile
C05371,2025-08-04,MT03,25-34,Fashion,25-34 | Fashion,Metro,Mobile
C05372,2025-08-04,TT01,18-24,Fashion,18-24 | Fashion,Other,Mobile
C05373,2025-08-04,TT01,18-24,Cosmetics,18-24 | Cosmetics,Metro,Mobile
C05374,2025-08-04,TT01,18-24,Fashion,18-24 | Fashion,Other,Mobile
C05375,2025-08-04,TT02,25-34,Cosmetics,25-34 | Cosmetics,Metro,Mobile
C05376,2025-08-04,TT02,18-24,Fashion,18-24 | Fashion,Metro,Mobile
C05377,2025-08-04,OR01,35-44,Fashion,35-44 | Fashion,Other,Desktop
C05378,2025-08-04,OR01,35-44,Fashion,35-44 | Fashion,Metro,Mobile
C05379,2025-08-04,OR01,35-44,Cosmetics,35-44 | Cosmetics,Metro,Mobile
C05380,2025-08-04,OR01,35-44,Fashion,35-44 | Fashion,Other,Mobile
C05381,2025-08-04,OR01,25-34,Cosmetics,25-34 | Cosmetics,Metro,Mobile
C05382,2025-08-04,OR02,18-24,Cosmetics,18-24 | Cosmetics,Metro,Mobile
C05383,2025-08-04,OR02,18-24,Cosmetics,18-24 | Cosmetics,Other,Mobile
C05384,2025-08-05,GG01,25-34,Fashion,25-34 | Fashion,Other,Desktop
C05385,2025-08-05,GG01,25-34,Fashion,25-34 | Fashion,Metro,Mobile
C05386,2025-08-05,GG01,25-34,Fashion,25-34 | Fashion,Other,Mobile
C05387,2025-08-05,GG01,18-24,Fashion,18-24 | Fashion,Other,Mobile
C05388,2025-08-05,GG01,25-34,Cosmetics,25-34 | Cosmetics,Other,Desktop
C05389,2025-08-05,GG02,25-34,Fashion,25-34 | Fashion,Metro,Desktop
C05390,2025-08-05,GG02,25-34,Fashion,25-34 | Fashion,Metro,Mobile
C05391,2025-08-05,GG02,25-34,Fashion,25-34 | Fashion,Metro,Desktop
C05392,2025-08-05,GG02,25-34,Fashion,25-34 | Fashion,Metro,Mobile
C05393,2025-08-05,GG02,35-44,Fashion,35-44 | Fashion,Metro,Desktop
C05394,2025-08-05,MT01,25-34,Fashion,25-34 | Fashion,Metro,Mobile
C05395,2025-08-05,MT01,35-44,Cosmetics,35-44 | Cosmetics,Other,Mobile
C05396,2025-08-05,MT01,25-34,Cosmetics,25-34 | Cosmetics,Other,Mobile
C05397,2025-08-05,MT02,25-34,Fashion,25-34 | Fashion,Metro,Mobile
C05398,2025-08-05,MT02,25-34,Cosmetics,25-34 | Cosmetics,Other,Desktop
C05399,2025-08-05,MT02,35-44,Cosmetics,35-44 | Cosmetics,Metro,Mobile
C05400,2025-08-05,TT01,25-34,Cosmetics,25-34 | Cosmetics,Metro,Mobile
C05401,2025-08-05,TT01,35-44,Cosmetics,35-44 | Cosmetics,Other,Mobile
C05402,2025-08-05,EM01,25-34,Fashion,25-34 | Fashion,Other,Mobile
C05403,2025-08-05,OR01,25-34,Cosmetics,25-34 | Cosmetics,Metro,Mobile
C05404,2025-08-05,OR01,35-44,Fashion,35-44 | Fashion,Metro,Mobile
C05405,2025-08-05,OR02,18-24,Cosmetics,18-24 | Cosmetics,Other,Mobile
C05406,2025-08-06,GG01,18-24,Cosmetics,18-24 | Cosmetics,Metro,Desktop
C05407,2025-08-06,GG02,18-24,Cosmetics,18-24 | Cosmetics,Metro,Desktop
C05408,2025-08-06,GG02,35-44,Fashion,35-44 | Fashion,Other,Mobile
C05409,2025-08-06,GG02,45+,Cosmetics,45+ | Cosmetics,Metro,Mobile
C05410,2025-08-06,GG03,25-34,Fashion,25-34 | Fashion,Metro,Mobile
C05411,2025-08-06,GG03,25-34,Fashion,25-34 | Fashion,Metro,Mobile
C05412,2025-08-06,GG03,35-44,Cosmetics,35-44 | Cosmetics,Metro,Mobile
C05413,2025-08-06,GG03,25-34,Fashion,25-34 | Fashion,Metro,Mobile
C05414,2025-08-06,GG03,35-44,Cosmetics,35-44 | Cosmetics,Metro,Mobile
C05415,2025-08-06,TT01,18-24,Fashion,18-24 | Fashion,Other,Mobile
C05416,2025-08-06,TT01,18-24,Fashion,18-24 | Fashion,Metro,Mobile
C05417,2025-08-06,TT01,25-34,Fashion,25-34 | Fashion,Metro,Mobile
C05418,2025-08-06,TT01,25-34,Fashion,25-34 | Fashion,Other,Mobile
C05419,2025-08-06,EM01,45+,Cosmetics,45+ | Cosmetics,Other,Mobile
C05420,2025-08-06,EM01,18-24,Cosmetics,18-24 | Cosmetics,Metro,Desktop
C05421,2025-08-06,EM01,25-34,Fashion,25-34 | Fashion,Metro,Desktop
C05422,2025-08-06,OR01,18-24,Fashion,18-24 | Fashion,Metro,Mobile
C05423,2025-08-06,OR01,18-24,Fashion,18-24 | Fashion,Metro,Mobile
C05424,2025-08-06,OR02,18-24,Fashion,18-24 | Fashion,Other,Mobile
C05425,2025-08-06,OR02,25-34,Fashion,25-34 | Fashion,Other,Mobile
C05426,2025-08-06,OR02,18-24,Cosmetics,18-24 | Cosmetics,Metro,Mobile
C05427,2025-08-07,GG01,45+,Fashion,45+ | Fashion,Other,Mobile
C05428,2025-08-07,GG01,18-24,Fashion,18-24 | Fashion,Metro,Desktop
C05429,2025-08-07,GG01,25-34,Fashion,25-34 | Fashion,Other,Mobile
C05430,2025-08-07,GG01,45+,Cosmetics,45+ | Cosmetics,Metro,Desktop
C05431,2025-08-07,GG02,45+,Cosmetics,45+ | Cosmetics,Metro,Desktop
C05432,2025-08-07,GG02,35-44,Fashion,35-44 | Fashion,Other,Desktop
C05433,2025-08-07,GG03,25-34,Fashion,25-34 | Fashion,Other,Mobile
C05434,2025-08-07,GG03,18-24,Fashion,18-24 | Fashion,Other,Desktop
C05435,2025-08-07,MT01,25-34,Cosmetics,25-34 | Cosmetics,Metro,Mobile
C05436,2025-08-07,MT01,45+,Cosmetics,45+ | Cosmetics,Metro,Desktop
C05437,2025-08-07,MT02,25-34,Fashion,25-34 | Fashion,Other,Mobile
C05438,2025-08-07,MT02,45+,Cosmetics,45+ | Cosmetics,Other,Mobile
C05439,2025-08-07,MT02,25-34,Fashion,25-34 | Fashion,Metro,Desktop
C05440,2025-08-07,MT03,45+,Fashion,45+ | Fashion,Metro,Mobile
C05441,2025-08-07,MT03,25-34,Cosmetics,25-34 | Cosmetics,Metro,Mobile
C05442,2025-08-07,TT01,18-24,Cosmetics,18-24 | Cosmetics,Metro,Mobile
C05443,2025-08-07,TT01,18-24,Cosmetics,18-24 | Cosmetics,Metro,Mobile
C05444,2025-08-07,TT01,18-24,Cosmetics,18-24 | Cosmetics,Metro,Mobile
C05445,2025-08-07,TT01,25-34,Cosmetics,25-34 | Cosmetics,Metro,Mobile
C05446,2025-08-07,TT02,25-34,Cosmetics,25-34 | Cosmetics,Metro,Mobile
C05447,2025-08-07,EM01,25-34,Cosmetics,25-34 | Cosmetics,Other,Desktop
C05448,2025-08-07,OR01,45+,Cosmetics,45+ | Cosmetics,Metro,Desktop
C05449,2025-08-07,OR01,45+,Cosmetics,45+ | Cosmetics,Metro,Mobile
C05450,2025-08-08,GG01,35-44,Fashion,35-44 | Fashion,Metro,Mobile
C05451,2025-08-08,GG02,25-34,Fashion,25-34 | Fashion,Other,Mobile
C05452,2025-08-08,GG03,45+,Fashion,45+ | Fashion,Other,Mobile
C05453,2025-08-08,MT01,35-44,Cosmetics,35-44 | Cosmetics,Other,Mobile
C05454,2025-08-08,MT02,35-44,Fashion,35-44 | Fashion,Metro,Desktop
C05455,2025-08-08,MT02,25-34,Fashion,25-34 | Fashion,Metro,Desktop
C05456,2025-08-08,MT02,35-44,Fashion,35-44 | Fashion,Other,Desktop
C05457,2025-08-08,MT02,18-24,Fashion,18-24 | Fashion,Metro,Mobile
C05458,2025-08-08,MT03,25-34,Fashion,25-34 | Fashion,Other,Mobile
C05459,2025-08-08,TT02,18-24,Fashion,18-24 | Fashion,Other,Mobile
C05460,2025-08-08,TT02,25-34,Fashion,25-34 | Fashion,Metro,Mobile
C05461,2025-08-08,EM01,35-44,Fashion,35-44 | Fashion,Metro,Mobile
C05462,2025-08-08,OR01,25-34,Cosmetics,25-34 | Cosmetics,Other,Mobile
C05463,2025-08-08,OR01,18-24,Cosmetics,18-24 | Cosmetics,Other,Mobile
C05464,2025-08-08,OR02,18-24,Cosmetics,18-24 | Cosmetics,Other,Desktop
C05465,2025-08-09,GG02,18-24,Fashion,18-24 | Fashion,Metro,Desktop
C05466,2025-08-09,GG02,25-34,Cosmetics,25-34 | Cosmetics,Metro,Desktop
C05467,2025-08-09,GG02,45+,Fashion,45+ | Fashion,Other,Mobile
C05468,2025-08-09,GG02,45+,Fashion,45+ | Fashion,Other,Desktop
C05469,2025-08-09,GG02,25-34,Cosmetics,25-34 | Cosmetics,Other,Mobile
C05470,2025-08-09,GG03,45+,Cosmetics,45+ | Cosmetics,Metro,Desktop
C05471,2025-08-09,GG03,25-34,Fashion,25-34 | Fashion,Metro,Mobile
C05472,2025-08-09,MT01,25-34,Fashion,25-34 | Fashion,Other,Mobile
C05473,2025-08-09,MT01,25-34,Cosmetics,25-34 | Cosmetics,Metro,Mobile
C05474,2025-08-09,MT01,45+,Fashion,45+ | Fashion,Metro,Mobile
C05475,2025-08-09,MT02,45+,Cosmetics,45+ | Cosmetics,Other,Mobile
C05476,2025-08-09,TT01,25-34,Cosmetics,25-34 | Cosmetics,Other,Mobile
C05477,2025-08-09,TT01,18-24,Cosmetics,18-24 | Cosmetics,Metro,Mobile
C05478,2025-08-09,TT02,35-44,Cosmetics,35-44 | Cosmetics,Other,Mobile
C05479,2025-08-09,OR01,25-34,Cosmetics,25-34 | Cosmetics,Other,Desktop
C05480,2025-08-09,OR01,18-24,Cosmetics,18-24 | Cosmetics,Other,Desktop
C05481,2025-08-09,OR01,18-24,Fashion,18-24 | Fashion,Other,Mobile
C05482,2025-08-09,OR02,18-24,Cosmetics,18-24 | Cosmetics,Metro,Mobile
C05483,2025-08-10,GG01,45+,Fashion,45+ | Fashion,Metro,Mobile
C05484,2025-08-10,GG02,25-34,Fashion,25-34 | Fashion,Metro,Mobile
C05485,2025-08-10,GG02,35-44,Cosmetics,35-44 | Cosmetics,Other,Desktop
C05486,2025-08-10,GG02,25-34,Fashion,25-34 | Fashion,Other,Mobile
C05487,2025-08-10,GG02,45+,Cosmetics,45+ | Cosmetics,Other,Desktop
C05488,2025-08-10,GG03,35-44,Cosmetics,35-44 | Cosmetics,Other,Mobile
C05489,2025-08-10,MT01,18-24,Fashion,18-24 | Fashion,Metro,Mobile
C05490,2025-08-10,MT02,18-24,Cosmetics,18-24 | Cosmetics,Metro,Mobile
C05491,2025-08-10,MT03,35-44,Fashion,35-44 | Fashion,Other,Mobile
C05492,2025-08-10,TT01,18-24,Cosmetics,18-24 | Cosmetics,Metro,Mobile
C05493,2025-08-10,TT01,18-24,Cosmetics,18-24 | Cosmetics,Metro,Mobile
C05494,2025-08-10,TT01,18-24,Cosmetics,18-24 | Cosmetics,Metro,Mobile
C05495,2025-08-10,TT02,18-24,Fashion,18-24 | Fashion,Metro,Mobile
C05496,2025-08-10,TT02,35-44,Cosmetics,35-44 | Cosmetics,Metro,Mobile
C05497,2025-08-10,TT02,18-24,Fashion,18-24 | Fashion,Metro,Mobile
C05498,2025-08-10,TT02,18-24,Cosmetics,18-24 | Cosmetics,Metro,Mobile
C05499,2025-08-10,TT02,25-34,Cosmetics,25-34 | Cosmetics,Metro,Mobile
C05500,2025-08-10,TT02,25-34,Cosmetics,25-34 | Cosmetics,Other,Mobile
C05501,2025-08-10,OR01,25-34,Cosmetics,25-34 | Cosmetics,Metro,Desktop
C05502,2025-08-10,OR01,45+,Fashion,45+ | Fashion,Metro,Mobile
C05503,2025-08-10,OR01,25-34,Cosmetics,25-34 | Cosmetics,Other,Desktop
C05504,2025-08-10,OR01,18-24,Fashion,18-24 | Fashion,Metro,Mobile
C05505,2025-08-10,OR02,18-24,Fashion,18-24 | Fashion,Other,Mobile
C05506,2025-08-11,GG01,35-44,Fashion,35-44 | Fashion,Metro,Desktop
C05507,2025-08-11,GG01,45+,Fashion,45+ | Fashion,Metro,Mobile
C05508,2025-08-11,GG02,25-34,Fashion,25-34 | Fashion,Other,Desktop
C05509,2025-08-11,GG02,25-34,Fashion,25-34 | Fashion,Other,Desktop
C05510,2025-08-11,GG02,25-34,Cosmetics,25-34 | Cosmetics,Other,Mobile
C05511,2025-08-11,GG02,25-34,Fashion,25-34 | Fashion,Other,Mobile
C05512,2025-08-11,GG02,25-34,Cosmetics,25-34 | Cosmetics,Other,Desktop
C05513,2025-08-11,GG02,45+,Cosmetics,45+ | Cosmetics,Metro,Desktop
C05514,2025-08-11,GG03,25-34,Fashion,25-34 | Fashion,Metro,Mobile
C05515,2025-08-11,MT01,25-34,Cosmetics,25-34 | Cosmetics,Metro,Desktop
C05516,2025-08-11,MT01,18-24,Fashion,18-24 | Fashion,Metro,Mobile
C05517,2025-08-11,TT01,25-34,Fashion,25-34 | Fashion,Other,Mobile
C05518,2025-08-11,TT01,18-24,Fashion,18-24 | Fashion,Other,Mobile
C05519,2025-08-11,TT01,25-34,Fashion,25-34 | Fashion,Other,Mobile
C05520,2025-08-11,TT01,25-34,Fashion,25-34 | Fashion,Metro,Mobile
C05521,2025-08-11,TT02,18-24,Fashion,18-24 | Fashion,Other,Mobile
C05522,2025-08-11,TT02,18-24,Cosmetics,18-24 | Cosmetics,Metro,Mobile
C05523,2025-08-11,TT02,18-24,Fashion,18-24 | Fashion,Other,Mobile
C05524,2025-08-11,TT02,18-24,Cosmetics,18-24 | Cosmetics,Metro,Mobile
C05525,2025-08-11,TT02,18-24,Cosmetics,18-24 | Cosmetics,Other,Mobile
C05526,2025-08-11,OR01,35-44,Fashion,35-44 | Fashion,Metro,Mobile
C05527,2025-08-11,OR01,18-24,Fashion,18-24 | Fashion,Metro,Desktop
C05528,2025-08-11,OR01,45+,Fashion,45+ | Fashion,Other,Mobile
C05529,2025-08-11,OR01,25-34,Cosmetics,25-34 | Cosmetics,Other,Desktop
C05530,2025-08-11,OR01,25-34,Cosmetics,25-34 | Cosmetics,Metro,Mobile
C05531,2025-08-11,OR01,25-34,Cosmetics,25-34 | Cosmetics,Metro,Mobile
C05532,2025-08-12,GG02,25-34,Fashion,25-34 | Fashion,Metro,Desktop
C05533,2025-08-12,GG02,35-44,Fashion,35-44 | Fashion,Other,Mobile
C05534,2025-08-12,GG02,25-34,Cosmetics,25-34 | Cosmetics,Other,Mobile
C05535,2025-08-12,GG03,35-44,Cosmetics,35-44 | Cosmetics,Metro,Mobile
C05536,2025-08-12,GG03,25-34,Fashion,25-34 | Fashion,Other,Desktop
C05537,2025-08-12,GG03,35-44,Cosmetics,35-44 | Cosmetics,Other,Mobile
C05538,2025-08-12,MT01,35-44,Cosmetics,35-44 | Cosmetics,Metro,Mobile
C05539,2025-08-12,MT01,25-34,Cosmetics,25-34 | Cosmetics,Other,Mobile
C05540,2025-08-12,TT01,25-34,Cosmetics,25-34 | Cosmetics,Metro,Mobile
C05541,2025-08-12,TT02,18-24,Fashion,18-24 | Fashion,Metro,Mobile
C05542,2025-08-12,TT02,45+,Fashion,45+ | Fashion,Metro,Mobile
C05543,2025-08-12,OR01,18-24,Fashion,18-24 | Fashion,Metro,Mobile
C05544,2025-08-12,OR01,18-24,Cosmetics,18-24 | Cosmetics,Metro,Mobile
C05545,2025-08-12,OR01,45+,Fashion,45+ | Fashion,Metro,Mobile
C05546,2025-08-12,OR01,45+,Fashion,45+ | Fashion,Metro,Mobile
C05547,2025-08-12,OR02,25-34,Cosmetics,25-34 | Cosmetics,Other,Mobile
C05548,2025-08-12,OR02,18-24,Cosmetics,18-24 | Cosmetics,Other,Desktop
C05549,2025-08-13,GG02,25-34,Fashion,25-34 | Fashion,Metro,Mobile
C05550,2025-08-13,GG02,18-24,Cosmetics,18-24 | Cosmetics,Metro,Desktop
C05551,2025-08-13,GG02,25-34,Fashion,25-34 | Fashion,Other,Mobile
C05552,2025-08-13,GG02,18-24,Cosmetics,18-24 | Cosmetics,Other,Desktop
C05553,2025-08-13,GG03,18-24,Fashion,18-24 | Fashion,Metro,Desktop
C05554,2025-08-13,GG03,25-34,Fashion,25-34 | Fashion,Other,Desktop
C05555,2025-08-13,MT01,45+,Fashion,45+ | Fashion,Metro,Mobile
C05556,2025-08-13,MT02,18-24,Fashion,18-24 | Fashion,Other,Mobile
C05557,2025-08-13,MT03,35-44,Cosmetics,35-44 | Cosmetics,Metro,Mobile
C05558,2025-08-13,MT03,25-34,Cosmetics,25-34 | Cosmetics,Other,Mobile
C05559,2025-08-13,TT01,18-24,Cosmetics,18-24 | Cosmetics,Metro,Mobile
C05560,2025-08-13,TT01,18-24,Cosmetics,18-24 | Cosmetics,Other,Mobile
C05561,2025-08-13,TT01,18-24,Cosmetics,18-24 | Cosmetics,Other,Desktop
C05562,2025-08-13,TT02,25-34,Cosmetics,25-34 | Cosmetics,Other,Mobile
C05563,2025-08-13,EM01,35-44,Fashion,35-44 | Fashion,Metro,Mobile
C05564,2025-08-13,OR01,45+,Cosmetics,45+ | Cosmetics,Other,Desktop
C05565,2025-08-13,OR01,35-44,Fashion,35-44 | Fashion,Other,Mobile
C05566,2025-08-13,OR01,18-24,Cosmetics,18-24 | Cosmetics,Metro,Mobile
C05567,2025-08-13,OR02,18-24,Cosmetics,18-24 | Cosmetics,Other,Mobile
C05568,2025-08-13,OR02,35-44,Fashion,35-44 | Fashion,Metro,Mobile
C05569,2025-08-13,OR02,25-34,Fashion,25-34 | Fashion,Other,Desktop
C05570,2025-08-13,OR02,18-24,Cosmetics,18-24 | Cosmetics,Metro,Desktop
C05571,2025-08-14,GG01,35-44,Fashion,35-44 | Fashion,Other,Mobile
C05572,2025-08-14,GG02,25-34,Fashion,25-34 | Fashion,Metro,Mobile
C05573,2025-08-14,GG02,45+,Cosmetics,45+ | Cosmetics,Metro,Mobile
C05574,2025-08-14,GG02,35-44,Fashion,35-44 | Fashion,Metro,Desktop
C05575,2025-08-14,GG03,35-44,Cosmetics,35-44 | Cosmetics,Other,Mobile
C05576,2025-08-14,GG03,25-34,Fashion,25-34 | Fashion,Other,Desktop
C05577,2025-08-14,GG03,18-24,Fashion,18-24 | Fashion,Metro,Desktop
C05578,2025-08-14,GG03,25-34,Cosmetics,25-34 | Cosmetics,Other,Mobile
C05579,2025-08-14,MT01,35-44,Fashion,35-44 | Fashion,Metro,Desktop
C05580,2025-08-14,MT01,18-24,Cosmetics,18-24 | Cosmetics,Other,Mobile
C05581,2025-08-14,MT01,25-34,Cosmetics,25-34 | Cosmetics,Metro,Desktop
C05582,2025-08-14,MT02,35-44,Cosmetics,35-44 | Cosmetics,Metro,Mobile
C05583,2025-08-14,MT02,25-34,Cosmetics,25-34 | Cosmetics,Other,Mobile
C05584,2025-08-14,MT03,35-44,Fashion,35-44 | Fashion,Metro,Mobile
C05585,2025-08-14,MT03,25-34,Cosmetics,25-34 | Cosmetics,Other,Mobile
C05586,2025-08-14,TT01,18-24,Fashion,18-24 | Fashion,Other,Mobile
C05587,2025-08-14,TT02,45+,Cosmetics,45+ | Cosmetics,Metro,Mobile
C05588,2025-08-14,TT02,18-24,Fashion,18-24 | Fashion,Other,Mobile
C05589,2025-08-14,EM01,35-44,Cosmetics,35-44 | Cosmetics,Other,Mobile
C05590,2025-08-14,EM01,18-24,Fashion,18-24 | Fashion,Metro,Desktop
C05591,2025-08-14,EM01,35-44,Fashion,35-44 | Fashion,Metro,Desktop
C05592,2025-08-14,EM01,35-44,Cosmetics,35-44 | Cosmetics,Other,Mobile
C05593,2025-08-14,EM01,25-34,Cosmetics,25-34 | Cosmetics,Other,Mobile
C05594,2025-08-14,OR01,45+,Fashion,45+ | Fashion,Metro,Desktop
C05595,2025-08-14,OR01,35-44,Cosmetics,35-44 | Cosmetics,Other,Mobile
C05596,2025-08-14,OR01,25-34,Cosmetics,25-34 | Cosmetics,Metro,Desktop
C05597,2025-08-15,GG01,35-44,Fashion,35-44 | Fashion,Metro,Desktop
C05598,2025-08-15,GG01,35-44,Cosmetics,35-44 | Cosmetics,Other,Desktop
C05599,2025-08-15,GG02,45+,Fashion,45+ | Fashion,Other,Desktop
C05600,2025-08-15,GG02,25-34,Cosmetics,25-34 | Cosmetics,Other,Desktop
C05601,2025-08-15,GG03,25-34,Cosmetics,25-34 | Cosmetics,Other,Desktop
C05602,2025-08-15,GG03,35-44,Cosmetics,35-44 | Cosmetics,Metro,Mobile
C05603,2025-08-15,GG03,25-34,Cosmetics,25-34 | Cosmetics,Other,Desktop
C05604,2025-08-15,GG03,35-44,Cosmetics,35-44 | Cosmetics,Other,Mobile
C05605,2025-08-15,GG03,45+,Fashion,45+ | Fashion,Metro,Desktop
C05606,2025-08-15,GG03,25-34,Fashion,25-34 | Fashion,Metro,Desktop
C05607,2025-08-15,GG03,45+,Cosmetics,45+ | Cosmetics,Metro,Desktop
C05608,2025-08-15,MT01,45+,Cosmetics,45+ | Cosmetics,Other,Mobile
C05609,2025-08-15,MT01,18-24,Fashion,18-24 | Fashion,Metro,Mobile
C05610,2025-08-15,MT01,18-24,Cosmetics,18-24 | Cosmetics,Other,Desktop
C05611,2025-08-15,MT02,35-44,Fashion,35-44 | Fashion,Other,Mobile
C05612,2025-08-15,MT02,25-34,Fashion,25-34 | Fashion,Metro,Mobile
C05613,2025-08-15,MT02,45+,Cosmetics,45+ | Cosmetics,Metro,Mobile
C05614,2025-08-15,MT02,35-44,Fashion,35-44 | Fashion,Metro,Mobile
C05615,2025-08-15,MT02,25-34,Fashion,25-34 | Fashion,Other,Mobile
C05616,2025-08-15,MT02,35-44,Cosmetics,35-44 | Cosmetics,Other,Mobile
C05617,2025-08-15,MT02,25-34,Cosmetics,25-34 | Cosmetics,Metro,Desktop
C05618,2025-08-15,MT03,18-24,Fashion,18-24 | Fashion,Other,Mobile
C05619,2025-08-15,TT01,18-24,Cosmetics,18-24 | Cosmetics,Other,Mobile
C05620,2025-08-15,TT01,18-24,Fashion,18-24 | Fashion,Metro,Mobile
C05621,2025-08-15,TT01,35-44,Fashion,35-44 | Fashion,Other,Mobile
C05622,2025-08-15,TT01,25-34,Fashion,25-34 | Fashion,Other,Mobile
C05623,2025-08-15,TT01,25-34,Fashion,25-34 | Fashion,Metro,Mobile
C05624,2025-08-15,TT01,35-44,Fashion,35-44 | Fashion,Metro,Mobile
C05625,2025-08-15,TT02,18-24,Cosmetics,18-24 | Cosmetics,Other,Mobile
C05626,2025-08-15,EM02,25-34,Cosmetics,25-34 | Cosmetics,Other,Desktop
C05627,2025-08-15,OR01,35-44,Fashion,35-44 | Fashion,Metro,Mobile
C05628,2025-08-15,OR01,35-44,Fashion,35-44 | Fashion,Metro,Desktop
C05629,2025-08-15,OR01,35-44,Fashion,35-44 | Fashion,Other,Desktop
C05630,2025-08-15,OR01,45+,Fashion,45+ | Fashion,Metro,Mobile
C05631,2025-08-15,OR01,45+,Cosmetics,45+ | Cosmetics,Metro,Mobile
C05632,2025-08-16,GG01,25-34,Cosmetics,25-34 | Cosmetics,Metro,Mobile
C05633,2025-08-16,GG01,25-34,Fashion,25-34 | Fashion,Other,Desktop
C05634,2025-08-16,GG02,35-44,Cosmetics,35-44 | Cosmetics,Other,Mobile
C05635,2025-08-16,GG03,18-24,Cosmetics,18-24 | Cosmetics,Other,Desktop
C05636,2025-08-16,GG03,25-34,Fashion,25-34 | Fashion,Metro,Mobile
C05637,2025-08-16,GG03,18-24,Fashion,18-24 | Fashion,Metro,Desktop
C05638,2025-08-16,GG03,18-24,Fashion,18-24 | Fashion,Metro,Mobile
C05639,2025-08-16,GG03,18-24,Cosmetics,18-24 | Cosmetics,Other,Mobile
C05640,2025-08-16,GG03,18-24,Fashion,18-24 | Fashion,Other,Mobile
C05641,2025-08-16,GG03,45+,Cosmetics,45+ | Cosmetics,Metro,Desktop
C05642,2025-08-16,MT01,35-44,Fashion,35-44 | Fashion,Other,Desktop
C05643,2025-08-16,MT01,25-34,Fashion,25-34 | Fashion,Metro,Mobile
C05644,2025-08-16,MT01,18-24,Cosmetics,18-24 | Cosmetics,Other,Mobile
C05645,2025-08-16,MT01,25-34,Fashion,25-34 | Fashion,Other,Mobile
C05646,2025-08-16,MT02,35-44,Cosmetics,35-44 | Cosmetics,Other,Mobile
C05647,2025-08-16,MT02,35-44,Cosmetics,35-44 | Cosmetics,Other,Mobile
C05648,2025-08-16,MT03,25-34,Fashion,25-34 | Fashion,Metro,Mobile
C05649,2025-08-16,TT01,25-34,Cosmetics,25-34 | Cosmetics,Other,Mobile
C05650,2025-08-16,TT01,18-24,Fashion,18-24 | Fashion,Metro,Mobile
C05651,2025-08-16,TT02,18-24,Fashion,18-24 | Fashion,Metro,Mobile
C05652,2025-08-16,TT02,25-34,Cosmetics,25-34 | Cosmetics,Metro,Mobile
C05653,2025-08-16,TT02,25-34,Fashion,25-34 | Fashion,Metro,Mobile
C05654,2025-08-16,TT02,18-24,Cosmetics,18-24 | Cosmetics,Other,Mobile
C05655,2025-08-16,TT02,25-34,Cosmetics,25-34 | Cosmetics,Metro,Desktop
C05656,2025-08-16,EM01,25-34,Fashion,25-34 | Fashion,Other,Desktop
C05657,2025-08-16,EM02,45+,Cosmetics,45+ | Cosmetics,Metro,Mobile
C05658,2025-08-16,OR01,35-44,Cosmetics,35-44 | Cosmetics,Other,Mobile
C05659,2025-08-16,OR01,45+,Fashion,45+ | Fashion,Metro,Mobile
C05660,2025-08-16,OR01,35-44,Fashion,35-44 | Fashion,Other,Mobile
C05661,2025-08-16,OR01,25-34,Fashion,25-34 | Fashion,Metro,Desktop
C05662,2025-08-16,OR01,35-44,Cosmetics,35-44 | Cosmetics,Metro,Desktop
C05663,2025-08-16,OR02,25-34,Cosmetics,25-34 | Cosmetics,Metro,Mobile
C05664,2025-08-17,GG01,35-44,Cosmetics,35-44 | Cosmetics,Other,Desktop
C05665,2025-08-17,GG02,35-44,Fashion,35-44 | Fashion,Metro,Desktop
C05666,2025-08-17,GG02,25-34,Cosmetics,25-34 | Cosmetics,Other,Mobile
C05667,2025-08-17,GG02,25-34,Fashion,25-34 | Fashion,Metro,Desktop
C05668,2025-08-17,GG03,35-44,Cosmetics,35-44 | Cosmetics,Metro,Desktop
C05669,2025-08-17,GG03,45+,Fashion,45+ | Fashion,Metro,Mobile
C05670,2025-08-17,GG03,35-44,Fashion,35-44 | Fashion,Metro,Desktop
C05671,2025-08-17,GG03,35-44,Fashion,35-44 | Fashion,Other,Desktop
C05672,2025-08-17,MT01,25-34,Fashion,25-34 | Fashion,Metro,Mobile
C05673,2025-08-17,MT01,35-44,Fashion,35-44 | Fashion,Other,Desktop
C05674,2025-08-17,MT02,35-44,Fashion,35-44 | Fashion,Other,Mobile
C05675,2025-08-17,MT02,35-44,Cosmetics,35-44 | Cosmetics,Metro,Mobile
C05676,2025-08-17,MT02,35-44,Cosmetics,35-44 | Cosmetics,Metro,Mobile
C05677,2025-08-17,MT03,45+,Fashion,45+ | Fashion,Metro,Mobile
C05678,2025-08-17,TT01,18-24,Fashion,18-24 | Fashion,Metro,Mobile
C05679,2025-08-17,TT01,25-34,Fashion,25-34 | Fashion,Metro,Mobile
C05680,2025-08-17,TT01,25-34,Cosmetics,25-34 | Cosmetics,Other,Mobile
C05681,2025-08-17,TT01,25-34,Cosmetics,25-34 | Cosmetics,Other,Mobile
C05682,2025-08-17,TT02,18-24,Fashion,18-24 | Fashion,Metro,Mobile
C05683,2025-08-17,EM01,35-44,Cosmetics,35-44 | Cosmetics,Metro,Mobile
C05684,2025-08-17,EM01,35-44,Cosmetics,35-44 | Cosmetics,Other,Mobile
C05685,2025-08-17,EM01,35-44,Cosmetics,35-44 | Cosmetics,Other,Mobile
C05686,2025-08-17,OR01,35-44,Fashion,35-44 | Fashion,Metro,Mobile
C05687,2025-08-17,OR01,18-24,Cosmetics,18-24 | Cosmetics,Other,Desktop
C05688,2025-08-17,OR02,18-24,Cosmetics,18-24 | Cosmetics,Metro,Mobile
C05689,2025-08-17,OR02,18-24,Fashion,18-24 | Fashion,Metro,Desktop
C05690,2025-08-17,OR02,18-24,Cosmetics,18-24 | Cosmetics,Other,Mobile
C05691,2025-08-18,GG02,35-44,Fashion,35-44 | Fashion,Other,Desktop
C05692,2025-08-18,GG02,45+,Fashion,45+ | Fashion,Metro,Mobile
C05693,2025-08-18,GG03,25-34,Fashion,25-34 | Fashion,Metro,Mobile
C05694,2025-08-18,GG03,35-44,Fashion,35-44 | Fashion,Other,Mobile
C05695,2025-08-18,MT01,25-34,Cosmetics,25-34 | Cosmetics,Metro,Mobile
C05696,2025-08-18,MT01,25-34,Cosmetics,25-34 | Cosmetics,Metro,Mobile
C05697,2025-08-18,MT02,25-34,Fashion,25-34 | Fashion,Other,Mobile
C05698,2025-08-18,MT03,25-34,Cosmetics,25-34 | Cosmetics,Other,Mobile
C05699,2025-08-18,MT03,25-34,Fashion,25-34 | Fashion,Other,Mobile
C05700,2025-08-18,TT01,18-24,Fashion,18-24 | Fashion,Other,Mobile
C05701,2025-08-18,TT01,25-34,Fashion,25-34 | Fashion,Other,Mobile
C05702,2025-08-18,TT01,18-24,Cosmetics,18-24 | Cosmetics,Metro,Mobile
C05703,2025-08-18,TT01,18-24,Cosmetics,18-24 | Cosmetics,Other,Mobile
C05704,2025-08-18,EM01,25-34,Fashion,25-34 | Fashion,Metro,Mobile
C05705,2025-08-18,OR01,35-44,Cosmetics,35-44 | Cosmetics,Metro,Mobile
C05706,2025-08-18,OR01,25-34,Fashion,25-34 | Fashion,Metro,Mobile
C05707,2025-08-18,OR01,25-34,Fashion,25-34 | Fashion,Metro,Mobile
C05708,2025-08-18,OR02,18-24,Cosmetics,18-24 | Cosmetics,Metro,Mobile
C05709,2025-08-18,OR02,18-24,Fashion,18-24 | Fashion,Metro,Mobile
C05710,2025-08-19,GG01,25-34,Cosmetics,25-34 | Cosmetics,Metro,Mobile
C05711,2025-08-19,GG01,45+,Fashion,45+ | Fashion,Other,Desktop
C05712,2025-08-19,GG02,35-44,Fashion,35-44 | Fashion,Metro,Desktop
C05713,2025-08-19,GG02,25-34,Fashion,25-34 | Fashion,Other,Mobile
C05714,2025-08-19,GG02,45+,Fashion,45+ | Fashion,Metro,Mobile
C05715,2025-08-19,GG02,18-24,Fashion,18-24 | Fashion,Other,Mobile
C05716,2025-08-19,GG02,45+,Cosmetics,45+ | Cosmetics,Other,Mobile
C05717,2025-08-19,GG03,25-34,Fashion,25-34 | Fashion,Other,Desktop
C05718,2025-08-19,GG03,45+,Cosmetics,45+ | Cosmetics,Other,Desktop
C05719,2025-08-19,GG03,45+,Fashion,45+ | Fashion,Metro,Mobile
C05720,2025-08-19,GG03,25-34,Fashion,25-34 | Fashion,Metro,Mobile
C05721,2025-08-19,GG03,35-44,Fashion,35-44 | Fashion,Metro,Mobile
C05722,2025-08-19,GG03,35-44,Cosmetics,35-44 | Cosmetics,Other,Mobile
C05723,2025-08-19,MT01,35-44,Cosmetics,35-44 | Cosmetics,Other,Mobile
C05724,2025-08-19,MT02,45+,Fashion,45+ | Fashion,Other,Mobile
C05725,2025-08-19,MT02,18-24,Fashion,18-24 | Fashion,Other,Desktop
C05726,2025-08-19,TT01,18-24,Cosmetics,18-24 | Cosmetics,Metro,Mobile
C05727,2025-08-19,TT01,18-24,Cosmetics,18-24 | Cosmetics,Other,Mobile
C05728,2025-08-19,TT01,18-24,Fashion,18-24 | Fashion,Other,Mobile
C05729,2025-08-19,TT02,18-24,Cosmetics,18-24 | Cosmetics,Metro,Mobile
C05730,2025-08-19,EM01,45+,Fashion,45+ | Fashion,Metro,Mobile
C05731,2025-08-19,OR01,35-44,Fashion,35-44 | Fashion,Other,Mobile
C05732,2025-08-19,OR01,45+,Cosmetics,45+ | Cosmetics,Other,Mobile
C05733,2025-08-19,OR02,18-24,Cosmetics,18-24 | Cosmetics,Metro,Mobile
C05734,2025-08-19,OR02,25-34,Cosmetics,25-34 | Cosmetics,Metro,Mobile
C05735,2025-08-20,GG01,25-34,Fashion,25-34 | Fashion,Other,Mobile
C05736,2025-08-20,GG01,25-34,Fashion,25-34 | Fashion,Other,Desktop
C05737,2025-08-20,GG01,25-34,Cosmetics,25-34 | Cosmetics,Metro,Mobile
C05738,2025-08-20,GG02,45+,Cosmetics,45+ | Cosmetics,Metro,Desktop
C05739,2025-08-20,GG02,45+,Cosmetics,45+ | Cosmetics,Metro,Desktop
C05740,2025-08-20,GG03,35-44,Fashion,35-44 | Fashion,Other,Mobile
C05741,2025-08-20,GG03,18-24,Fashion,18-24 | Fashion,Other,Mobile
C05742,2025-08-20,MT01,25-34,Fashion,25-34 | Fashion,Metro,Mobile
C05743,2025-08-20,MT01,35-44,Cosmetics,35-44 | Cosmetics,Metro,Mobile
C05744,2025-08-20,MT01,25-34,Cosmetics,25-34 | Cosmetics,Metro,Mobile
C05745,2025-08-20,MT02,25-34,Cosmetics,25-34 | Cosmetics,Other,Mobile
C05746,2025-08-20,MT03,25-34,Cosmetics,25-34 | Cosmetics,Other,Mobile
C05747,2025-08-20,MT03,25-34,Fashion,25-34 | Fashion,Metro,Mobile
C05748,2025-08-20,MT03,45+,Cosmetics,45+ | Cosmetics,Other,Desktop
C05749,2025-08-20,TT01,25-34,Cosmetics,25-34 | Cosmetics,Other,Mobile
C05750,2025-08-20,TT02,18-24,Fashion,18-24 | Fashion,Metro,Mobile
C05751,2025-08-20,TT02,18-24,Cosmetics,18-24 | Cosmetics,Metro,Mobile
C05752,2025-08-20,EM01,45+,Cosmetics,45+ | Cosmetics,Other,Mobile
C05753,2025-08-20,OR01,25-34,Fashion,25-34 | Fashion,Other,Mobile
C05754,2025-08-20,OR01,35-44,Fashion,35-44 | Fashion,Metro,Mobile
C05755,2025-08-20,OR01,25-34,Cosmetics,25-34 | Cosmetics,Metro,Desktop
C05756,2025-08-20,OR01,35-44,Fashion,35-44 | Fashion,Metro,Mobile
C05757,2025-08-21,GG01,45+,Fashion,45+ | Fashion,Metro,Mobile
C05758,2025-08-21,GG02,45+,Fashion,45+ | Fashion,Other,Desktop
C05759,2025-08-21,GG02,25-34,Cosmetics,25-34 | Cosmetics,Other,Desktop
C05760,2025-08-21,GG02,35-44,Fashion,35-44 | Fashion,Metro,Desktop
C05761,2025-08-21,GG03,35-44,Cosmetics,35-44 | Cosmetics,Other,Mobile
C05762,2025-08-21,MT01,25-34,Fashion,25-34 | Fashion,Other,Desktop
C05763,2025-08-21,MT01,25-34,Fashion,25-34 | Fashion,Metro,Mobile
C05764,2025-08-21,MT02,35-44,Cosmetics,35-44 | Cosmetics,Metro,Mobile
C05765,2025-08-21,MT03,25-34,Fashion,25-34 | Fashion,Metro,Mobile
C05766,2025-08-21,TT01,18-24,Cosmetics,18-24 | Cosmetics,Other,Mobile
C05767,2025-08-21,TT01,35-44,Cosmetics,35-44 | Cosmetics,Metro,Mobile
C05768,2025-08-21,TT01,18-24,Fashion,18-24 | Fashion,Metro,Mobile
C05769,2025-08-21,OR01,45+,Fashion,45+ | Fashion,Metro,Desktop
C05770,2025-08-21,OR01,45+,Fashion,45+ | Fashion,Other,Mobile
C05771,2025-08-21,OR02,18-24,Cosmetics,18-24 | Cosmetics,Metro,Mobile
C05772,2025-08-22,GG01,25-34,Cosmetics,25-34 | Cosmetics,Other,Mobile
C05773,2025-08-22,GG01,35-44,Fashion,35-44 | Fashion,Metro,Mobile
C05774,2025-08-22,GG02,45+,Cosmetics,45+ | Cosmetics,Metro,Mobile
C05775,2025-08-22,GG02,35-44,Fashion,35-44 | Fashion,Other,Mobile
C05776,2025-08-22,GG02,25-34,Fashion,25-34 | Fashion,Metro,Mobile
C05777,2025-08-22,GG02,25-34,Fashion,25-34 | Fashion,Other,Desktop
C05778,2025-08-22,GG02,25-34,Cosmetics,25-34 | Cosmetics,Other,Desktop
C05779,2025-08-22,GG02,35-44,Cosmetics,35-44 | Cosmetics,Metro,Desktop
C05780,2025-08-22,GG02,35-44,Cosmetics,35-44 | Cosmetics,Other,Mobile
C05781,2025-08-22,GG03,35-44,Fashion,35-44 | Fashion,Metro,Desktop
C05782,2025-08-22,GG03,25-34,Fashion,25-34 | Fashion,Other,Mobile
C05783,2025-08-22,MT01,35-44,Fashion,35-44 | Fashion,Metro,Desktop
C05784,2025-08-22,MT01,45+,Cosmetics,45+ | Cosmetics,Other,Mobile
C05785,2025-08-22,MT02,25-34,Cosmetics,25-34 | Cosmetics,Other,Mobile
C05786,2025-08-22,MT02,25-34,Fashion,25-34 | Fashion,Other,Mobile
C05787,2025-08-22,MT03,35-44,Fashion,35-44 | Fashion,Other,Mobile
C05788,2025-08-22,MT03,35-44,Cosmetics,35-44 | Cosmetics,Other,Mobile
C05789,2025-08-22,TT01,18-24,Cosmetics,18-24 | Cosmetics,Other,Mobile
C05790,2025-08-22,EM01,35-44,Cosmetics,35-44 | Cosmetics,Metro,Desktop
C05791,2025-08-22,EM01,45+,Fashion,45+ | Fashion,Metro,Mobile
C05792,2025-08-22,EM01,35-44,Cosmetics,35-44 | Cosmetics,Other,Mobile
C05793,2025-08-22,EM02,35-44,Fashion,35-44 | Fashion,Other,Mobile
C05794,2025-08-22,OR01,25-34,Fashion,25-34 | Fashion,Other,Desktop
C05795,2025-08-22,OR01,45+,Cosmetics,45+ | Cosmetics,Metro,Mobile
C05796,2025-08-22,OR01,45+,Cosmetics,45+ | Cosmetics,Other,Mobile
C05797,2025-08-22,OR01,25-34,Cosmetics,25-34 | Cosmetics,Metro,Mobile
C05798,2025-08-22,OR02,18-24,Cosmetics,18-24 | Cosmetics,Other,Mobile
C05799,2025-08-22,OR02,35-44,Cosmetics,35-44 | Cosmetics,Other,Mobile
C05800,2025-08-23,GG01,45+,Fashion,45+ | Fashion,Other,Desktop
C05801,2025-08-23,GG01,18-24,Cosmetics,18-24 | Cosmetics,Metro,Desktop
C05802,2025-08-23,GG02,45+,Cosmetics,45+ | Cosmetics,Metro,Mobile
C05803,2025-08-23,GG02,45+,Cosmetics,45+ | Cosmetics,Metro,Desktop
C05804,2025-08-23,GG02,35-44,Fashion,35-44 | Fashion,Other,Mobile
C05805,2025-08-23,GG02,25-34,Cosmetics,25-34 | Cosmetics,Other,Desktop
C05806,2025-08-23,GG03,35-44,Fashion,35-44 | Fashion,Other,Mobile
C05807,2025-08-23,GG03,18-24,Cosmetics,18-24 | Cosmetics,Metro,Mobile
C05808,2025-08-23,GG03,45+,Cosmetics,45+ | Cosmetics,Other,Desktop
C05809,2025-08-23,GG03,18-24,Fashion,18-24 | Fashion,Other,Mobile
C05810,2025-08-23,MT01,25-34,Cosmetics,25-34 | Cosmetics,Other,Mobile
C05811,2025-08-23,MT02,35-44,Cosmetics,35-44 | Cosmetics,Other,Mobile
C05812,2025-08-23,MT02,25-34,Fashion,25-34 | Fashion,Other,Mobile
C05813,2025-08-23,MT02,18-24,Cosmetics,18-24 | Cosmetics,Metro,Desktop
C05814,2025-08-23,MT03,25-34,Fashion,25-34 | Fashion,Other,Mobile
C05815,2025-08-23,TT01,18-24,Cosmetics,18-24 | Cosmetics,Metro,Mobile
C05816,2025-08-23,TT01,18-24,Cosmetics,18-24 | Cosmetics,Metro,Mobile
C05817,2025-08-23,TT01,18-24,Cosmetics,18-24 | Cosmetics,Other,Mobile
C05818,2025-08-23,TT01,18-24,Cosmetics,18-24 | Cosmetics,Metro,Mobile
C05819,2025-08-23,TT01,18-24,Fashion,18-24 | Fashion,Metro,Mobile
C05820,2025-08-23,TT01,18-24,Fashion,18-24 | Fashion,Metro,Mobile
C05821,2025-08-23,TT02,18-24,Cosmetics,18-24 | Cosmetics,Metro,Mobile
C05822,2025-08-23,EM01,45+,Fashion,45+ | Fashion,Other,Mobile
C05823,2025-08-23,EM02,25-34,Cosmetics,25-34 | Cosmetics,Other,Mobile
C05824,2025-08-23,OR01,25-34,Fashion,25-34 | Fashion,Metro,Mobile
C05825,2025-08-23,OR02,25-34,Fashion,25-34 | Fashion,Metro,Mobile
C05826,2025-08-24,GG01,45+,Fashion,45+ | Fashion,Other,Mobile
C05827,2025-08-24,GG01,25-34,Cosmetics,25-34 | Cosmetics,Metro,Mobile
C05828,2025-08-24,GG02,35-44,Fashion,35-44 | Fashion,Other,Mobile
C05829,2025-08-24,GG02,25-34,Fashion,25-34 | Fashion,Metro,Mobile
C05830,2025-08-24,GG02,25-34,Fashion,25-34 | Fashion,Other,Desktop
C05831,2025-08-24,GG03,25-34,Cosmetics,25-34 | Cosmetics,Other,Mobile
C05832,2025-08-24,GG03,25-34,Cosmetics,25-34 | Cosmetics,Other,Mobile
C05833,2025-08-24,GG03,45+,Cosmetics,45+ | Cosmetics,Metro,Desktop
C05834,2025-08-24,GG03,35-44,Cosmetics,35-44 | Cosmetics,Other,Mobile
C05835,2025-08-24,MT01,18-24,Fashion,18-24 | Fashion,Metro,Mobile
C05836,2025-08-24,TT01,18-24,Fashion,18-24 | Fashion,Metro,Mobile
C05837,2025-08-24,TT01,18-24,Cosmetics,18-24 | Cosmetics,Metro,Desktop
C05838,2025-08-24,TT01,18-24,Cosmetics,18-24 | Cosmetics,Metro,Mobile
C05839,2025-08-24,TT02,45+,Fashion,45+ | Fashion,Metro,Mobile
C05840,2025-08-24,TT02,25-34,Cosmetics,25-34 | Cosmetics,Other,Mobile
C05841,2025-08-24,TT02,18-24,Fashion,18-24 | Fashion,Other,Mobile
C05842,2025-08-24,EM01,25-34,Cosmetics,25-34 | Cosmetics,Metro,Desktop
C05843,2025-08-24,EM01,25-34,Cosmetics,25-34 | Cosmetics,Other,Mobile
C05844,2025-08-24,OR01,35-44,Fashion,35-44 | Fashion,Metro,Mobile
C05845,2025-08-24,OR01,18-24,Fashion,18-24 | Fashion,Metro,Desktop
C05846,2025-08-24,OR01,35-44,Fashion,35-44 | Fashion,Metro,Desktop
C05847,2025-08-24,OR01,25-34,Cosmetics,25-34 | Cosmetics,Metro,Mobile
C05848,2025-08-25,GG02,18-24,Cosmetics,18-24 | Cosmetics,Metro,Desktop
C05849,2025-08-25,GG02,25-34,Cosmetics,25-34 | Cosmetics,Metro,Desktop
C05850,2025-08-25,GG02,25-34,Fashion,25-34 | Fashion,Metro,Mobile
C05851,2025-08-25,GG02,35-44,Fashion,35-44 | Fashion,Metro,Mobile
C05852,2025-08-25,GG03,18-24,Cosmetics,18-24 | Cosmetics,Metro,Mobile
C05853,2025-08-25,GG03,25-34,Fashion,25-34 | Fashion,Other,Desktop
C05854,2025-08-25,MT01,25-34,Fashion,25-34 | Fashion,Other,Mobile
C05855,2025-08-25,MT03,35-44,Cosmetics,35-44 | Cosmetics,Other,Mobile
C05856,2025-08-25,MT03,45+,Cosmetics,45+ | Cosmetics,Other,Mobile
C05857,2025-08-25,TT01,18-24,Cosmetics,18-24 | Cosmetics,Other,Mobile
C05858,2025-08-25,TT01,18-24,Cosmetics,18-24 | Cosmetics,Metro,Mobile
C05859,2025-08-25,TT01,25-34,Cosmetics,25-34 | Cosmetics,Metro,Mobile
C05860,2025-08-25,TT02,18-24,Cosmetics,18-24 | Cosmetics,Metro,Mobile
C05861,2025-08-25,TT02,18-24,Cosmetics,18-24 | Cosmetics,Other,Mobile
C05862,2025-08-25,TT02,35-44,Cosmetics,35-44 | Cosmetics,Metro,Mobile
C05863,2025-08-25,EM01,45+,Cosmetics,45+ | Cosmetics,Other,Mobile
C05864,2025-08-25,EM02,35-44,Fashion,35-44 | Fashion,Metro,Mobile
C05865,2025-08-25,OR01,35-44,Fashion,35-44 | Fashion,Other,Desktop
C05866,2025-08-25,OR01,25-34,Fashion,25-34 | Fashion,Other,Mobile
C05867,2025-08-25,OR01,25-34,Fashion,25-34 | Fashion,Metro,Mobile
C05868,2025-08-25,OR02,25-34,Cosmetics,25-34 | Cosmetics,Metro,Mobile
C05869,2025-08-25,OR02,25-34,Cosmetics,25-34 | Cosmetics,Metro,Desktop
C05870,2025-08-25,OR02,25-34,Fashion,25-34 | Fashion,Other,Desktop
C05871,2025-08-26,GG01,25-34,Cosmetics,25-34 | Cosmetics,Metro,Mobile
C05872,2025-08-26,GG02,18-24,Fashion,18-24 | Fashion,Metro,Desktop
C05873,2025-08-26,GG02,25-34,Cosmetics,25-34 | Cosmetics,Other,Desktop
C05874,2025-08-26,GG02,18-24,Cosmetics,18-24 | Cosmetics,Metro,Mobile
C05875,2025-08-26,GG02,35-44,Fashion,35-44 | Fashion,Other,Desktop
C05876,2025-08-26,GG02,35-44,Fashion,35-44 | Fashion,Other,Mobile
C05877,2025-08-26,GG02,25-34,Fashion,25-34 | Fashion,Metro,Mobile
C05878,2025-08-26,GG03,35-44,Fashion,35-44 | Fashion,Metro,Desktop
C05879,2025-08-26,GG03,25-34,Cosmetics,25-34 | Cosmetics,Other,Mobile
C05880,2025-08-26,MT02,18-24,Cosmetics,18-24 | Cosmetics,Metro,Mobile
C05881,2025-08-26,MT02,25-34,Cosmetics,25-34 | Cosmetics,Other,Mobile
C05882,2025-08-26,MT02,25-34,Fashion,25-34 | Fashion,Other,Mobile
C05883,2025-08-26,MT02,18-24,Fashion,18-24 | Fashion,Metro,Mobile
C05884,2025-08-26,MT02,35-44,Fashion,35-44 | Fashion,Other,Mobile
C05885,2025-08-26,MT02,25-34,Cosmetics,25-34 | Cosmetics,Metro,Mobile
C05886,2025-08-26,MT03,45+,Cosmetics,45+ | Cosmetics,Metro,Mobile
C05887,2025-08-26,MT03,35-44,Cosmetics,35-44 | Cosmetics,Other,Mobile
C05888,2025-08-26,TT01,18-24,Cosmetics,18-24 | Cosmetics,Other,Mobile
C05889,2025-08-26,TT01,25-34,Fashion,25-34 | Fashion,Metro,Mobile
C05890,2025-08-26,TT02,25-34,Cosmetics,25-34 | Cosmetics,Metro,Mobile
C05891,2025-08-26,OR01,25-34,Fashion,25-34 | Fashion,Other,Mobile
C05892,2025-08-26,OR01,45+,Cosmetics,45+ | Cosmetics,Metro,Mobile
C05893,2025-08-26,OR01,35-44,Cosmetics,35-44 | Cosmetics,Metro,Mobile
C05894,2025-08-26,OR01,25-34,Cosmetics,25-34 | Cosmetics,Metro,Mobile
C05895,2025-08-26,OR02,25-34,Cosmetics,25-34 | Cosmetics,Metro,Mobile
C05896,2025-08-26,OR02,25-34,Cosmetics,25-34 | Cosmetics,Metro,Mobile
C05897,2025-08-26,OR02,35-44,Cosmetics,35-44 | Cosmetics,Metro,Mobile
C05898,2025-08-27,GG02,25-34,Fashion,25-34 | Fashion,Metro,Desktop
C05899,2025-08-27,GG02,45+,Fashion,45+ | Fashion,Metro,Desktop
C05900,2025-08-27,GG03,18-24,Fashion,18-24 | Fashion,Metro,Mobile
C05901,2025-08-27,MT01,25-34,Cosmetics,25-34 | Cosmetics,Metro,Mobile
C05902,2025-08-27,MT01,18-24,Cosmetics,18-24 | Cosmetics,Other,Mobile
C05903,2025-08-27,MT02,35-44,Fashion,35-44 | Fashion,Metro,Mobile
C05904,2025-08-27,MT03,18-24,Fashion,18-24 | Fashion,Metro,Mobile
C05905,2025-08-27,MT03,18-24,Cosmetics,18-24 | Cosmetics,Metro,Mobile
C05906,2025-08-27,TT01,25-34,Fashion,25-34 | Fashion,Other,Mobile
C05907,2025-08-27,TT01,18-24,Fashion,18-24 | Fashion,Other,Mobile
C05908,2025-08-27,TT01,25-34,Cosmetics,25-34 | Cosmetics,Other,Mobile
C05909,2025-08-27,TT02,18-24,Cosmetics,18-24 | Cosmetics,Metro,Mobile
C05910,2025-08-27,TT02,35-44,Cosmetics,35-44 | Cosmetics,Metro,Mobile
C05911,2025-08-27,TT02,18-24,Cosmetics,18-24 | Cosmetics,Other,Mobile
C05912,2025-08-27,EM01,45+,Cosmetics,45+ | Cosmetics,Other,Desktop
C05913,2025-08-27,OR01,35-44,Fashion,35-44 | Fashion,Metro,Mobile
C05914,2025-08-27,OR01,25-34,Fashion,25-34 | Fashion,Metro,Desktop
C05915,2025-08-28,GG01,35-44,Cosmetics,35-44 | Cosmetics,Other,Mobile
C05916,2025-08-28,GG02,35-44,Fashion,35-44 | Fashion,Metro,Mobile
C05917,2025-08-28,GG02,35-44,Fashion,35-44 | Fashion,Other,Mobile
C05918,2025-08-28,GG02,35-44,Fashion,35-44 | Fashion,Other,Desktop
C05919,2025-08-28,GG02,45+,Cosmetics,45+ | Cosmetics,Other,Desktop
C05920,2025-08-28,GG03,45+,Fashion,45+ | Fashion,Metro,Desktop
C05921,2025-08-28,GG03,25-34,Cosmetics,25-34 | Cosmetics,Metro,Desktop
C05922,2025-08-28,GG03,35-44,Cosmetics,35-44 | Cosmetics,Other,Desktop
C05923,2025-08-28,MT01,35-44,Fashion,35-44 | Fashion,Other,Mobile
C05924,2025-08-28,MT02,45+,Cosmetics,45+ | Cosmetics,Other,Desktop
C05925,2025-08-28,MT02,25-34,Fashion,25-34 | Fashion,Other,Mobile
C05926,2025-08-28,MT03,25-34,Cosmetics,25-34 | Cosmetics,Metro,Mobile
C05927,2025-08-28,TT01,25-34,Fashion,25-34 | Fashion,Metro,Mobile
C05928,2025-08-28,TT01,25-34,Fashion,25-34 | Fashion,Other,Desktop
C05929,2025-08-28,TT01,25-34,Fashion,25-34 | Fashion,Metro,Mobile
C05930,2025-08-28,TT01,18-24,Cosmetics,18-24 | Cosmetics,Other,Mobile
C05931,2025-08-28,TT02,25-34,Fashion,25-34 | Fashion,Metro,Mobile
C05932,2025-08-28,EM01,35-44,Cosmetics,35-44 | Cosmetics,Other,Mobile
C05933,2025-08-28,EM01,45+,Fashion,45+ | Fashion,Metro,Mobile
C05934,2025-08-28,EM02,45+,Fashion,45+ | Fashion,Metro,Mobile
C05935,2025-08-28,OR01,18-24,Cosmetics,18-24 | Cosmetics,Other,Desktop
C05936,2025-08-28,OR02,35-44,Cosmetics,35-44 | Cosmetics,Metro,Mobile
C05937,2025-08-29,GG02,45+,Fashion,45+ | Fashion,Metro,Desktop
C05938,2025-08-29,GG02,25-34,Fashion,25-34 | Fashion,Metro,Mobile
C05939,2025-08-29,GG03,25-34,Cosmetics,25-34 | Cosmetics,Metro,Desktop
C05940,2025-08-29,GG03,35-44,Cosmetics,35-44 | Cosmetics,Metro,Desktop
C05941,2025-08-29,GG03,35-44,Fashion,35-44 | Fashion,Metro,Desktop
C05942,2025-08-29,MT01,35-44,Fashion,35-44 | Fashion,Metro,Mobile
C05943,2025-08-29,MT01,25-34,Cosmetics,25-34 | Cosmetics,Other,Mobile
C05944,2025-08-29,MT01,25-34,Cosmetics,25-34 | Cosmetics,Other,Mobile
C05945,2025-08-29,MT01,18-24,Cosmetics,18-24 | Cosmetics,Metro,Mobile
C05946,2025-08-29,MT01,25-34,Cosmetics,25-34 | Cosmetics,Metro,Mobile
C05947,2025-08-29,MT02,45+,Cosmetics,45+ | Cosmetics,Other,Mobile
C05948,2025-08-29,MT03,35-44,Cosmetics,35-44 | Cosmetics,Metro,Mobile
C05949,2025-08-29,MT03,25-34,Cosmetics,25-34 | Cosmetics,Metro,Desktop
C05950,2025-08-29,TT01,18-24,Cosmetics,18-24 | Cosmetics,Other,Mobile
C05951,2025-08-29,TT01,18-24,Cosmetics,18-24 | Cosmetics,Other,Mobile
C05952,2025-08-29,TT01,25-34,Fashion,25-34 | Fashion,Other,Mobile
C05953,2025-08-29,TT02,18-24,Cosmetics,18-24 | Cosmetics,Other,Mobile
C05954,2025-08-29,TT02,25-34,Cosmetics,25-34 | Cosmetics,Metro,Mobile
C05955,2025-08-29,TT02,35-44,Cosmetics,35-44 | Cosmetics,Metro,Mobile
C05956,2025-08-29,EM01,35-44,Fashion,35-44 | Fashion,Other,Mobile
C05957,2025-08-29,EM01,25-34,Fashion,25-34 | Fashion,Metro,Mobile
C05958,2025-08-29,OR02,18-24,Fashion,18-24 | Fashion,Metro,Mobile
C05959,2025-08-29,OR02,18-24,Fashion,18-24 | Fashion,Other,Desktop
C05960,2025-08-29,OR02,18-24,Fashion,18-24 | Fashion,Metro,Mobile
C05961,2025-08-30,GG01,45+,Fashion,45+ | Fashion,Other,Mobile
C05962,2025-08-30,GG01,25-34,Cosmetics,25-34 | Cosmetics,Other,Desktop
C05963,2025-08-30,GG02,35-44,Cosmetics,35-44 | Cosmetics,Metro,Desktop
C05964,2025-08-30,GG02,25-34,Cosmetics,25-34 | Cosmetics,Other,Desktop
C05965,2025-08-30,GG02,35-44,Fashion,35-44 | Fashion,Metro,Desktop
C05966,2025-08-30,GG02,25-34,Fashion,25-34 | Fashion,Metro,Mobile
C05967,2025-08-30,GG03,25-34,Cosmetics,25-34 | Cosmetics,Metro,Mobile
C05968,2025-08-30,MT01,25-34,Cosmetics,25-34 | Cosmetics,Metro,Mobile
C05969,2025-08-30,MT02,18-24,Fashion,18-24 | Fashion,Other,Mobile
C05970,2025-08-30,MT02,35-44,Fashion,35-44 | Fashion,Metro,Mobile
C05971,2025-08-30,MT03,35-44,Cosmetics,35-44 | Cosmetics,Metro,Mobile
C05972,2025-08-30,TT01,18-24,Cosmetics,18-24 | Cosmetics,Metro,Mobile
C05973,2025-08-30,EM01,45+,Cosmetics,45+ | Cosmetics,Metro,Mobile
C05974,2025-08-30,EM02,35-44,Fashion,35-44 | Fashion,Metro,Desktop
C05975,2025-08-30,EM02,45+,Cosmetics,45+ | Cosmetics,Other,Mobile
C05976,2025-08-30,OR01,35-44,Cosmetics,35-44 | Cosmetics,Other,Desktop
C05977,2025-08-30,OR01,18-24,Cosmetics,18-24 | Cosmetics,Metro,Mobile
C05978,2025-08-30,OR01,18-24,Fashion,18-24 | Fashion,Metro,Mobile
C05979,2025-08-30,OR01,35-44,Cosmetics,35-44 | Cosmetics,Other,Mobile
C05980,2025-08-30,OR02,25-34,Cosmetics,25-34 | Cosmetics,Other,Mobile
C05981,2025-08-30,OR02,35-44,Fashion,35-44 | Fashion,Metro,Desktop
C05982,2025-08-31,GG01,35-44,Fashion,35-44 | Fashion,Other,Desktop
C05983,2025-08-31,GG01,25-34,Fashion,25-34 | Fashion,Metro,Mobile
C05984,2025-08-31,GG02,18-24,Cosmetics,18-24 | Cosmetics,Other,Desktop
C05985,2025-08-31,GG02,45+,Fashion,45+ | Fashion,Other,Desktop
C05986,2025-08-31,GG03,35-44,Cosmetics,35-44 | Cosmetics,Other,Desktop
C05987,2025-08-31,MT01,35-44,Fashion,35-44 | Fashion,Other,Mobile
C05988,2025-08-31,MT01,25-34,Fashion,25-34 | Fashion,Metro,Mobile
C05989,2025-08-31,MT02,45+,Cosmetics,45+ | Cosmetics,Metro,Mobile
C05990,2025-08-31,MT02,35-44,Fashion,35-44 | Fashion,Other,Mobile
C05991,2025-08-31,MT02,25-34,Fashion,25-34 | Fashion,Metro,Mobile
C05992,2025-08-31,MT02,25-34,Cosmetics,25-34 | Cosmetics,Metro,Mobile
C05993,2025-08-31,TT01,18-24,Fashion,18-24 | Fashion,Metro,Mobile
C05994,2025-08-31,TT02,18-24,Cosmetics,18-24 | Cosmetics,Metro,Mobile
C05995,2025-08-31,TT02,18-24,Cosmetics,18-24 | Cosmetics,Metro,Mobile
C05996,2025-08-31,TT02,18-24,Fashion,18-24 | Fashion,Metro,Mobile
C05997,2025-08-31,EM01,35-44,Cosmetics,35-44 | Cosmetics,Metro,Mobile
C05998,2025-08-31,EM01,45+,Fashion,45+ | Fashion,Metro,Desktop
C05999,2025-08-31,OR01,45+,Fashion,45+ | Fashion,Other,Mobile
C06000,2025-08-31,OR01,25-34,Fashion,25-34 | Fashion,Metro,Mobile
C06001,2025-08-31,OR01,25-34,Cosmetics,25-34 | Cosmetics,Metro,Desktop
C06002,2025-09-01,GG01,35-44,Cosmetics,35-44 | Cosmetics,Metro,Mobile
C06003,2025-09-01,GG01,35-44,Cosmetics,35-44 | Cosmetics,Metro,Desktop
C06004,2025-09-01,GG02,45+,Cosmetics,45+ | Cosmetics,Metro,Desktop
C06005,2025-09-01,GG02,25-34,Fashion,25-34 | Fashion,Other,Desktop
C06006,2025-09-01,GG02,45+,Fashion,45+ | Fashion,Metro,Desktop
C06007,2025-09-01,GG02,25-34,Fashion,25-34 | Fashion,Metro,Mobile
C06008,2025-09-01,GG03,45+,Fashion,45+ | Fashion,Metro,Desktop
C06009,2025-09-01,GG03,45+,Fashion,45+ | Fashion,Metro,Mobile
C06010,2025-09-01,GG03,25-34,Cosmetics,25-34 | Cosmetics,Metro,Mobile
C06011,2025-09-01,MT01,18-24,Fashion,18-24 | Fashion,Other,Mobile
C06012,2025-09-01,MT01,18-24,Cosmetics,18-24 | Cosmetics,Metro,Mobile
C06013,2025-09-01,MT01,18-24,Fashion,18-24 | Fashion,Other,Mobile
C06014,2025-09-01,MT01,45+,Fashion,45+ | Fashion,Other,Desktop
C06015,2025-09-01,MT01,35-44,Fashion,35-44 | Fashion,Metro,Mobile
C06016,2025-09-01,MT02,25-34,Fashion,25-34 | Fashion,Metro,Mobile
C06017,2025-09-01,TT01,45+,Cosmetics,45+ | Cosmetics,Other,Mobile
C06018,2025-09-01,TT01,18-24,Cosmetics,18-24 | Cosmetics,Metro,Mobile
C06019,2025-09-01,TT02,18-24,Cosmetics,18-24 | Cosmetics,Metro,Mobile
C06020,2025-09-01,TT02,18-24,Fashion,18-24 | Fashion,Metro,Mobile
C06021,2025-09-01,TT02,18-24,Cosmetics,18-24 | Cosmetics,Other,Mobile
C06022,2025-09-01,EM01,45+,Fashion,45+ | Fashion,Metro,Mobile
C06023,2025-09-01,EM02,18-24,Fashion,18-24 | Fashion,Metro,Desktop
C06024,2025-09-01,OR01,35-44,Cosmetics,35-44 | Cosmetics,Other,Desktop
C06025,2025-09-01,OR01,45+,Fashion,45+ | Fashion,Metro,Mobile
C06026,2025-09-01,OR01,25-34,Cosmetics,25-34 | Cosmetics,Other,Desktop
C06027,2025-09-02,GG01,35-44,Fashion,35-44 | Fashion,Metro,Mobile
C06028,2025-09-02,GG01,35-44,Fashion,35-44 | Fashion,Metro,Mobile
C06029,2025-09-02,GG01,25-34,Cosmetics,25-34 | Cosmetics,Other,Mobile
C06030,2025-09-02,GG01,35-44,Cosmetics,35-44 | Cosmetics,Metro,Mobile
C06031,2025-09-02,GG02,35-44,Cosmetics,35-44 | Cosmetics,Metro,Mobile
C06032,2025-09-02,GG02,45+,Fashion,45+ | Fashion,Metro,Desktop
C06033,2025-09-02,GG03,25-34,Fashion,25-34 | Fashion,Metro,Mobile
C06034,2025-09-02,GG03,45+,Fashion,45+ | Fashion,Metro,Desktop
C06035,2025-09-02,MT01,35-44,Cosmetics,35-44 | Cosmetics,Metro,Mobile
C06036,2025-09-02,MT01,35-44,Cosmetics,35-44 | Cosmetics,Other,Mobile
C06037,2025-09-02,MT02,45+,Cosmetics,45+ | Cosmetics,Metro,Desktop
C06038,2025-09-02,TT01,18-24,Fashion,18-24 | Fashion,Other,Mobile
C06039,2025-09-02,TT01,18-24,Cosmetics,18-24 | Cosmetics,Other,Mobile
C06040,2025-09-02,TT02,18-24,Cosmetics,18-24 | Cosmetics,Other,Mobile
C06041,2025-09-02,TT02,18-24,Cosmetics,18-24 | Cosmetics,Other,Mobile
C06042,2025-09-02,TT02,35-44,Cosmetics,35-44 | Cosmetics,Other,Mobile
C06043,2025-09-02,TT02,18-24,Fashion,18-24 | Fashion,Metro,Mobile
C06044,2025-09-02,EM02,25-34,Fashion,25-34 | Fashion,Other,Mobile
C06045,2025-09-02,EM02,35-44,Fashion,35-44 | Fashion,Other,Mobile
C06046,2025-09-02,OR01,45+,Fashion,45+ | Fashion,Metro,Mobile
C06047,2025-09-02,OR01,45+,Fashion,45+ | Fashion,Other,Mobile
C06048,2025-09-02,OR01,18-24,Cosmetics,18-24 | Cosmetics,Other,Mobile
C06049,2025-09-02,OR01,25-34,Cosmetics,25-34 | Cosmetics,Metro,Mobile
C06050,2025-09-02,OR02,25-34,Fashion,25-34 | Fashion,Metro,Mobile
C06051,2025-09-02,OR02,25-34,Fashion,25-34 | Fashion,Metro,Mobile
C06052,2025-09-02,OR02,25-34,Fashion,25-34 | Fashion,Metro,Desktop
C06053,2025-09-03,GG01,35-44,Fashion,35-44 | Fashion,Metro,Mobile
C06054,2025-09-03,GG01,35-44,Cosmetics,35-44 | Cosmetics,Metro,Desktop
C06055,2025-09-03,GG01,18-24,Fashion,18-24 | Fashion,Metro,Mobile
C06056,2025-09-03,GG01,25-34,Fashion,25-34 | Fashion,Metro,Desktop
C06057,2025-09-03,GG02,25-34,Fashion,25-34 | Fashion,Other,Mobile
C06058,2025-09-03,GG02,35-44,Fashion,35-44 | Fashion,Metro,Mobile
C06059,2025-09-03,GG02,35-44,Cosmetics,35-44 | Cosmetics,Other,Desktop
C06060,2025-09-03,GG03,18-24,Fashion,18-24 | Fashion,Metro,Desktop
C06061,2025-09-03,MT01,18-24,Fashion,18-24 | Fashion,Metro,Desktop
C06062,2025-09-03,MT01,35-44,Fashion,35-44 | Fashion,Metro,Mobile
C06063,2025-09-03,MT01,35-44,Cosmetics,35-44 | Cosmetics,Other,Mobile
C06064,2025-09-03,MT02,25-34,Cosmetics,25-34 | Cosmetics,Metro,Mobile
C06065,2025-09-03,MT02,25-34,Fashion,25-34 | Fashion,Other,Mobile
C06066,2025-09-03,MT02,25-34,Fashion,25-34 | Fashion,Other,Desktop
C06067,2025-09-03,MT02,25-34,Fashion,25-34 | Fashion,Metro,Mobile
C06068,2025-09-03,TT01,18-24,Cosmetics,18-24 | Cosmetics,Metro,Mobile
C06069,2025-09-03,TT01,18-24,Cosmetics,18-24 | Cosmetics,Metro,Mobile
C06070,2025-09-03,TT01,18-24,Fashion,18-24 | Fashion,Other,Mobile
C06071,2025-09-03,TT01,35-44,Cosmetics,35-44 | Cosmetics,Metro,Mobile
C06072,2025-09-03,TT02,18-24,Cosmetics,18-24 | Cosmetics,Other,Mobile
C06073,2025-09-03,OR01,35-44,Fashion,35-44 | Fashion,Metro,Mobile
C06074,2025-09-03,OR01,18-24,Cosmetics,18-24 | Cosmetics,Other,Mobile
C06075,2025-09-03,OR01,25-34,Fashion,25-34 | Fashion,Metro,Mobile
C06076,2025-09-04,GG01,25-34,Cosmetics,25-34 | Cosmetics,Other,Mobile
C06077,2025-09-04,GG01,18-24,Cosmetics,18-24 | Cosmetics,Metro,Desktop
C06078,2025-09-04,GG01,25-34,Fashion,25-34 | Fashion,Other,Mobile
C06079,2025-09-04,GG02,25-34,Fashion,25-34 | Fashion,Metro,Mobile
C06080,2025-09-04,GG02,25-34,Cosmetics,25-34 | Cosmetics,Other,Desktop
C06081,2025-09-04,GG03,18-24,Fashion,18-24 | Fashion,Metro,Mobile
C06082,2025-09-04,GG03,25-34,Fashion,25-34 | Fashion,Metro,Desktop
C06083,2025-09-04,GG03,45+,Cosmetics,45+ | Cosmetics,Metro,Mobile
C06084,2025-09-04,GG03,25-34,Fashion,25-34 | Fashion,Other,Mobile
C06085,2025-09-04,MT01,18-24,Fashion,18-24 | Fashion,Other,Mobile
C06086,2025-09-04,MT01,25-34,Cosmetics,25-34 | Cosmetics,Other,Mobile
C06087,2025-09-04,MT03,35-44,Cosmetics,35-44 | Cosmetics,Metro,Mobile
C06088,2025-09-04,TT01,18-24,Fashion,18-24 | Fashion,Metro,Mobile
C06089,2025-09-04,TT01,18-24,Fashion,18-24 | Fashion,Metro,Mobile
C06090,2025-09-04,EM01,18-24,Cosmetics,18-24 | Cosmetics,Metro,Mobile
C06091,2025-09-04,OR01,45+,Fashion,45+ | Fashion,Metro,Mobile
C06092,2025-09-04,OR01,35-44,Cosmetics,35-44 | Cosmetics,Metro,Desktop
C06093,2025-09-05,GG01,25-34,Fashion,25-34 | Fashion,Other,Mobile
C06094,2025-09-05,GG02,25-34,Cosmetics,25-34 | Cosmetics,Other,Mobile
C06095,2025-09-05,GG02,35-44,Fashion,35-44 | Fashion,Metro,Mobile
C06096,2025-09-05,GG02,25-34,Cosmetics,25-34 | Cosmetics,Other,Mobile
C06097,2025-09-05,GG02,25-34,Cosmetics,25-34 | Cosmetics,Other,Desktop
C06098,2025-09-05,GG02,35-44,Fashion,35-44 | Fashion,Other,Desktop
C06099,2025-09-05,GG03,25-34,Cosmetics,25-34 | Cosmetics,Metro,Mobile
C06100,2025-09-05,GG03,35-44,Fashion,35-44 | Fashion,Other,Desktop
C06101,2025-09-05,MT01,35-44,Fashion,35-44 | Fashion,Other,Mobile
C06102,2025-09-05,MT01,35-44,Cosmetics,35-44 | Cosmetics,Other,Mobile
C06103,2025-09-05,MT02,25-34,Fashion,25-34 | Fashion,Metro,Mobile
C06104,2025-09-05,MT02,25-34,Fashion,25-34 | Fashion,Metro,Mobile
C06105,2025-09-05,MT02,25-34,Cosmetics,25-34 | Cosmetics,Other,Mobile
C06106,2025-09-05,TT01,25-34,Cosmetics,25-34 | Cosmetics,Metro,Mobile
C06107,2025-09-05,TT01,18-24,Cosmetics,18-24 | Cosmetics,Metro,Mobile
C06108,2025-09-05,TT01,18-24,Cosmetics,18-24 | Cosmetics,Other,Mobile
C06109,2025-09-05,EM01,45+,Cosmetics,45+ | Cosmetics,Metro,Mobile
C06110,2025-09-05,OR02,25-34,Cosmetics,25-34 | Cosmetics,Metro,Mobile
C06111,2025-09-05,OR02,25-34,Cosmetics,25-34 | Cosmetics,Metro,Mobile
C06112,2025-09-06,GG02,25-34,Fashion,25-34 | Fashion,Metro,Mobile
C06113,2025-09-06,GG02,25-34,Fashion,25-34 | Fashion,Other,Mobile
C06114,2025-09-06,GG02,35-44,Fashion,35-44 | Fashion,Metro,Mobile
C06115,2025-09-06,GG03,25-34,Fashion,25-34 | Fashion,Other,Mobile
C06116,2025-09-06,GG03,25-34,Fashion,25-34 | Fashion,Other,Mobile
C06117,2025-09-06,MT01,18-24,Fashion,18-24 | Fashion,Other,Mobile
C06118,2025-09-06,MT02,25-34,Fashion,25-34 | Fashion,Metro,Mobile
C06119,2025-09-06,MT02,25-34,Cosmetics,25-34 | Cosmetics,Metro,Mobile
C06120,2025-09-06,TT01,18-24,Cosmetics,18-24 | Cosmetics,Other,Mobile
C06121,2025-09-06,TT01,25-34,Cosmetics,25-34 | Cosmetics,Metro,Mobile
C06122,2025-09-06,TT01,18-24,Fashion,18-24 | Fashion,Other,Mobile
C06123,2025-09-06,TT01,25-34,Cosmetics,25-34 | Cosmetics,Metro,Mobile
C06124,2025-09-06,TT01,25-34,Cosmetics,25-34 | Cosmetics,Other,Mobile
C06125,2025-09-06,TT01,25-34,Cosmetics,25-34 | Cosmetics,Metro,Mobile
C06126,2025-09-06,TT01,18-24,Cosmetics,18-24 | Cosmetics,Other,Mobile
C06127,2025-09-06,TT01,25-34,Fashion,25-34 | Fashion,Other,Mobile
C06128,2025-09-06,TT01,18-24,Cosmetics,18-24 | Cosmetics,Other,Mobile
C06129,2025-09-06,TT01,18-24,Cosmetics,18-24 | Cosmetics,Other,Mobile
C06130,2025-09-06,TT01,18-24,Cosmetics,18-24 | Cosmetics,Other,Mobile
C06131,2025-09-06,TT02,18-24,Cosmetics,18-24 | Cosmetics,Other,Mobile
C06132,2025-09-06,TT02,45+,Fashion,45+ | Fashion,Metro,Mobile
C06133,2025-09-06,EM01,25-34,Cosmetics,25-34 | Cosmetics,Other,Desktop
C06134,2025-09-06,EM01,45+,Cosmetics,45+ | Cosmetics,Metro,Desktop
C06135,2025-09-06,EM01,35-44,Fashion,35-44 | Fashion,Other,Desktop
C06136,2025-09-06,EM02,25-34,Cosmetics,25-34 | Cosmetics,Metro,Mobile
C06137,2025-09-06,EM02,25-34,Fashion,25-34 | Fashion,Metro,Desktop
C06138,2025-09-06,EM02,35-44,Cosmetics,35-44 | Cosmetics,Other,Mobile
C06139,2025-09-06,OR01,35-44,Cosmetics,35-44 | Cosmetics,Metro,Mobile
C06140,2025-09-06,OR01,35-44,Cosmetics,35-44 | Cosmetics,Other,Mobile
C06141,2025-09-06,OR01,35-44,Fashion,35-44 | Fashion,Metro,Desktop
C06142,2025-09-06,OR01,35-44,Cosmetics,35-44 | Cosmetics,Metro,Desktop
C06143,2025-09-06,OR01,45+,Cosmetics,45+ | Cosmetics,Other,Desktop
C06144,2025-09-06,OR01,35-44,Fashion,35-44 | Fashion,Other,Mobile
C06145,2025-09-06,OR01,25-34,Fashion,25-34 | Fashion,Metro,Mobile
C06146,2025-09-07,GG01,35-44,Fashion,35-44 | Fashion,Other,Mobile
C06147,2025-09-07,GG02,45+,Fashion,45+ | Fashion,Other,Desktop
C06148,2025-09-07,GG03,25-34,Cosmetics,25-34 | Cosmetics,Metro,Mobile
C06149,2025-09-07,GG03,25-34,Cosmetics,25-34 | Cosmetics,Other,Desktop
C06150,2025-09-07,GG03,45+,Fashion,45+ | Fashion,Other,Desktop
C06151,2025-09-07,GG03,25-34,Cosmetics,25-34 | Cosmetics,Other,Desktop
C06152,2025-09-07,MT01,35-44,Cosmetics,35-44 | Cosmetics,Metro,Mobile
C06153,2025-09-07,MT01,45+,Fashion,45+ | Fashion,Other,Mobile
C06154,2025-09-07,MT01,45+,Fashion,45+ | Fashion,Other,Mobile
C06155,2025-09-07,MT02,25-34,Cosmetics,25-34 | Cosmetics,Other,Mobile
C06156,2025-09-07,MT02,25-34,Fashion,25-34 | Fashion,Metro,Mobile
C06157,2025-09-07,MT02,35-44,Cosmetics,35-44 | Cosmetics,Other,Mobile
C06158,2025-09-07,MT03,18-24,Fashion,18-24 | Fashion,Metro,Mobile
C06159,2025-09-07,TT01,18-24,Cosmetics,18-24 | Cosmetics,Metro,Mobile
C06160,2025-09-07,EM01,35-44,Cosmetics,35-44 | Cosmetics,Other,Mobile
C06161,2025-09-07,EM01,45+,Fashion,45+ | Fashion,Metro,Mobile
C06162,2025-09-07,EM02,25-34,Cosmetics,25-34 | Cosmetics,Metro,Mobile
C06163,2025-09-07,OR01,35-44,Fashion,35-44 | Fashion,Metro,Desktop
C06164,2025-09-07,OR01,35-44,Fashion,35-44 | Fashion,Metro,Desktop
C06165,2025-09-07,OR01,25-34,Fashion,25-34 | Fashion,Other,Mobile
C06166,2025-09-07,OR01,25-34,Cosmetics,25-34 | Cosmetics,Metro,Desktop
C06167,2025-09-08,GG01,25-34,Cosmetics,25-34 | Cosmetics,Other,Mobile
C06168,2025-09-08,GG01,45+,Fashion,45+ | Fashion,Metro,Mobile
C06169,2025-09-08,GG02,18-24,Cosmetics,18-24 | Cosmetics,Other,Desktop
C06170,2025-09-08,GG02,45+,Cosmetics,45+ | Cosmetics,Metro,Desktop
C06171,2025-09-08,GG02,35-44,Fashion,35-44 | Fashion,Other,Mobile
C06172,2025-09-08,GG02,25-34,Fashion,25-34 | Fashion,Other,Desktop
C06173,2025-09-08,GG03,45+,Fashion,45+ | Fashion,Other,Desktop
C06174,2025-09-08,GG03,25-34,Fashion,25-34 | Fashion,Metro,Mobile
C06175,2025-09-08,MT01,18-24,Cosmetics,18-24 | Cosmetics,Other,Mobile
C06176,2025-09-08,MT01,18-24,Cosmetics,18-24 | Cosmetics,Other,Mobile
C06177,2025-09-08,MT02,25-34,Fashion,25-34 | Fashion,Other,Desktop
C06178,2025-09-08,MT02,25-34,Fashion,25-34 | Fashion,Metro,Mobile
C06179,2025-09-08,MT03,45+,Fashion,45+ | Fashion,Metro,Mobile
C06180,2025-09-08,TT01,35-44,Cosmetics,35-44 | Cosmetics,Other,Mobile
C06181,2025-09-08,TT01,18-24,Cosmetics,18-24 | Cosmetics,Other,Mobile
C06182,2025-09-08,OR01,25-34,Fashion,25-34 | Fashion,Metro,Mobile
C06183,2025-09-08,OR01,25-34,Cosmetics,25-34 | Cosmetics,Other,Desktop
C06184,2025-09-08,OR01,18-24,Fashion,18-24 | Fashion,Metro,Mobile
C06185,2025-09-08,OR01,25-34,Cosmetics,25-34 | Cosmetics,Other,Mobile
C06186,2025-09-08,OR01,18-24,Cosmetics,18-24 | Cosmetics,Other,Mobile
C06187,2025-09-09,GG01,35-44,Fashion,35-44 | Fashion,Metro,Desktop
C06188,2025-09-09,GG01,45+,Cosmetics,45+ | Cosmetics,Metro,Mobile
C06189,2025-09-09,GG01,35-44,Fashion,35-44 | Fashion,Other,Mobile
C06190,2025-09-09,GG01,35-44,Fashion,35-44 | Fashion,Other,Mobile
C06191,2025-09-09,GG02,45+,Fashion,45+ | Fashion,Other,Mobile
C06192,2025-09-09,GG03,18-24,Cosmetics,18-24 | Cosmetics,Other,Mobile
C06193,2025-09-09,GG03,18-24,Fashion,18-24 | Fashion,Other,Desktop
C06194,2025-09-09,GG03,35-44,Cosmetics,35-44 | Cosmetics,Metro,Mobile
C06195,2025-09-09,GG03,25-34,Fashion,25-34 | Fashion,Metro,Mobile
C06196,2025-09-09,GG03,25-34,Cosmetics,25-34 | Cosmetics,Other,Mobile
C06197,2025-09-09,MT01,35-44,Cosmetics,35-44 | Cosmetics,Metro,Mobile
C06198,2025-09-09,MT01,25-34,Cosmetics,25-34 | Cosmetics,Other,Mobile
C06199,2025-09-09,MT02,25-34,Cosmetics,25-34 | Cosmetics,Metro,Desktop
C06200,2025-09-09,MT02,18-24,Fashion,18-24 | Fashion,Metro,Mobile
C06201,2025-09-09,MT02,35-44,Fashion,35-44 | Fashion,Other,Mobile
C06202,2025-09-09,TT01,18-24,Cosmetics,18-24 | Cosmetics,Other,Mobile
C06203,2025-09-09,TT01,18-24,Fashion,18-24 | Fashion,Other,Mobile
C06204,2025-09-09,EM01,35-44,Fashion,35-44 | Fashion,Other,Desktop
C06205,2025-09-09,OR01,18-24,Fashion,18-24 | Fashion,Metro,Mobile
C06206,2025-09-09,OR01,35-44,Fashion,35-44 | Fashion,Other,Mobile
C06207,2025-09-09,OR01,35-44,Cosmetics,35-44 | Cosmetics,Metro,Mobile
C06208,2025-09-10,GG01,35-44,Fashion,35-44 | Fashion,Metro,Desktop
C06209,2025-09-10,GG01,45+,Cosmetics,45+ | Cosmetics,Metro,Desktop
C06210,2025-09-10,GG02,35-44,Fashion,35-44 | Fashion,Metro,Mobile
C06211,2025-09-10,GG02,35-44,Fashion,35-44 | Fashion,Metro,Mobile
C06212,2025-09-10,GG02,35-44,Cosmetics,35-44 | Cosmetics,Metro,Mobile
C06213,2025-09-10,GG02,35-44,Cosmetics,35-44 | Cosmetics,Metro,Mobile
C06214,2025-09-10,GG02,45+,Fashion,45+ | Fashion,Other,Desktop
C06215,2025-09-10,GG02,35-44,Cosmetics,35-44 | Cosmetics,Metro,Mobile
C06216,2025-09-10,GG03,45+,Fashion,45+ | Fashion,Metro,Desktop
C06217,2025-09-10,MT01,18-24,Cosmetics,18-24 | Cosmetics,Metro,Mobile
C06218,2025-09-10,MT02,35-44,Cosmetics,35-44 | Cosmetics,Other,Mobile
C06219,2025-09-10,MT02,25-34,Cosmetics,25-34 | Cosmetics,Other,Mobile
C06220,2025-09-10,MT02,25-34,Cosmetics,25-34 | Cosmetics,Other,Mobile
C06221,2025-09-10,MT03,18-24,Fashion,18-24 | Fashion,Other,Mobile
C06222,2025-09-10,TT01,18-24,Cosmetics,18-24 | Cosmetics,Other,Mobile
C06223,2025-09-10,TT01,25-34,Cosmetics,25-34 | Cosmetics,Metro,Mobile
C06224,2025-09-10,TT01,18-24,Cosmetics,18-24 | Cosmetics,Metro,Mobile
C06225,2025-09-10,TT01,25-34,Cosmetics,25-34 | Cosmetics,Other,Mobile
C06226,2025-09-10,TT02,18-24,Cosmetics,18-24 | Cosmetics,Other,Mobile
C06227,2025-09-10,TT02,18-24,Fashion,18-24 | Fashion,Metro,Mobile
C06228,2025-09-10,TT02,18-24,Cosmetics,18-24 | Cosmetics,Metro,Mobile
C06229,2025-09-10,EM01,25-34,Fashion,25-34 | Fashion,Metro,Mobile
C06230,2025-09-10,EM02,25-34,Cosmetics,25-34 | Cosmetics,Metro,Mobile
C06231,2025-09-10,OR01,35-44,Fashion,35-44 | Fashion,Other,Mobile
C06232,2025-09-10,OR01,35-44,Fashion,35-44 | Fashion,Metro,Mobile
C06233,2025-09-10,OR01,25-34,Fashion,25-34 | Fashion,Metro,Mobile
C06234,2025-09-10,OR01,35-44,Fashion,35-44 | Fashion,Metro,Mobile
C06235,2025-09-10,OR02,25-34,Cosmetics,25-34 | Cosmetics,Other,Desktop
C06236,2025-09-11,GG01,35-44,Fashion,35-44 | Fashion,Other,Desktop
C06237,2025-09-11,GG01,35-44,Fashion,35-44 | Fashion,Other,Desktop
C06238,2025-09-11,GG02,45+,Fashion,45+ | Fashion,Other,Desktop
C06239,2025-09-11,GG02,35-44,Cosmetics,35-44 | Cosmetics,Other,Desktop
C06240,2025-09-11,GG03,25-34,Fashion,25-34 | Fashion,Other,Mobile
C06241,2025-09-11,MT01,35-44,Cosmetics,35-44 | Cosmetics,Metro,Mobile
C06242,2025-09-11,MT01,18-24,Fashion,18-24 | Fashion,Metro,Mobile
C06243,2025-09-11,MT02,25-34,Cosmetics,25-34 | Cosmetics,Other,Mobile
C06244,2025-09-11,MT03,25-34,Fashion,25-34 | Fashion,Metro,Mobile
C06245,2025-09-11,MT03,35-44,Cosmetics,35-44 | Cosmetics,Other,Mobile
C06246,2025-09-11,TT01,18-24,Fashion,18-24 | Fashion,Other,Mobile
C06247,2025-09-11,TT01,35-44,Fashion,35-44 | Fashion,Other,Mobile
C06248,2025-09-11,TT01,25-34,Fashion,25-34 | Fashion,Other,Desktop
C06249,2025-09-11,TT01,18-24,Cosmetics,18-24 | Cosmetics,Metro,Mobile
C06250,2025-09-11,TT02,18-24,Fashion,18-24 | Fashion,Metro,Mobile
C06251,2025-09-11,TT02,45+,Fashion,45+ | Fashion,Metro,Mobile
C06252,2025-09-11,TT02,18-24,Cosmetics,18-24 | Cosmetics,Metro,Mobile
C06253,2025-09-11,TT02,18-24,Cosmetics,18-24 | Cosmetics,Other,Mobile
C06254,2025-09-11,TT02,18-24,Cosmetics,18-24 | Cosmetics,Metro,Mobile
C06255,2025-09-11,EM02,25-34,Fashion,25-34 | Fashion,Metro,Mobile
C06256,2025-09-11,OR01,35-44,Cosmetics,35-44 | Cosmetics,Metro,Mobile
C06257,2025-09-12,GG02,45+,Fashion,45+ | Fashion,Other,Desktop
C06258,2025-09-12,GG03,45+,Fashion,45+ | Fashion,Metro,Mobile
C06259,2025-09-12,GG03,25-34,Cosmetics,25-34 | Cosmetics,Other,Desktop
C06260,2025-09-12,GG03,25-34,Fashion,25-34 | Fashion,Metro,Mobile
C06261,2025-09-12,GG03,35-44,Fashion,35-44 | Fashion,Other,Mobile
C06262,2025-09-12,MT01,25-34,Cosmetics,25-34 | Cosmetics,Other,Mobile
C06263,2025-09-12,MT01,45+,Fashion,45+ | Fashion,Metro,Mobile
C06264,2025-09-12,MT02,35-44,Cosmetics,35-44 | Cosmetics,Metro,Mobile
C06265,2025-09-12,MT02,18-24,Cosmetics,18-24 | Cosmetics,Metro,Desktop
C06266,2025-09-12,TT01,25-34,Cosmetics,25-34 | Cosmetics,Other,Mobile
C06267,2025-09-12,TT01,18-24,Cosmetics,18-24 | Cosmetics,Other,Mobile
C06268,2025-09-12,TT01,18-24,Cosmetics,18-24 | Cosmetics,Other,Mobile
C06269,2025-09-12,TT01,18-24,Cosmetics,18-24 | Cosmetics,Metro,Mobile
C06270,2025-09-12,TT01,18-24,Cosmetics,18-24 | Cosmetics,Other,Mobile
C06271,2025-09-12,TT01,45+,Cosmetics,45+ | Cosmetics,Metro,Mobile
C06272,2025-09-12,TT01,25-34,Fashion,25-34 | Fashion,Other,Mobile
C06273,2025-09-12,TT02,18-24,Fashion,18-24 | Fashion,Metro,Mobile
C06274,2025-09-12,TT02,18-24,Cosmetics,18-24 | Cosmetics,Metro,Mobile
C06275,2025-09-12,TT02,18-24,Fashion,18-24 | Fashion,Other,Mobile
C06276,2025-09-12,EM01,35-44,Cosmetics,35-44 | Cosmetics,Other,Desktop
C06277,2025-09-12,OR01,35-44,Cosmetics,35-44 | Cosmetics,Metro,Mobile
C06278,2025-09-12,OR01,35-44,Cosmetics,35-44 | Cosmetics,Metro,Mobile
C06279,2025-09-12,OR02,25-34,Cosmetics,25-34 | Cosmetics,Other,Mobile
C06280,2025-09-12,OR02,35-44,Fashion,35-44 | Fashion,Other,Mobile
C06281,2025-09-12,OR02,25-34,Cosmetics,25-34 | Cosmetics,Metro,Desktop
C06282,2025-09-13,GG01,35-44,Fashion,35-44 | Fashion,Metro,Desktop
C06283,2025-09-13,GG01,35-44,Cosmetics,35-44 | Cosmetics,Other,Desktop
C06284,2025-09-13,GG02,45+,Fashion,45+ | Fashion,Metro,Mobile
C06285,2025-09-13,GG02,25-34,Fashion,25-34 | Fashion,Other,Desktop
C06286,2025-09-13,GG02,25-34,Fashion,25-34 | Fashion,Other,Mobile
C06287,2025-09-13,GG03,25-34,Fashion,25-34 | Fashion,Metro,Desktop
C06288,2025-09-13,GG03,25-34,Fashion,25-34 | Fashion,Other,Desktop
C06289,2025-09-13,MT01,25-34,Fashion,25-34 | Fashion,Other,Mobile
C06290,2025-09-13,MT01,45+,Cosmetics,45+ | Cosmetics,Other,Mobile
C06291,2025-09-13,MT01,25-34,Fashion,25-34 | Fashion,Other,Desktop
C06292,2025-09-13,MT02,45+,Fashion,45+ | Fashion,Other,Mobile
C06293,2025-09-13,MT02,18-24,Cosmetics,18-24 | Cosmetics,Other,Mobile
C06294,2025-09-13,MT03,18-24,Fashion,18-24 | Fashion,Other,Mobile
C06295,2025-09-13,TT01,18-24,Cosmetics,18-24 | Cosmetics,Other,Mobile
C06296,2025-09-13,TT02,25-34,Fashion,25-34 | Fashion,Other,Mobile
C06297,2025-09-13,TT02,18-24,Cosmetics,18-24 | Cosmetics,Metro,Mobile
C06298,2025-09-13,EM01,35-44,Fashion,35-44 | Fashion,Metro,Mobile
C06299,2025-09-13,OR01,25-34,Cosmetics,25-34 | Cosmetics,Metro,Desktop
C06300,2025-09-13,OR01,35-44,Fashion,35-44 | Fashion,Metro,Desktop
C06301,2025-09-13,OR02,25-34,Fashion,25-34 | Fashion,Metro,Mobile
C06302,2025-09-14,GG01,18-24,Cosmetics,18-24 | Cosmetics,Other,Mobile
C06303,2025-09-14,GG01,35-44,Fashion,35-44 | Fashion,Other,Desktop
C06304,2025-09-14,GG01,35-44,Fashion,35-44 | Fashion,Metro,Desktop
C06305,2025-09-14,GG01,45+,Cosmetics,45+ | Cosmetics,Metro,Mobile
C06306,2025-09-14,GG02,35-44,Fashion,35-44 | Fashion,Other,Mobile
C06307,2025-09-14,GG02,25-34,Fashion,25-34 | Fashion,Metro,Mobile
C06308,2025-09-14,GG02,35-44,Cosmetics,35-44 | Cosmetics,Other,Desktop
C06309,2025-09-14,GG03,18-24,Fashion,18-24 | Fashion,Metro,Mobile
C06310,2025-09-14,GG03,18-24,Cosmetics,18-24 | Cosmetics,Metro,Mobile
C06311,2025-09-14,GG03,35-44,Fashion,35-44 | Fashion,Metro,Mobile
C06312,2025-09-14,GG03,25-34,Fashion,25-34 | Fashion,Metro,Mobile
C06313,2025-09-14,GG03,45+,Fashion,45+ | Fashion,Other,Desktop
C06314,2025-09-14,MT01,25-34,Fashion,25-34 | Fashion,Other,Mobile
C06315,2025-09-14,MT01,18-24,Fashion,18-24 | Fashion,Metro,Mobile
C06316,2025-09-14,MT01,25-34,Cosmetics,25-34 | Cosmetics,Metro,Mobile
C06317,2025-09-14,MT01,25-34,Cosmetics,25-34 | Cosmetics,Other,Desktop
C06318,2025-09-14,MT02,45+,Cosmetics,45+ | Cosmetics,Metro,Mobile
C06319,2025-09-14,MT02,18-24,Fashion,18-24 | Fashion,Metro,Mobile
C06320,2025-09-14,MT02,25-34,Fashion,25-34 | Fashion,Metro,Mobile
C06321,2025-09-14,MT02,25-34,Fashion,25-34 | Fashion,Metro,Mobile
C06322,2025-09-14,MT03,25-34,Fashion,25-34 | Fashion,Other,Mobile
C06323,2025-09-14,MT03,45+,Cosmetics,45+ | Cosmetics,Metro,Mobile
C06324,2025-09-14,TT01,35-44,Fashion,35-44 | Fashion,Other,Mobile
C06325,2025-09-14,TT02,18-24,Cosmetics,18-24 | Cosmetics,Other,Mobile
C06326,2025-09-14,TT02,25-34,Cosmetics,25-34 | Cosmetics,Other,Mobile
C06327,2025-09-14,EM01,25-34,Fashion,25-34 | Fashion,Other,Mobile
C06328,2025-09-14,EM01,25-34,Cosmetics,25-34 | Cosmetics,Other,Desktop
C06329,2025-09-14,OR01,35-44,Cosmetics,35-44 | Cosmetics,Metro,Mobile
C06330,2025-09-15,GG02,45+,Cosmetics,45+ | Cosmetics,Metro,Desktop
C06331,2025-09-15,GG02,45+,Fashion,45+ | Fashion,Other,Desktop
C06332,2025-09-15,GG02,25-34,Fashion,25-34 | Fashion,Metro,Desktop
C06333,2025-09-15,GG03,25-34,Fashion,25-34 | Fashion,Metro,Desktop
C06334,2025-09-15,GG03,25-34,Fashion,25-34 | Fashion,Metro,Mobile
C06335,2025-09-15,GG03,25-34,Fashion,25-34 | Fashion,Other,Desktop
C06336,2025-09-15,MT02,25-34,Fashion,25-34 | Fashion,Other,Mobile
C06337,2025-09-15,MT02,45+,Fashion,45+ | Fashion,Other,Mobile
C06338,2025-09-15,MT02,25-34,Fashion,25-34 | Fashion,Other,Mobile
C06339,2025-09-15,MT03,45+,Cosmetics,45+ | Cosmetics,Metro,Mobile
C06340,2025-09-15,TT01,18-24,Fashion,18-24 | Fashion,Metro,Mobile
C06341,2025-09-15,TT02,25-34,Cosmetics,25-34 | Cosmetics,Other,Mobile
C06342,2025-09-15,TT02,18-24,Cosmetics,18-24 | Cosmetics,Other,Mobile
C06343,2025-09-15,EM01,35-44,Fashion,35-44 | Fashion,Metro,Desktop
C06344,2025-09-15,OR01,18-24,Fashion,18-24 | Fashion,Other,Mobile
C06345,2025-09-15,OR01,25-34,Fashion,25-34 | Fashion,Other,Desktop
C06346,2025-09-15,OR01,25-34,Fashion,25-34 | Fashion,Other,Mobile
C06347,2025-09-15,OR01,25-34,Fashion,25-34 | Fashion,Other,Mobile
C06348,2025-09-15,OR02,25-34,Fashion,25-34 | Fashion,Metro,Desktop
C06349,2025-09-15,OR02,45+,Cosmetics,45+ | Cosmetics,Metro,Mobile
C06350,2025-09-16,GG01,35-44,Fashion,35-44 | Fashion,Other,Desktop
C06351,2025-09-16,GG01,35-44,Fashion,35-44 | Fashion,Metro,Mobile
C06352,2025-09-16,GG01,45+,Fashion,45+ | Fashion,Metro,Mobile
C06353,2025-09-16,GG01,35-44,Fashion,35-44 | Fashion,Metro,Mobile
C06354,2025-09-16,GG02,35-44,Cosmetics,35-44 | Cosmetics,Metro,Desktop
C06355,2025-09-16,GG03,35-44,Fashion,35-44 | Fashion,Metro,Mobile
C06356,2025-09-16,GG03,45+,Cosmetics,45+ | Cosmetics,Metro,Mobile
C06357,2025-09-16,GG03,45+,Fashion,45+ | Fashion,Other,Desktop
C06358,2025-09-16,GG03,18-24,Cosmetics,18-24 | Cosmetics,Metro,Mobile
C06359,2025-09-16,MT01,35-44,Fashion,35-44 | Fashion,Metro,Mobile
C06360,2025-09-16,MT01,45+,Fashion,45+ | Fashion,Metro,Mobile
C06361,2025-09-16,MT01,18-24,Fashion,18-24 | Fashion,Metro,Mobile
C06362,2025-09-16,MT01,18-24,Fashion,18-24 | Fashion,Metro,Mobile
C06363,2025-09-16,MT02,18-24,Cosmetics,18-24 | Cosmetics,Metro,Desktop
C06364,2025-09-16,MT02,45+,Fashion,45+ | Fashion,Other,Mobile
C06365,2025-09-16,MT02,25-34,Fashion,25-34 | Fashion,Metro,Mobile
C06366,2025-09-16,MT02,18-24,Cosmetics,18-24 | Cosmetics,Metro,Mobile
C06367,2025-09-16,MT02,18-24,Fashion,18-24 | Fashion,Other,Mobile
C06368,2025-09-16,MT03,35-44,Cosmetics,35-44 | Cosmetics,Metro,Mobile
C06369,2025-09-16,MT03,18-24,Fashion,18-24 | Fashion,Metro,Mobile
C06370,2025-09-16,TT01,18-24,Cosmetics,18-24 | Cosmetics,Metro,Mobile
C06371,2025-09-16,TT01,25-34,Fashion,25-34 | Fashion,Other,Mobile
C06372,2025-09-16,TT01,18-24,Cosmetics,18-24 | Cosmetics,Other,Mobile
C06373,2025-09-16,TT02,25-34,Cosmetics,25-34 | Cosmetics,Metro,Mobile
C06374,2025-09-16,TT02,25-34,Fashion,25-34 | Fashion,Metro,Mobile
C06375,2025-09-16,OR01,45+,Fashion,45+ | Fashion,Metro,Desktop
C06376,2025-09-16,OR01,35-44,Fashion,35-44 | Fashion,Metro,Desktop
C06377,2025-09-16,OR01,18-24,Fashion,18-24 | Fashion,Other,Desktop
C06378,2025-09-16,OR01,25-34,Cosmetics,25-34 | Cosmetics,Metro,Mobile
C06379,2025-09-16,OR01,35-44,Fashion,35-44 | Fashion,Other,Mobile
C06380,2025-09-16,OR01,35-44,Cosmetics,35-44 | Cosmetics,Metro,Desktop
C06381,2025-09-16,OR02,35-44,Fashion,35-44 | Fashion,Metro,Mobile
C06382,2025-09-16,OR02,25-34,Cosmetics,25-34 | Cosmetics,Metro,Mobile
C06383,2025-09-17,GG01,25-34,Fashion,25-34 | Fashion,Metro,Desktop
C06384,2025-09-17,GG01,25-34,Fashion,25-34 | Fashion,Other,Desktop
C06385,2025-09-17,GG01,18-24,Fashion,18-24 | Fashion,Metro,Mobile
C06386,2025-09-17,GG02,25-34,Fashion,25-34 | Fashion,Other,Desktop
C06387,2025-09-17,GG02,35-44,Fashion,35-44 | Fashion,Metro,Desktop
C06388,2025-09-17,GG02,18-24,Cosmetics,18-24 | Cosmetics,Other,Mobile
C06389,2025-09-17,GG03,25-34,Fashion,25-34 | Fashion,Other,Mobile
C06390,2025-09-17,MT01,25-34,Fashion,25-34 | Fashion,Other,Mobile
C06391,2025-09-17,MT01,25-34,Fashion,25-34 | Fashion,Other,Mobile
C06392,2025-09-17,MT01,25-34,Cosmetics,25-34 | Cosmetics,Other,Mobile
C06393,2025-09-17,MT01,25-34,Cosmetics,25-34 | Cosmetics,Metro,Mobile
C06394,2025-09-17,MT01,18-24,Fashion,18-24 | Fashion,Other,Mobile
C06395,2025-09-17,MT01,25-34,Fashion,25-34 | Fashion,Other,Mobile
C06396,2025-09-17,MT02,25-34,Cosmetics,25-34 | Cosmetics,Other,Mobile
C06397,2025-09-17,MT03,25-34,Fashion,25-34 | Fashion,Other,Mobile
C06398,2025-09-17,TT01,25-34,Fashion,25-34 | Fashion,Metro,Mobile
C06399,2025-09-17,TT01,18-24,Cosmetics,18-24 | Cosmetics,Other,Mobile
C06400,2025-09-17,TT01,18-24,Fashion,18-24 | Fashion,Other,Mobile
C06401,2025-09-17,TT02,35-44,Fashion,35-44 | Fashion,Other,Mobile
C06402,2025-09-17,EM01,45+,Cosmetics,45+ | Cosmetics,Other,Mobile
C06403,2025-09-17,EM01,35-44,Cosmetics,35-44 | Cosmetics,Metro,Mobile
C06404,2025-09-17,OR01,35-44,Cosmetics,35-44 | Cosmetics,Metro,Mobile
C06405,2025-09-17,OR01,18-24,Cosmetics,18-24 | Cosmetics,Metro,Desktop
C06406,2025-09-17,OR01,45+,Fashion,45+ | Fashion,Other,Mobile
C06407,2025-09-17,OR02,35-44,Cosmetics,35-44 | Cosmetics,Other,Mobile
C06408,2025-09-17,OR02,35-44,Cosmetics,35-44 | Cosmetics,Metro,Desktop
C06409,2025-09-18,GG01,18-24,Fashion,18-24 | Fashion,Other,Mobile
C06410,2025-09-18,GG01,25-34,Cosmetics,25-34 | Cosmetics,Metro,Mobile
C06411,2025-09-18,GG01,45+,Fashion,45+ | Fashion,Metro,Mobile
C06412,2025-09-18,GG02,35-44,Fashion,35-44 | Fashion,Other,Desktop
C06413,2025-09-18,GG02,35-44,Cosmetics,35-44 | Cosmetics,Metro,Desktop
C06414,2025-09-18,GG03,45+,Cosmetics,45+ | Cosmetics,Other,Desktop
C06415,2025-09-18,GG03,18-24,Cosmetics,18-24 | Cosmetics,Metro,Mobile
C06416,2025-09-18,MT01,18-24,Fashion,18-24 | Fashion,Other,Mobile
C06417,2025-09-18,MT01,35-44,Fashion,35-44 | Fashion,Metro,Desktop
C06418,2025-09-18,MT01,25-34,Fashion,25-34 | Fashion,Metro,Mobile
C06419,2025-09-18,MT01,25-34,Cosmetics,25-34 | Cosmetics,Other,Mobile
C06420,2025-09-18,MT02,45+,Cosmetics,45+ | Cosmetics,Other,Mobile
C06421,2025-09-18,MT02,18-24,Cosmetics,18-24 | Cosmetics,Metro,Mobile
C06422,2025-09-18,MT02,35-44,Fashion,35-44 | Fashion,Metro,Mobile
C06423,2025-09-18,MT02,25-34,Fashion,25-34 | Fashion,Other,Mobile
C06424,2025-09-18,MT02,25-34,Cosmetics,25-34 | Cosmetics,Other,Mobile
C06425,2025-09-18,TT01,18-24,Cosmetics,18-24 | Cosmetics,Metro,Mobile
C06426,2025-09-18,TT01,18-24,Cosmetics,18-24 | Cosmetics,Other,Mobile
C06427,2025-09-18,TT01,18-24,Cosmetics,18-24 | Cosmetics,Other,Mobile
C06428,2025-09-18,TT01,18-24,Cosmetics,18-24 | Cosmetics,Other,Mobile
C06429,2025-09-18,TT01,18-24,Fashion,18-24 | Fashion,Other,Mobile
C06430,2025-09-18,TT02,18-24,Cosmetics,18-24 | Cosmetics,Other,Mobile
C06431,2025-09-18,TT02,35-44,Cosmetics,35-44 | Cosmetics,Metro,Mobile
C06432,2025-09-18,OR01,25-34,Fashion,25-34 | Fashion,Other,Desktop
C06433,2025-09-18,OR01,18-24,Fashion,18-24 | Fashion,Other,Mobile
C06434,2025-09-18,OR01,18-24,Fashion,18-24 | Fashion,Other,Mobile
C06435,2025-09-18,OR01,35-44,Fashion,35-44 | Fashion,Other,Desktop
C06436,2025-09-19,GG01,35-44,Fashion,35-44 | Fashion,Metro,Desktop
C06437,2025-09-19,GG01,18-24,Cosmetics,18-24 | Cosmetics,Other,Mobile
C06438,2025-09-19,GG01,35-44,Fashion,35-44 | Fashion,Metro,Mobile
C06439,2025-09-19,GG01,25-34,Cosmetics,25-34 | Cosmetics,Metro,Mobile
C06440,2025-09-19,GG01,45+,Fashion,45+ | Fashion,Other,Desktop
C06441,2025-09-19,GG02,35-44,Fashion,35-44 | Fashion,Metro,Desktop
C06442,2025-09-19,GG02,35-44,Fashion,35-44 | Fashion,Metro,Mobile
C06443,2025-09-19,GG02,25-34,Fashion,25-34 | Fashion,Other,Mobile
C06444,2025-09-19,GG02,18-24,Fashion,18-24 | Fashion,Other,Desktop
C06445,2025-09-19,GG03,35-44,Fashion,35-44 | Fashion,Other,Mobile
C06446,2025-09-19,GG03,25-34,Fashion,25-34 | Fashion,Other,Mobile
C06447,2025-09-19,GG03,25-34,Fashion,25-34 | Fashion,Metro,Mobile
C06448,2025-09-19,MT01,25-34,Cosmetics,25-34 | Cosmetics,Other,Mobile
C06449,2025-09-19,MT01,18-24,Cosmetics,18-24 | Cosmetics,Metro,Mobile
C06450,2025-09-19,MT01,35-44,Fashion,35-44 | Fashion,Metro,Mobile
C06451,2025-09-19,MT01,35-44,Cosmetics,35-44 | Cosmetics,Other,Desktop
C06452,2025-09-19,MT01,35-44,Cosmetics,35-44 | Cosmetics,Other,Mobile
C06453,2025-09-19,MT01,25-34,Fashion,25-34 | Fashion,Other,Desktop
C06454,2025-09-19,MT02,35-44,Fashion,35-44 | Fashion,Metro,Mobile
C06455,2025-09-19,MT02,35-44,Fashion,35-44 | Fashion,Metro,Mobile
C06456,2025-09-19,MT03,25-34,Fashion,25-34 | Fashion,Metro,Mobile
C06457,2025-09-19,MT03,18-24,Fashion,18-24 | Fashion,Other,Mobile
C06458,2025-09-19,TT01,25-34,Cosmetics,25-34 | Cosmetics,Other,Mobile
C06459,2025-09-19,TT01,18-24,Fashion,18-24 | Fashion,Other,Mobile
C06460,2025-09-19,TT01,18-24,Cosmetics,18-24 | Cosmetics,Metro,Mobile
C06461,2025-09-19,TT01,18-24,Cosmetics,18-24 | Cosmetics,Metro,Mobile
C06462,2025-09-19,TT02,25-34,Cosmetics,25-34 | Cosmetics,Other,Mobile
C06463,2025-09-19,TT02,25-34,Cosmetics,25-34 | Cosmetics,Other,Mobile
C06464,2025-09-19,TT02,25-34,Cosmetics,25-34 | Cosmetics,Metro,Mobile
C06465,2025-09-19,EM01,45+,Cosmetics,45+ | Cosmetics,Other,Mobile
C06466,2025-09-19,EM01,35-44,Fashion,35-44 | Fashion,Metro,Mobile
C06467,2025-09-19,EM01,45+,Fashion,45+ | Fashion,Metro,Mobile
C06468,2025-09-19,EM01,35-44,Fashion,35-44 | Fashion,Other,Desktop
C06469,2025-09-19,EM01,25-34,Cosmetics,25-34 | Cosmetics,Metro,Mobile
C06470,2025-09-19,OR01,35-44,Fashion,35-44 | Fashion,Other,Desktop
C06471,2025-09-19,OR01,25-34,Cosmetics,25-34 | Cosmetics,Other,Mobile
C06472,2025-09-20,GG02,18-24,Fashion,18-24 | Fashion,Metro,Mobile
C06473,2025-09-20,GG03,25-34,Cosmetics,25-34 | Cosmetics,Other,Mobile
C06474,2025-09-20,GG03,25-34,Fashion,25-34 | Fashion,Metro,Mobile
C06475,2025-09-20,GG03,45+,Fashion,45+ | Fashion,Metro,Mobile
C06476,2025-09-20,MT01,25-34,Cosmetics,25-34 | Cosmetics,Other,Mobile
C06477,2025-09-20,MT01,18-24,Fashion,18-24 | Fashion,Other,Desktop
C06478,2025-09-20,MT03,45+,Fashion,45+ | Fashion,Metro,Desktop
C06479,2025-09-20,MT03,18-24,Cosmetics,18-24 | Cosmetics,Other,Mobile
C06480,2025-09-20,MT03,35-44,Fashion,35-44 | Fashion,Metro,Mobile
C06481,2025-09-20,MT03,18-24,Fashion,18-24 | Fashion,Other,Mobile
C06482,2025-09-20,TT01,18-24,Cosmetics,18-24 | Cosmetics,Metro,Mobile
C06483,2025-09-20,TT02,18-24,Cosmetics,18-24 | Cosmetics,Other,Mobile
C06484,2025-09-20,EM01,35-44,Fashion,35-44 | Fashion,Other,Mobile
C06485,2025-09-20,EM01,45+,Cosmetics,45+ | Cosmetics,Other,Mobile
C06486,2025-09-20,EM02,25-34,Fashion,25-34 | Fashion,Metro,Mobile
C06487,2025-09-20,OR01,35-44,Cosmetics,35-44 | Cosmetics,Metro,Desktop
C06488,2025-09-20,OR01,45+,Fashion,45+ | Fashion,Metro,Mobile
C06489,2025-09-20,OR01,25-34,Fashion,25-34 | Fashion,Other,Mobile
C06490,2025-09-20,OR01,25-34,Cosmetics,25-34 | Cosmetics,Other,Mobile
C06491,2025-09-20,OR02,25-34,Fashion,25-34 | Fashion,Metro,Mobile
C06492,2025-09-20,OR02,35-44,Cosmetics,35-44 | Cosmetics,Other,Mobile
C06493,2025-09-21,GG01,25-34,Cosmetics,25-34 | Cosmetics,Metro,Mobile
C06494,2025-09-21,GG01,35-44,Fashion,35-44 | Fashion,Metro,Desktop
C06495,2025-09-21,GG01,25-34,Fashion,25-34 | Fashion,Metro,Mobile
C06496,2025-09-21,GG02,45+,Cosmetics,45+ | Cosmetics,Metro,Mobile
C06497,2025-09-21,GG02,45+,Cosmetics,45+ | Cosmetics,Metro,Desktop
C06498,2025-09-21,GG02,25-34,Cosmetics,25-34 | Cosmetics,Other,Desktop
C06499,2025-09-21,GG02,25-34,Fashion,25-34 | Fashion,Metro,Desktop
C06500,2025-09-21,GG03,35-44,Fashion,35-44 | Fashion,Other,Mobile
C06501,2025-09-21,MT01,25-34,Cosmetics,25-34 | Cosmetics,Other,Mobile
C06502,2025-09-21,MT01,25-34,Fashion,25-34 | Fashion,Metro,Mobile
C06503,2025-09-21,MT02,25-34,Fashion,25-34 | Fashion,Metro,Mobile
C06504,2025-09-21,MT02,25-34,Cosmetics,25-34 | Cosmetics,Metro,Mobile
C06505,2025-09-21,MT02,18-24,Cosmetics,18-24 | Cosmetics,Metro,Mobile
C06506,2025-09-21,MT02,35-44,Cosmetics,35-44 | Cosmetics,Other,Mobile
C06507,2025-09-21,MT03,25-34,Cosmetics,25-34 | Cosmetics,Other,Mobile
C06508,2025-09-21,MT03,18-24,Fashion,18-24 | Fashion,Metro,Mobile
C06509,2025-09-21,MT03,18-24,Fashion,18-24 | Fashion,Metro,Mobile
C06510,2025-09-21,TT01,18-24,Cosmetics,18-24 | Cosmetics,Other,Mobile
C06511,2025-09-21,TT01,18-24,Fashion,18-24 | Fashion,Metro,Mobile
C06512,2025-09-21,TT01,18-24,Cosmetics,18-24 | Cosmetics,Metro,Mobile
C06513,2025-09-21,TT01,45+,Cosmetics,45+ | Cosmetics,Other,Mobile
C06514,2025-09-21,TT02,25-34,Cosmetics,25-34 | Cosmetics,Metro,Mobile
C06515,2025-09-21,EM01,45+,Cosmetics,45+ | Cosmetics,Other,Desktop
C06516,2025-09-21,OR01,25-34,Cosmetics,25-34 | Cosmetics,Metro,Desktop
C06517,2025-09-21,OR01,25-34,Cosmetics,25-34 | Cosmetics,Other,Mobile
C06518,2025-09-21,OR01,45+,Cosmetics,45+ | Cosmetics,Metro,Mobile
C06519,2025-09-21,OR01,25-34,Cosmetics,25-34 | Cosmetics,Other,Desktop
C06520,2025-09-21,OR01,18-24,Fashion,18-24 | Fashion,Metro,Mobile
C06521,2025-09-22,GG01,35-44,Fashion,35-44 | Fashion,Other,Mobile
C06522,2025-09-22,GG01,25-34,Fashion,25-34 | Fashion,Metro,Desktop
C06523,2025-09-22,GG01,45+,Fashion,45+ | Fashion,Metro,Mobile
C06524,2025-09-22,GG02,25-34,Fashion,25-34 | Fashion,Metro,Desktop
C06525,2025-09-22,GG02,35-44,Cosmetics,35-44 | Cosmetics,Other,Mobile
C06526,2025-09-22,GG03,45+,Fashion,45+ | Fashion,Metro,Desktop
C06527,2025-09-22,GG03,35-44,Fashion,35-44 | Fashion,Metro,Desktop
C06528,2025-09-22,GG03,25-34,Fashion,25-34 | Fashion,Metro,Desktop
C06529,2025-09-22,GG03,25-34,Cosmetics,25-34 | Cosmetics,Other,Desktop
C06530,2025-09-22,GG03,25-34,Cosmetics,25-34 | Cosmetics,Other,Desktop
C06531,2025-09-22,MT01,25-34,Cosmetics,25-34 | Cosmetics,Metro,Mobile
C06532,2025-09-22,MT02,25-34,Cosmetics,25-34 | Cosmetics,Metro,Mobile
C06533,2025-09-22,MT02,25-34,Fashion,25-34 | Fashion,Other,Mobile
C06534,2025-09-22,MT02,25-34,Cosmetics,25-34 | Cosmetics,Other,Desktop
C06535,2025-09-22,MT02,35-44,Cosmetics,35-44 | Cosmetics,Metro,Mobile
C06536,2025-09-22,MT03,25-34,Fashion,25-34 | Fashion,Other,Mobile
C06537,2025-09-22,MT03,45+,Fashion,45+ | Fashion,Metro,Mobile
C06538,2025-09-22,TT01,18-24,Cosmetics,18-24 | Cosmetics,Metro,Mobile
C06539,2025-09-22,TT01,18-24,Cosmetics,18-24 | Cosmetics,Metro,Mobile
C06540,2025-09-22,TT01,25-34,Cosmetics,25-34 | Cosmetics,Other,Mobile
C06541,2025-09-22,TT02,25-34,Cosmetics,25-34 | Cosmetics,Metro,Mobile
C06542,2025-09-22,EM02,25-34,Fashion,25-34 | Fashion,Metro,Mobile
C06543,2025-09-22,OR01,18-24,Fashion,18-24 | Fashion,Other,Desktop
C06544,2025-09-22,OR01,25-34,Fashion,25-34 | Fashion,Other,Desktop
C06545,2025-09-22,OR01,25-34,Fashion,25-34 | Fashion,Metro,Mobile
C06546,2025-09-22,OR02,45+,Cosmetics,45+ | Cosmetics,Other,Desktop
C06547,2025-09-22,OR02,18-24,Cosmetics,18-24 | Cosmetics,Metro,Mobile
C06548,2025-09-22,OR02,25-34,Fashion,25-34 | Fashion,Metro,Mobile
C06549,2025-09-22,OR02,25-34,Cosmetics,25-34 | Cosmetics,Metro,Mobile
C06550,2025-09-22,OR02,25-34,Cosmetics,25-34 | Cosmetics,Metro,Mobile
C06551,2025-09-23,GG01,25-34,Cosmetics,25-34 | Cosmetics,Metro,Desktop
C06552,2025-09-23,GG01,45+,Cosmetics,45+ | Cosmetics,Metro,Mobile
C06553,2025-09-23,GG02,25-34,Cosmetics,25-34 | Cosmetics,Metro,Mobile
C06554,2025-09-23,GG02,18-24,Fashion,18-24 | Fashion,Metro,Desktop
C06555,2025-09-23,GG02,25-34,Cosmetics,25-34 | Cosmetics,Other,Mobile
C06556,2025-09-23,GG03,45+,Fashion,45+ | Fashion,Metro,Mobile
C06557,2025-09-23,GG03,25-34,Fashion,25-34 | Fashion,Metro,Mobile
C06558,2025-09-23,GG03,45+,Cosmetics,45+ | Cosmetics,Other,Mobile
C06559,2025-09-23,MT01,18-24,Fashion,18-24 | Fashion,Other,Mobile
C06560,2025-09-23,MT01,25-34,Cosmetics,25-34 | Cosmetics,Other,Mobile
C06561,2025-09-23,MT01,18-24,Cosmetics,18-24 | Cosmetics,Metro,Mobile
C06562,2025-09-23,MT01,25-34,Cosmetics,25-34 | Cosmetics,Metro,Mobile
C06563,2025-09-23,MT02,18-24,Fashion,18-24 | Fashion,Metro,Mobile
C06564,2025-09-23,MT02,35-44,Fashion,35-44 | Fashion,Other,Mobile
C06565,2025-09-23,MT03,35-44,Cosmetics,35-44 | Cosmetics,Metro,Mobile
C06566,2025-09-23,MT03,35-44,Fashion,35-44 | Fashion,Other,Mobile
C06567,2025-09-23,TT01,18-24,Fashion,18-24 | Fashion,Metro,Desktop
C06568,2025-09-23,TT01,18-24,Cosmetics,18-24 | Cosmetics,Other,Mobile
C06569,2025-09-23,TT01,18-24,Cosmetics,18-24 | Cosmetics,Metro,Mobile
C06570,2025-09-23,TT02,45+,Cosmetics,45+ | Cosmetics,Metro,Mobile
C06571,2025-09-23,EM01,25-34,Cosmetics,25-34 | Cosmetics,Metro,Mobile
C06572,2025-09-23,EM01,45+,Fashion,45+ | Fashion,Other,Mobile
C06573,2025-09-23,EM02,18-24,Cosmetics,18-24 | Cosmetics,Metro,Desktop
C06574,2025-09-23,EM02,45+,Cosmetics,45+ | Cosmetics,Metro,Desktop
C06575,2025-09-23,EM02,25-34,Fashion,25-34 | Fashion,Metro,Desktop
C06576,2025-09-23,OR01,45+,Cosmetics,45+ | Cosmetics,Other,Desktop
C06577,2025-09-23,OR01,18-24,Cosmetics,18-24 | Cosmetics,Metro,Desktop
C06578,2025-09-24,GG01,35-44,Fashion,35-44 | Fashion,Metro,Desktop
C06579,2025-09-24,GG01,45+,Cosmetics,45+ | Cosmetics,Metro,Desktop
C06580,2025-09-24,GG01,45+,Cosmetics,45+ | Cosmetics,Metro,Desktop
C06581,2025-09-24,GG02,25-34,Fashion,25-34 | Fashion,Other,Desktop
C06582,2025-09-24,GG02,25-34,Fashion,25-34 | Fashion,Metro,Desktop
C06583,2025-09-24,GG02,25-34,Cosmetics,25-34 | Cosmetics,Other,Desktop
C06584,2025-09-24,GG02,35-44,Fashion,35-44 | Fashion,Metro,Desktop
C06585,2025-09-24,GG02,35-44,Fashion,35-44 | Fashion,Other,Desktop
C06586,2025-09-24,GG03,35-44,Cosmetics,35-44 | Cosmetics,Metro,Mobile
C06587,2025-09-24,GG03,35-44,Cosmetics,35-44 | Cosmetics,Metro,Desktop
C06588,2025-09-24,MT01,25-34,Cosmetics,25-34 | Cosmetics,Other,Mobile
C06589,2025-09-24,MT02,35-44,Fashion,35-44 | Fashion,Metro,Desktop
C06590,2025-09-24,MT03,25-34,Fashion,25-34 | Fashion,Other,Mobile
C06591,2025-09-24,TT01,18-24,Cosmetics,18-24 | Cosmetics,Other,Mobile
C06592,2025-09-24,TT01,25-34,Cosmetics,25-34 | Cosmetics,Other,Mobile
C06593,2025-09-24,TT01,18-24,Cosmetics,18-24 | Cosmetics,Other,Mobile
C06594,2025-09-24,TT01,25-34,Fashion,25-34 | Fashion,Metro,Mobile
C06595,2025-09-24,TT01,18-24,Cosmetics,18-24 | Cosmetics,Other,Mobile
C06596,2025-09-24,TT01,25-34,Fashion,25-34 | Fashion,Metro,Mobile
C06597,2025-09-24,TT02,18-24,Fashion,18-24 | Fashion,Metro,Mobile
C06598,2025-09-24,TT02,45+,Cosmetics,45+ | Cosmetics,Metro,Mobile
C06599,2025-09-24,EM02,18-24,Fashion,18-24 | Fashion,Other,Desktop
C06600,2025-09-24,OR01,18-24,Cosmetics,18-24 | Cosmetics,Other,Mobile
C06601,2025-09-24,OR01,25-34,Fashion,25-34 | Fashion,Metro,Mobile
C06602,2025-09-24,OR02,45+,Fashion,45+ | Fashion,Metro,Mobile
C06603,2025-09-25,GG01,45+,Cosmetics,45+ | Cosmetics,Metro,Mobile
C06604,2025-09-25,GG01,25-34,Cosmetics,25-34 | Cosmetics,Other,Desktop
C06605,2025-09-25,GG01,25-34,Cosmetics,25-34 | Cosmetics,Metro,Desktop
C06606,2025-09-25,GG01,25-34,Fashion,25-34 | Fashion,Metro,Mobile
C06607,2025-09-25,GG02,25-34,Fashion,25-34 | Fashion,Metro,Desktop
C06608,2025-09-25,GG03,35-44,Cosmetics,35-44 | Cosmetics,Metro,Mobile
C06609,2025-09-25,GG03,35-44,Fashion,35-44 | Fashion,Other,Desktop
C06610,2025-09-25,MT01,45+,Fashion,45+ | Fashion,Other,Desktop
C06611,2025-09-25,MT03,35-44,Cosmetics,35-44 | Cosmetics,Metro,Mobile
C06612,2025-09-25,MT03,35-44,Cosmetics,35-44 | Cosmetics,Metro,Mobile
C06613,2025-09-25,MT03,25-34,Fashion,25-34 | Fashion,Metro,Mobile
C06614,2025-09-25,TT01,18-24,Cosmetics,18-24 | Cosmetics,Other,Mobile
C06615,2025-09-25,TT01,25-34,Cosmetics,25-34 | Cosmetics,Metro,Mobile
C06616,2025-09-25,TT01,18-24,Cosmetics,18-24 | Cosmetics,Metro,Mobile
C06617,2025-09-25,TT02,18-24,Cosmetics,18-24 | Cosmetics,Metro,Mobile
C06618,2025-09-25,TT02,35-44,Cosmetics,35-44 | Cosmetics,Metro,Mobile
C06619,2025-09-25,TT02,25-34,Cosmetics,25-34 | Cosmetics,Metro,Mobile
C06620,2025-09-25,TT02,25-34,Fashion,25-34 | Fashion,Metro,Mobile
C06621,2025-09-25,EM01,45+,Cosmetics,45+ | Cosmetics,Other,Mobile
C06622,2025-09-25,OR01,45+,Cosmetics,45+ | Cosmetics,Metro,Mobile
C06623,2025-09-25,OR01,45+,Fashion,45+ | Fashion,Other,Mobile
C06624,2025-09-25,OR01,45+,Fashion,45+ | Fashion,Other,Mobile
C06625,2025-09-25,OR01,18-24,Cosmetics,18-24 | Cosmetics,Other,Mobile
C06626,2025-09-25,OR01,35-44,Fashion,35-44 | Fashion,Other,Mobile
C06627,2025-09-25,OR01,35-44,Fashion,35-44 | Fashion,Metro,Mobile
C06628,2025-09-25,OR02,18-24,Fashion,18-24 | Fashion,Metro,Mobile
C06629,2025-09-26,GG01,25-34,Cosmetics,25-34 | Cosmetics,Other,Mobile
C06630,2025-09-26,GG01,35-44,Cosmetics,35-44 | Cosmetics,Other,Desktop
C06631,2025-09-26,GG01,45+,Fashion,45+ | Fashion,Other,Mobile
C06632,2025-09-26,GG02,35-44,Cosmetics,35-44 | Cosmetics,Other,Mobile
C06633,2025-09-26,GG02,35-44,Fashion,35-44 | Fashion,Metro,Mobile
C06634,2025-09-26,GG02,45+,Cosmetics,45+ | Cosmetics,Other,Mobile
C06635,2025-09-26,GG03,35-44,Cosmetics,35-44 | Cosmetics,Metro,Mobile
C06636,2025-09-26,GG03,35-44,Fashion,35-44 | Fashion,Other,Mobile
C06637,2025-09-26,MT01,18-24,Cosmetics,18-24 | Cosmetics,Metro,Mobile
C06638,2025-09-26,MT01,18-24,Fashion,18-24 | Fashion,Other,Mobile
C06639,2025-09-26,MT02,25-34,Cosmetics,25-34 | Cosmetics,Other,Desktop
C06640,2025-09-26,MT02,25-34,Fashion,25-34 | Fashion,Metro,Mobile
C06641,2025-09-26,MT02,25-34,Fashion,25-34 | Fashion,Metro,Mobile
C06642,2025-09-26,MT02,25-34,Cosmetics,25-34 | Cosmetics,Other,Mobile
C06643,2025-09-26,MT03,35-44,Cosmetics,35-44 | Cosmetics,Other,Desktop
C06644,2025-09-26,MT03,45+,Fashion,45+ | Fashion,Metro,Mobile
C06645,2025-09-26,TT01,18-24,Cosmetics,18-24 | Cosmetics,Metro,Desktop
C06646,2025-09-26,TT01,18-24,Fashion,18-24 | Fashion,Metro,Mobile
C06647,2025-09-26,TT01,35-44,Fashion,35-44 | Fashion,Metro,Mobile
C06648,2025-09-26,TT01,18-24,Cosmetics,18-24 | Cosmetics,Metro,Mobile
C06649,2025-09-26,TT01,18-24,Cosmetics,18-24 | Cosmetics,Other,Mobile
C06650,2025-09-26,TT01,35-44,Fashion,35-44 | Fashion,Other,Mobile
C06651,2025-09-26,TT02,25-34,Fashion,25-34 | Fashion,Metro,Mobile
C06652,2025-09-26,TT02,45+,Cosmetics,45+ | Cosmetics,Metro,Mobile
C06653,2025-09-26,TT02,18-24,Cosmetics,18-24 | Cosmetics,Other,Mobile
C06654,2025-09-26,EM01,25-34,Fashion,25-34 | Fashion,Other,Mobile
C06655,2025-09-26,OR01,18-24,Fashion,18-24 | Fashion,Other,Mobile
C06656,2025-09-26,OR01,35-44,Fashion,35-44 | Fashion,Other,Desktop
C06657,2025-09-26,OR01,35-44,Fashion,35-44 | Fashion,Other,Desktop
C06658,2025-09-26,OR01,35-44,Cosmetics,35-44 | Cosmetics,Other,Desktop
C06659,2025-09-26,OR01,25-34,Fashion,25-34 | Fashion,Other,Desktop
C06660,2025-09-26,OR01,25-34,Fashion,25-34 | Fashion,Other,Mobile
C06661,2025-09-26,OR01,35-44,Fashion,35-44 | Fashion,Other,Desktop
C06662,2025-09-26,OR01,18-24,Fashion,18-24 | Fashion,Metro,Desktop
C06663,2025-09-27,GG01,45+,Fashion,45+ | Fashion,Metro,Desktop
C06664,2025-09-27,GG01,35-44,Fashion,35-44 | Fashion,Metro,Desktop
C06665,2025-09-27,GG01,35-44,Cosmetics,35-44 | Cosmetics,Metro,Mobile
C06666,2025-09-27,GG02,45+,Fashion,45+ | Fashion,Other,Desktop
C06667,2025-09-27,GG02,25-34,Fashion,25-34 | Fashion,Metro,Mobile
C06668,2025-09-27,GG02,45+,Fashion,45+ | Fashion,Metro,Desktop
C06669,2025-09-27,GG03,25-34,Fashion,25-34 | Fashion,Other,Mobile
C06670,2025-09-27,MT01,25-34,Cosmetics,25-34 | Cosmetics,Metro,Mobile
C06671,2025-09-27,MT01,18-24,Fashion,18-24 | Fashion,Metro,Mobile
C06672,2025-09-27,MT02,45+,Cosmetics,45+ | Cosmetics,Metro,Mobile
C06673,2025-09-27,MT02,25-34,Fashion,25-34 | Fashion,Metro,Mobile
C06674,2025-09-27,MT03,45+,Fashion,45+ | Fashion,Metro,Mobile
C06675,2025-09-27,MT03,45+,Cosmetics,45+ | Cosmetics,Metro,Mobile
C06676,2025-09-27,MT03,25-34,Fashion,25-34 | Fashion,Other,Desktop
C06677,2025-09-27,MT03,18-24,Fashion,18-24 | Fashion,Metro,Mobile
C06678,2025-09-27,TT01,25-34,Cosmetics,25-34 | Cosmetics,Other,Mobile
C06679,2025-09-27,TT01,25-34,Cosmetics,25-34 | Cosmetics,Metro,Mobile
C06680,2025-09-27,TT01,18-24,Fashion,18-24 | Fashion,Metro,Mobile
C06681,2025-09-27,TT01,18-24,Fashion,18-24 | Fashion,Other,Mobile
C06682,2025-09-27,TT02,18-24,Cosmetics,18-24 | Cosmetics,Other,Mobile
C06683,2025-09-27,TT02,35-44,Cosmetics,35-44 | Cosmetics,Metro,Mobile
C06684,2025-09-27,TT02,18-24,Fashion,18-24 | Fashion,Other,Mobile
C06685,2025-09-27,TT02,25-34,Fashion,25-34 | Fashion,Metro,Mobile
C06686,2025-09-27,EM01,35-44,Cosmetics,35-44 | Cosmetics,Metro,Mobile
C06687,2025-09-27,EM01,35-44,Fashion,35-44 | Fashion,Metro,Mobile
C06688,2025-09-27,OR01,25-34,Cosmetics,25-34 | Cosmetics,Other,Desktop
C06689,2025-09-27,OR01,35-44,Cosmetics,35-44 | Cosmetics,Metro,Mobile
C06690,2025-09-27,OR01,25-34,Cosmetics,25-34 | Cosmetics,Metro,Mobile
C06691,2025-09-27,OR02,35-44,Cosmetics,35-44 | Cosmetics,Metro,Mobile
C06692,2025-09-28,GG01,45+,Fashion,45+ | Fashion,Metro,Desktop
C06693,2025-09-28,GG01,45+,Cosmetics,45+ | Cosmetics,Metro,Desktop
C06694,2025-09-28,GG02,35-44,Fashion,35-44 | Fashion,Other,Desktop
C06695,2025-09-28,GG02,35-44,Fashion,35-44 | Fashion,Metro,Mobile
C06696,2025-09-28,GG02,25-34,Fashion,25-34 | Fashion,Other,Desktop
C06697,2025-09-28,GG03,35-44,Fashion,35-44 | Fashion,Metro,Mobile
C06698,2025-09-28,GG03,25-34,Fashion,25-34 | Fashion,Other,Mobile
C06699,2025-09-28,GG03,35-44,Fashion,35-44 | Fashion,Metro,Desktop
C06700,2025-09-28,GG03,35-44,Fashion,35-44 | Fashion,Metro,Mobile
C06701,2025-09-28,MT01,35-44,Cosmetics,35-44 | Cosmetics,Metro,Mobile
C06702,2025-09-28,MT01,18-24,Fashion,18-24 | Fashion,Metro,Desktop
C06703,2025-09-28,MT01,45+,Cosmetics,45+ | Cosmetics,Metro,Mobile
C06704,2025-09-28,MT01,35-44,Cosmetics,35-44 | Cosmetics,Other,Mobile
C06705,2025-09-28,MT02,18-24,Cosmetics,18-24 | Cosmetics,Other,Mobile
C06706,2025-09-28,MT03,25-34,Cosmetics,25-34 | Cosmetics,Other,Mobile
C06707,2025-09-28,MT03,18-24,Fashion,18-24 | Fashion,Metro,Mobile
C06708,2025-09-28,TT01,35-44,Cosmetics,35-44 | Cosmetics,Metro,Mobile
C06709,2025-09-28,TT01,18-24,Cosmetics,18-24 | Cosmetics,Other,Mobile
C06710,2025-09-28,TT01,25-34,Cosmetics,25-34 | Cosmetics,Other,Mobile
C06711,2025-09-28,TT02,18-24,Fashion,18-24 | Fashion,Metro,Desktop
C06712,2025-09-28,TT02,25-34,Cosmetics,25-34 | Cosmetics,Metro,Mobile
C06713,2025-09-28,EM01,18-24,Cosmetics,18-24 | Cosmetics,Metro,Mobile
C06714,2025-09-28,OR01,18-24,Cosmetics,18-24 | Cosmetics,Metro,Mobile
C06715,2025-09-28,OR01,25-34,Cosmetics,25-34 | Cosmetics,Metro,Mobile
C06716,2025-09-28,OR01,18-24,Fashion,18-24 | Fashion,Other,Mobile
C06717,2025-09-28,OR01,25-34,Cosmetics,25-34 | Cosmetics,Metro,Mobile
C06718,2025-09-28,OR02,35-44,Cosmetics,35-44 | Cosmetics,Other,Mobile
C06719,2025-09-29,GG01,25-34,Cosmetics,25-34 | Cosmetics,Metro,Mobile
C06720,2025-09-29,GG01,35-44,Cosmetics,35-44 | Cosmetics,Metro,Desktop
C06721,2025-09-29,GG01,45+,Fashion,45+ | Fashion,Other,Mobile
C06722,2025-09-29,GG01,25-34,Cosmetics,25-34 | Cosmetics,Metro,Mobile
C06723,2025-09-29,GG02,25-34,Fashion,25-34 | Fashion,Other,Mobile
C06724,2025-09-29,GG02,18-24,Fashion,18-24 | Fashion,Metro,Mobile
C06725,2025-09-29,GG03,25-34,Cosmetics,25-34 | Cosmetics,Other,Desktop
C06726,2025-09-29,GG03,35-44,Fashion,35-44 | Fashion,Metro,Desktop
C06727,2025-09-29,GG03,25-34,Fashion,25-34 | Fashion,Other,Mobile
C06728,2025-09-29,GG03,35-44,Fashion,35-44 | Fashion,Other,Desktop
C06729,2025-09-29,GG03,35-44,Fashion,35-44 | Fashion,Metro,Mobile
C06730,2025-09-29,GG03,35-44,Fashion,35-44 | Fashion,Other,Mobile
C06731,2025-09-29,GG03,35-44,Fashion,35-44 | Fashion,Metro,Mobile
C06732,2025-09-29,MT01,25-34,Fashion,25-34 | Fashion,Other,Desktop
C06733,2025-09-29,MT01,45+,Cosmetics,45+ | Cosmetics,Metro,Mobile
C06734,2025-09-29,MT02,25-34,Cosmetics,25-34 | Cosmetics,Metro,Desktop
C06735,2025-09-29,MT02,35-44,Fashion,35-44 | Fashion,Metro,Mobile
C06736,2025-09-29,MT02,25-34,Cosmetics,25-34 | Cosmetics,Other,Mobile
C06737,2025-09-29,MT02,35-44,Cosmetics,35-44 | Cosmetics,Metro,Mobile
C06738,2025-09-29,MT03,25-34,Fashion,25-34 | Fashion,Other,Mobile
C06739,2025-09-29,TT01,18-24,Cosmetics,18-24 | Cosmetics,Metro,Mobile
C06740,2025-09-29,TT01,35-44,Fashion,35-44 | Fashion,Other,Mobile
C06741,2025-09-29,TT01,18-24,Cosmetics,18-24 | Cosmetics,Other,Mobile
C06742,2025-09-29,EM02,45+,Fashion,45+ | Fashion,Metro,Mobile
C06743,2025-09-29,OR01,35-44,Fashion,35-44 | Fashion,Metro,Desktop
C06744,2025-09-29,OR01,35-44,Fashion,35-44 | Fashion,Metro,Mobile
C06745,2025-09-29,OR01,18-24,Cosmetics,18-24 | Cosmetics,Other,Mobile
C06746,2025-09-29,OR01,35-44,Cosmetics,35-44 | Cosmetics,Metro,Mobile
C06747,2025-09-29,OR01,18-24,Fashion,18-24 | Fashion,Metro,Mobile
C06748,2025-09-29,OR01,25-34,Cosmetics,25-34 | Cosmetics,Metro,Mobile
C06749,2025-09-29,OR02,25-34,Cosmetics,25-34 | Cosmetics,Metro,Mobile
C06750,2025-09-30,GG01,25-34,Cosmetics,25-34 | Cosmetics,Metro,Desktop
C06751,2025-09-30,GG01,45+,Fashion,45+ | Fashion,Other,Mobile
C06752,2025-09-30,GG01,45+,Cosmetics,45+ | Cosmetics,Other,Desktop
C06753,2025-09-30,GG02,45+,Cosmetics,45+ | Cosmetics,Metro,Mobile
C06754,2025-09-30,GG02,35-44,Cosmetics,35-44 | Cosmetics,Other,Mobile
C06755,2025-09-30,GG02,25-34,Fashion,25-34 | Fashion,Metro,Desktop
C06756,2025-09-30,GG02,35-44,Fashion,35-44 | Fashion,Other,Desktop
C06757,2025-09-30,GG02,18-24,Fashion,18-24 | Fashion,Metro,Desktop
C06758,2025-09-30,GG03,25-34,Fashion,25-34 | Fashion,Metro,Mobile
C06759,2025-09-30,MT01,25-34,Fashion,25-34 | Fashion,Other,Desktop
C06760,2025-09-30,MT01,45+,Fashion,45+ | Fashion,Other,Mobile
C06761,2025-09-30,MT01,25-34,Fashion,25-34 | Fashion,Metro,Mobile
C06762,2025-09-30,MT01,45+,Cosmetics,45+ | Cosmetics,Metro,Mobile
C06763,2025-09-30,MT01,18-24,Cosmetics,18-24 | Cosmetics,Metro,Mobile
C06764,2025-09-30,MT02,18-24,Cosmetics,18-24 | Cosmetics,Other,Mobile
C06765,2025-09-30,MT02,18-24,Cosmetics,18-24 | Cosmetics,Other,Mobile
C06766,2025-09-30,MT03,25-34,Fashion,25-34 | Fashion,Metro,Mobile
C06767,2025-09-30,MT03,35-44,Cosmetics,35-44 | Cosmetics,Other,Mobile
C06768,2025-09-30,MT03,25-34,Fashion,25-34 | Fashion,Other,Desktop
C06769,2025-09-30,TT01,18-24,Fashion,18-24 | Fashion,Other,Desktop
C06770,2025-09-30,TT02,35-44,Fashion,35-44 | Fashion,Other,Mobile
C06771,2025-09-30,TT02,18-24,Cosmetics,18-24 | Cosmetics,Other,Mobile
C06772,2025-09-30,TT02,25-34,Cosmetics,25-34 | Cosmetics,Other,Mobile
C06773,2025-09-30,EM01,45+,Fashion,45+ | Fashion,Other,Desktop
C06774,2025-09-30,EM01,25-34,Cosmetics,25-34 | Cosmetics,Metro,Mobile
C06775,2025-09-30,OR01,35-44,Fashion,35-44 | Fashion,Other,Desktop
C06776,2025-10-01,GG01,45+,Fashion,45+ | Fashion,Metro,Mobile
C06777,2025-10-01,GG01,45+,Cosmetics,45+ | Cosmetics,Metro,Mobile
C06778,2025-10-01,GG01,25-34,Fashion,25-34 | Fashion,Metro,Mobile
C06779,2025-10-01,GG02,25-34,Fashion,25-34 | Fashion,Metro,Desktop
C06780,2025-10-01,GG03,18-24,Cosmetics,18-24 | Cosmetics,Metro,Mobile
C06781,2025-10-01,GG03,35-44,Fashion,35-44 | Fashion,Other,Mobile
C06782,2025-10-01,MT01,25-34,Cosmetics,25-34 | Cosmetics,Other,Mobile
C06783,2025-10-01,MT01,45+,Fashion,45+ | Fashion,Metro,Mobile
C06784,2025-10-01,MT01,25-34,Fashion,25-34 | Fashion,Other,Mobile
C06785,2025-10-01,MT01,18-24,Cosmetics,18-24 | Cosmetics,Other,Mobile
C06786,2025-10-01,MT02,25-34,Cosmetics,25-34 | Cosmetics,Other,Mobile
C06787,2025-10-01,MT02,45+,Cosmetics,45+ | Cosmetics,Metro,Mobile
C06788,2025-10-01,TT01,25-34,Cosmetics,25-34 | Cosmetics,Other,Desktop
C06789,2025-10-01,TT01,45+,Cosmetics,45+ | Cosmetics,Metro,Mobile
C06790,2025-10-01,TT01,35-44,Cosmetics,35-44 | Cosmetics,Other,Mobile
C06791,2025-10-01,TT01,18-24,Cosmetics,18-24 | Cosmetics,Metro,Mobile
C06792,2025-10-01,TT01,18-24,Fashion,18-24 | Fashion,Metro,Mobile
C06793,2025-10-01,TT02,18-24,Fashion,18-24 | Fashion,Other,Mobile
C06794,2025-10-01,TT02,25-34,Cosmetics,25-34 | Cosmetics,Metro,Mobile
C06795,2025-10-01,TT02,18-24,Fashion,18-24 | Fashion,Other,Desktop
C06796,2025-10-01,TT02,18-24,Cosmetics,18-24 | Cosmetics,Other,Mobile
C06797,2025-10-01,OR01,45+,Fashion,45+ | Fashion,Metro,Mobile
C06798,2025-10-01,OR02,25-34,Cosmetics,25-34 | Cosmetics,Other,Mobile
C06799,2025-10-02,GG01,25-34,Fashion,25-34 | Fashion,Metro,Desktop
C06800,2025-10-02,GG01,35-44,Fashion,35-44 | Fashion,Other,Desktop
C06801,2025-10-02,GG02,35-44,Fashion,35-44 | Fashion,Metro,Desktop
C06802,2025-10-02,GG03,25-34,Fashion,25-34 | Fashion,Metro,Desktop
C06803,2025-10-02,GG03,18-24,Cosmetics,18-24 | Cosmetics,Metro,Mobile
C06804,2025-10-02,GG03,18-24,Fashion,18-24 | Fashion,Metro,Desktop
C06805,2025-10-02,MT01,18-24,Fashion,18-24 | Fashion,Other,Mobile
C06806,2025-10-02,MT01,18-24,Cosmetics,18-24 | Cosmetics,Metro,Desktop
C06807,2025-10-02,TT01,25-34,Cosmetics,25-34 | Cosmetics,Other,Mobile
C06808,2025-10-02,TT02,18-24,Fashion,18-24 | Fashion,Other,Mobile
C06809,2025-10-02,TT02,18-24,Cosmetics,18-24 | Cosmetics,Metro,Mobile
C06810,2025-10-02,TT02,25-34,Fashion,25-34 | Fashion,Metro,Mobile
C06811,2025-10-02,EM01,35-44,Fashion,35-44 | Fashion,Metro,Mobile
C06812,2025-10-02,EM01,25-34,Fashion,25-34 | Fashion,Metro,Mobile
C06813,2025-10-02,EM01,35-44,Fashion,35-44 | Fashion,Metro,Desktop
C06814,2025-10-02,OR01,25-34,Fashion,25-34 | Fashion,Other,Mobile
C06815,2025-10-02,OR01,35-44,Cosmetics,35-44 | Cosmetics,Metro,Mobile
C06816,2025-10-02,OR01,25-34,Cosmetics,25-34 | Cosmetics,Metro,Mobile
C06817,2025-10-02,OR01,35-44,Cosmetics,35-44 | Cosmetics,Other,Mobile
C06818,2025-10-02,OR01,35-44,Fashion,35-44 | Fashion,Other,Mobile
C06819,2025-10-02,OR01,35-44,Fashion,35-44 | Fashion,Metro,Desktop
C06820,2025-10-02,OR02,25-34,Fashion,25-34 | Fashion,Metro,Mobile
C06821,2025-10-03,GG01,35-44,Fashion,35-44 | Fashion,Metro,Desktop
C06822,2025-10-03,GG01,35-44,Fashion,35-44 | Fashion,Metro,Desktop
C06823,2025-10-03,GG02,35-44,Fashion,35-44 | Fashion,Metro,Desktop
C06824,2025-10-03,GG02,45+,Fashion,45+ | Fashion,Other,Desktop
C06825,2025-10-03,GG02,35-44,Fashion,35-44 | Fashion,Metro,Mobile
C06826,2025-10-03,GG02,35-44,Cosmetics,35-44 | Cosmetics,Other,Desktop
C06827,2025-10-03,GG03,25-34,Cosmetics,25-34 | Cosmetics,Metro,Mobile
C06828,2025-10-03,GG03,45+,Fashion,45+ | Fashion,Metro,Mobile
C06829,2025-10-03,GG03,25-34,Fashion,25-34 | Fashion,Other,Mobile
C06830,2025-10-03,MT02,35-44,Cosmetics,35-44 | Cosmetics,Metro,Mobile
C06831,2025-10-03,TT01,18-24,Fashion,18-24 | Fashion,Metro,Desktop
C06832,2025-10-03,TT01,18-24,Fashion,18-24 | Fashion,Other,Mobile
C06833,2025-10-03,TT02,18-24,Cosmetics,18-24 | Cosmetics,Metro,Mobile
C06834,2025-10-03,EM01,25-34,Fashion,25-34 | Fashion,Other,Mobile
C06835,2025-10-03,EM02,35-44,Fashion,35-44 | Fashion,Metro,Mobile
C06836,2025-10-03,EM02,25-34,Fashion,25-34 | Fashion,Other,Mobile
C06837,2025-10-03,OR01,45+,Fashion,45+ | Fashion,Other,Mobile
C06838,2025-10-03,OR01,35-44,Cosmetics,35-44 | Cosmetics,Metro,Mobile
C06839,2025-10-03,OR02,18-24,Fashion,18-24 | Fashion,Metro,Mobile
C06840,2025-10-04,GG01,35-44,Cosmetics,35-44 | Cosmetics,Metro,Desktop
C06841,2025-10-04,GG01,25-34,Fashion,25-34 | Fashion,Metro,Desktop
C06842,2025-10-04,GG02,45+,Fashion,45+ | Fashion,Other,Desktop
C06843,2025-10-04,GG03,25-34,Fashion,25-34 | Fashion,Other,Mobile
C06844,2025-10-04,GG03,45+,Fashion,45+ | Fashion,Other,Mobile
C06845,2025-10-04,GG03,45+,Cosmetics,45+ | Cosmetics,Metro,Desktop
C06846,2025-10-04,GG03,25-34,Fashion,25-34 | Fashion,Metro,Mobile
C06847,2025-10-04,GG03,45+,Fashion,45+ | Fashion,Metro,Mobile
C06848,2025-10-04,MT03,35-44,Cosmetics,35-44 | Cosmetics,Metro,Mobile
C06849,2025-10-04,MT03,45+,Fashion,45+ | Fashion,Metro,Mobile
C06850,2025-10-04,TT01,18-24,Cosmetics,18-24 | Cosmetics,Other,Mobile
C06851,2025-10-04,TT02,35-44,Cosmetics,35-44 | Cosmetics,Metro,Mobile
C06852,2025-10-04,TT02,25-34,Fashion,25-34 | Fashion,Metro,Mobile
C06853,2025-10-04,TT02,25-34,Cosmetics,25-34 | Cosmetics,Metro,Mobile
C06854,2025-10-04,EM02,45+,Cosmetics,45+ | Cosmetics,Other,Mobile
C06855,2025-10-04,EM02,45+,Fashion,45+ | Fashion,Metro,Desktop
C06856,2025-10-04,OR01,45+,Cosmetics,45+ | Cosmetics,Metro,Mobile
C06857,2025-10-04,OR01,25-34,Cosmetics,25-34 | Cosmetics,Metro,Desktop
C06858,2025-10-04,OR02,18-24,Cosmetics,18-24 | Cosmetics,Metro,Mobile
C06859,2025-10-04,OR02,18-24,Cosmetics,18-24 | Cosmetics,Metro,Mobile
C06860,2025-10-05,GG01,35-44,Fashion,35-44 | Fashion,Metro,Mobile
C06861,2025-10-05,GG01,25-34,Cosmetics,25-34 | Cosmetics,Metro,Desktop
C06862,2025-10-05,GG01,25-34,Cosmetics,25-34 | Cosmetics,Other,Desktop
C06863,2025-10-05,GG02,18-24,Fashion,18-24 | Fashion,Metro,Mobile
C06864,2025-10-05,GG02,35-44,Fashion,35-44 | Fashion,Metro,Mobile
C06865,2025-10-05,GG02,35-44,Cosmetics,35-44 | Cosmetics,Other,Mobile
C06866,2025-10-05,GG03,18-24,Fashion,18-24 | Fashion,Metro,Desktop
C06867,2025-10-05,MT01,25-34,Cosmetics,25-34 | Cosmetics,Metro,Mobile
C06868,2025-10-05,MT01,25-34,Fashion,25-34 | Fashion,Metro,Mobile
C06869,2025-10-05,MT01,25-34,Fashion,25-34 | Fashion,Other,Mobile
C06870,2025-10-05,MT01,35-44,Cosmetics,35-44 | Cosmetics,Other,Desktop
C06871,2025-10-05,MT01,18-24,Cosmetics,18-24 | Cosmetics,Other,Mobile
C06872,2025-10-05,MT01,35-44,Cosmetics,35-44 | Cosmetics,Other,Mobile
C06873,2025-10-05,MT01,25-34,Cosmetics,25-34 | Cosmetics,Metro,Mobile
C06874,2025-10-05,MT02,25-34,Fashion,25-34 | Fashion,Other,Mobile
C06875,2025-10-05,MT02,25-34,Fashion,25-34 | Fashion,Other,Mobile
C06876,2025-10-05,MT02,45+,Cosmetics,45+ | Cosmetics,Metro,Mobile
C06877,2025-10-05,MT03,18-24,Cosmetics,18-24 | Cosmetics,Other,Mobile
C06878,2025-10-05,MT03,18-24,Fashion,18-24 | Fashion,Metro,Mobile
C06879,2025-10-05,MT03,35-44,Fashion,35-44 | Fashion,Other,Desktop
C06880,2025-10-05,TT01,18-24,Cosmetics,18-24 | Cosmetics,Metro,Mobile
C06881,2025-10-05,TT01,18-24,Cosmetics,18-24 | Cosmetics,Metro,Mobile
C06882,2025-10-05,TT01,18-24,Fashion,18-24 | Fashion,Metro,Mobile
C06883,2025-10-05,TT02,35-44,Cosmetics,35-44 | Cosmetics,Metro,Mobile
C06884,2025-10-05,EM01,35-44,Fashion,35-44 | Fashion,Other,Mobile
C06885,2025-10-05,EM01,25-34,Cosmetics,25-34 | Cosmetics,Other,Desktop
C06886,2025-10-05,OR01,45+,Fashion,45+ | Fashion,Metro,Mobile
C06887,2025-10-05,OR01,45+,Fashion,45+ | Fashion,Metro,Desktop
C06888,2025-10-05,OR01,25-34,Fashion,25-34 | Fashion,Metro,Desktop
C06889,2025-10-05,OR01,35-44,Fashion,35-44 | Fashion,Other,Mobile
C06890,2025-10-05,OR01,45+,Cosmetics,45+ | Cosmetics,Metro,Desktop
C06891,2025-10-05,OR01,35-44,Fashion,35-44 | Fashion,Metro,Mobile
C06892,2025-10-05,OR01,25-34,Cosmetics,25-34 | Cosmetics,Metro,Desktop
C06893,2025-10-05,OR01,18-24,Fashion,18-24 | Fashion,Other,Mobile
C06894,2025-10-06,GG01,25-34,Fashion,25-34 | Fashion,Other,Desktop
C06895,2025-10-06,GG01,25-34,Cosmetics,25-34 | Cosmetics,Metro,Mobile
C06896,2025-10-06,GG02,25-34,Fashion,25-34 | Fashion,Other,Mobile
C06897,2025-10-06,GG02,25-34,Fashion,25-34 | Fashion,Other,Desktop
C06898,2025-10-06,MT01,35-44,Fashion,35-44 | Fashion,Metro,Mobile
C06899,2025-10-06,MT01,35-44,Cosmetics,35-44 | Cosmetics,Metro,Mobile
C06900,2025-10-06,MT01,45+,Cosmetics,45+ | Cosmetics,Metro,Mobile
C06901,2025-10-06,MT02,45+,Cosmetics,45+ | Cosmetics,Metro,Mobile
C06902,2025-10-06,MT02,25-34,Fashion,25-34 | Fashion,Metro,Mobile
C06903,2025-10-06,MT02,35-44,Fashion,35-44 | Fashion,Metro,Mobile
C06904,2025-10-06,MT03,25-34,Fashion,25-34 | Fashion,Other,Mobile
C06905,2025-10-06,TT01,35-44,Cosmetics,35-44 | Cosmetics,Metro,Mobile
C06906,2025-10-06,TT01,25-34,Cosmetics,25-34 | Cosmetics,Metro,Mobile
C06907,2025-10-06,TT01,18-24,Cosmetics,18-24 | Cosmetics,Other,Mobile
C06908,2025-10-06,TT02,45+,Cosmetics,45+ | Cosmetics,Metro,Mobile
C06909,2025-10-06,TT02,25-34,Fashion,25-34 | Fashion,Other,Mobile
C06910,2025-10-06,TT02,25-34,Cosmetics,25-34 | Cosmetics,Metro,Mobile
C06911,2025-10-06,TT02,18-24,Cosmetics,18-24 | Cosmetics,Other,Mobile
C06912,2025-10-06,TT02,25-34,Fashion,25-34 | Fashion,Metro,Mobile
C06913,2025-10-06,EM01,18-24,Fashion,18-24 | Fashion,Metro,Mobile
C06914,2025-10-06,OR01,25-34,Cosmetics,25-34 | Cosmetics,Metro,Mobile
C06915,2025-10-06,OR01,25-34,Cosmetics,25-34 | Cosmetics,Metro,Mobile
C06916,2025-10-06,OR01,18-24,Cosmetics,18-24 | Cosmetics,Other,Mobile
C06917,2025-10-06,OR02,18-24,Cosmetics,18-24 | Cosmetics,Other,Mobile
C06918,2025-10-07,GG01,45+,Fashion,45+ | Fashion,Metro,Mobile
C06919,2025-10-07,GG02,25-34,Cosmetics,25-34 | Cosmetics,Metro,Mobile
C06920,2025-10-07,GG02,25-34,Fashion,25-34 | Fashion,Other,Desktop
C06921,2025-10-07,GG03,35-44,Cosmetics,35-44 | Cosmetics,Other,Desktop
C06922,2025-10-07,GG03,18-24,Fashion,18-24 | Fashion,Metro,Desktop
C06923,2025-10-07,GG03,25-34,Fashion,25-34 | Fashion,Other,Mobile
C06924,2025-10-07,MT01,18-24,Cosmetics,18-24 | Cosmetics,Metro,Mobile
C06925,2025-10-07,MT01,25-34,Cosmetics,25-34 | Cosmetics,Metro,Mobile
C06926,2025-10-07,MT01,45+,Cosmetics,45+ | Cosmetics,Other,Mobile
C06927,2025-10-07,MT02,45+,Fashion,45+ | Fashion,Other,Mobile
C06928,2025-10-07,MT03,25-34,Fashion,25-34 | Fashion,Metro,Mobile
C06929,2025-10-07,TT01,18-24,Cosmetics,18-24 | Cosmetics,Metro,Mobile
C06930,2025-10-07,TT02,25-34,Cosmetics,25-34 | Cosmetics,Metro,Mobile
C06931,2025-10-07,TT02,18-24,Cosmetics,18-24 | Cosmetics,Metro,Mobile
C06932,2025-10-07,TT02,18-24,Cosmetics,18-24 | Cosmetics,Metro,Mobile
C06933,2025-10-07,EM01,45+,Cosmetics,45+ | Cosmetics,Metro,Desktop
C06934,2025-10-07,EM01,25-34,Fashion,25-34 | Fashion,Metro,Mobile
C06935,2025-10-07,EM01,25-34,Cosmetics,25-34 | Cosmetics,Other,Mobile
C06936,2025-10-07,OR01,35-44,Cosmetics,35-44 | Cosmetics,Metro,Mobile
C06937,2025-10-07,OR01,25-34,Fashion,25-34 | Fashion,Metro,Mobile
C06938,2025-10-07,OR02,25-34,Cosmetics,25-34 | Cosmetics,Metro,Desktop
C06939,2025-10-07,OR02,35-44,Cosmetics,35-44 | Cosmetics,Metro,Mobile
C06940,2025-10-08,GG01,25-34,Cosmetics,25-34 | Cosmetics,Other,Desktop
C06941,2025-10-08,GG01,25-34,Fashion,25-34 | Fashion,Metro,Mobile
C06942,2025-10-08,GG01,45+,Cosmetics,45+ | Cosmetics,Metro,Mobile
C06943,2025-10-08,GG01,35-44,Cosmetics,35-44 | Cosmetics,Other,Desktop
C06944,2025-10-08,GG02,35-44,Fashion,35-44 | Fashion,Metro,Desktop
C06945,2025-10-08,GG02,25-34,Fashion,25-34 | Fashion,Other,Mobile
C06946,2025-10-08,GG02,35-44,Cosmetics,35-44 | Cosmetics,Metro,Desktop
C06947,2025-10-08,GG03,25-34,Cosmetics,25-34 | Cosmetics,Metro,Desktop
C06948,2025-10-08,GG03,35-44,Fashion,35-44 | Fashion,Other,Mobile
C06949,2025-10-08,GG03,18-24,Fashion,18-24 | Fashion,Other,Desktop
C06950,2025-10-08,GG03,25-34,Fashion,25-34 | Fashion,Other,Mobile
C06951,2025-10-08,MT01,35-44,Fashion,35-44 | Fashion,Metro,Mobile
C06952,2025-10-08,MT01,18-24,Fashion,18-24 | Fashion,Metro,Desktop
C06953,2025-10-08,MT01,25-34,Cosmetics,25-34 | Cosmetics,Metro,Mobile
C06954,2025-10-08,MT01,35-44,Cosmetics,35-44 | Cosmetics,Metro,Mobile
C06955,2025-10-08,MT01,25-34,Cosmetics,25-34 | Cosmetics,Metro,Desktop
C06956,2025-10-08,MT01,25-34,Cosmetics,25-34 | Cosmetics,Metro,Mobile
C06957,2025-10-08,MT01,35-44,Fashion,35-44 | Fashion,Metro,Mobile
C06958,2025-10-08,MT02,25-34,Fashion,25-34 | Fashion,Other,Mobile
C06959,2025-10-08,MT02,25-34,Fashion,25-34 | Fashion,Metro,Mobile
C06960,2025-10-08,MT03,45+,Fashion,45+ | Fashion,Metro,Mobile
C06961,2025-10-08,MT03,18-24,Fashion,18-24 | Fashion,Metro,Mobile
C06962,2025-10-08,MT03,25-34,Cosmetics,25-34 | Cosmetics,Metro,Mobile
C06963,2025-10-08,TT01,18-24,Cosmetics,18-24 | Cosmetics,Metro,Mobile
C06964,2025-10-08,TT01,25-34,Cosmetics,25-34 | Cosmetics,Metro,Mobile
C06965,2025-10-08,TT01,25-34,Cosmetics,25-34 | Cosmetics,Metro,Mobile
C06966,2025-10-08,EM01,18-24,Cosmetics,18-24 | Cosmetics,Other,Mobile
C06967,2025-10-08,EM01,35-44,Fashion,35-44 | Fashion,Metro,Mobile
C06968,2025-10-08,EM01,25-34,Cosmetics,25-34 | Cosmetics,Metro,Mobile
C06969,2025-10-08,EM02,35-44,Fashion,35-44 | Fashion,Other,Desktop
C06970,2025-10-08,EM02,35-44,Cosmetics,35-44 | Cosmetics,Metro,Mobile
C06971,2025-10-08,OR01,18-24,Fashion,18-24 | Fashion,Other,Mobile
C06972,2025-10-08,OR01,25-34,Fashion,25-34 | Fashion,Metro,Mobile
C06973,2025-10-08,OR01,18-24,Fashion,18-24 | Fashion,Metro,Mobile
C06974,2025-10-08,OR02,18-24,Cosmetics,18-24 | Cosmetics,Other,Mobile
C06975,2025-10-08,OR02,25-34,Cosmetics,25-34 | Cosmetics,Metro,Mobile
C06976,2025-10-09,GG01,18-24,Cosmetics,18-24 | Cosmetics,Metro,Mobile
C06977,2025-10-09,GG02,18-24,Cosmetics,18-24 | Cosmetics,Other,Desktop
C06978,2025-10-09,GG02,18-24,Cosmetics,18-24 | Cosmetics,Metro,Desktop
C06979,2025-10-09,GG02,25-34,Fashion,25-34 | Fashion,Other,Mobile
C06980,2025-10-09,GG03,35-44,Fashion,35-44 | Fashion,Other,Mobile
C06981,2025-10-09,GG03,18-24,Cosmetics,18-24 | Cosmetics,Other,Desktop
C06982,2025-10-09,GG03,45+,Fashion,45+ | Fashion,Other,Desktop
C06983,2025-10-09,MT01,25-34,Cosmetics,25-34 | Cosmetics,Other,Mobile
C06984,2025-10-09,MT01,18-24,Cosmetics,18-24 | Cosmetics,Metro,Mobile
C06985,2025-10-09,MT02,25-34,Cosmetics,25-34 | Cosmetics,Other,Mobile
C06986,2025-10-09,MT02,25-34,Fashion,25-34 | Fashion,Other,Mobile
C06987,2025-10-09,MT02,35-44,Cosmetics,35-44 | Cosmetics,Other,Mobile
C06988,2025-10-09,MT03,45+,Cosmetics,45+ | Cosmetics,Metro,Mobile
C06989,2025-10-09,MT03,25-34,Fashion,25-34 | Fashion,Other,Mobile
C06990,2025-10-09,MT03,25-34,Cosmetics,25-34 | Cosmetics,Metro,Mobile
C06991,2025-10-09,TT01,18-24,Cosmetics,18-24 | Cosmetics,Other,Mobile
C06992,2025-10-09,TT01,45+,Fashion,45+ | Fashion,Other,Mobile
C06993,2025-10-09,TT01,18-24,Fashion,18-24 | Fashion,Metro,Mobile
C06994,2025-10-09,TT02,18-24,Cosmetics,18-24 | Cosmetics,Metro,Mobile
C06995,2025-10-09,TT02,25-34,Fashion,25-34 | Fashion,Metro,Mobile
C06996,2025-10-09,EM01,35-44,Cosmetics,35-44 | Cosmetics,Other,Mobile
C06997,2025-10-09,EM01,35-44,Cosmetics,35-44 | Cosmetics,Metro,Mobile
C06998,2025-10-09,EM01,18-24,Fashion,18-24 | Fashion,Metro,Desktop
C06999,2025-10-09,OR01,35-44,Cosmetics,35-44 | Cosmetics,Other,Mobile
C07000,2025-10-09,OR01,25-34,Fashion,25-34 | Fashion,Other,Desktop
C07001,2025-10-09,OR01,45+,Fashion,45+ | Fashion,Other,Mobile
C07002,2025-10-09,OR01,35-44,Cosmetics,35-44 | Cosmetics,Other,Mobile
C07003,2025-10-09,OR02,18-24,Cosmetics,18-24 | Cosmetics,Other,Mobile
C07004,2025-10-09,OR02,25-34,Fashion,25-34 | Fashion,Other,Mobile
C07005,2025-10-10,GG01,25-34,Fashion,25-34 | Fashion,Metro,Mobile
C07006,2025-10-10,GG01,25-34,Cosmetics,25-34 | Cosmetics,Metro,Mobile
C07007,2025-10-10,GG01,35-44,Fashion,35-44 | Fashion,Metro,Mobile
C07008,2025-10-10,GG01,25-34,Cosmetics,25-34 | Cosmetics,Metro,Desktop
C07009,2025-10-10,GG01,18-24,Cosmetics,18-24 | Cosmetics,Other,Desktop
C07010,2025-10-10,GG01,18-24,Cosmetics,18-24 | Cosmetics,Metro,Desktop
C07011,2025-10-10,GG02,25-34,Fashion,25-34 | Fashion,Metro,Desktop
C07012,2025-10-10,GG02,45+,Fashion,45+ | Fashion,Other,Mobile
C07013,2025-10-10,GG02,25-34,Cosmetics,25-34 | Cosmetics,Metro,Mobile
C07014,2025-10-10,GG02,25-34,Cosmetics,25-34 | Cosmetics,Other,Mobile
C07015,2025-10-10,GG02,25-34,Cosmetics,25-34 | Cosmetics,Metro,Mobile
C07016,2025-10-10,GG03,25-34,Cosmetics,25-34 | Cosmetics,Metro,Desktop
C07017,2025-10-10,GG03,25-34,Fashion,25-34 | Fashion,Metro,Mobile
C07018,2025-10-10,GG03,25-34,Fashion,25-34 | Fashion,Other,Desktop
C07019,2025-10-10,GG03,25-34,Cosmetics,25-34 | Cosmetics,Metro,Mobile
C07020,2025-10-10,GG03,25-34,Fashion,25-34 | Fashion,Other,Mobile
C07021,2025-10-10,MT01,25-34,Cosmetics,25-34 | Cosmetics,Metro,Desktop
C07022,2025-10-10,MT01,25-34,Cosmetics,25-34 | Cosmetics,Metro,Mobile
C07023,2025-10-10,MT02,25-34,Cosmetics,25-34 | Cosmetics,Other,Mobile
C07024,2025-10-10,MT02,25-34,Cosmetics,25-34 | Cosmetics,Metro,Mobile
C07025,2025-10-10,MT03,18-24,Cosmetics,18-24 | Cosmetics,Other,Mobile
C07026,2025-10-10,TT01,25-34,Cosmetics,25-34 | Cosmetics,Metro,Mobile
C07027,2025-10-10,TT02,35-44,Cosmetics,35-44 | Cosmetics,Other,Mobile
C07028,2025-10-10,EM01,25-34,Cosmetics,25-34 | Cosmetics,Metro,Desktop
C07029,2025-10-10,EM01,25-34,Cosmetics,25-34 | Cosmetics,Metro,Mobile
C07030,2025-10-10,EM01,45+,Fashion,45+ | Fashion,Metro,Mobile
C07031,2025-10-10,EM02,35-44,Cosmetics,35-44 | Cosmetics,Other,Mobile
C07032,2025-10-10,EM02,45+,Fashion,45+ | Fashion,Metro,Mobile
C07033,2025-10-10,EM02,35-44,Cosmetics,35-44 | Cosmetics,Metro,Mobile
C07034,2025-10-10,OR01,35-44,Cosmetics,35-44 | Cosmetics,Metro,Desktop
C07035,2025-10-10,OR01,25-34,Cosmetics,25-34 | Cosmetics,Other,Mobile
C07036,2025-10-10,OR01,35-44,Fashion,35-44 | Fashion,Other,Mobile
C07037,2025-10-10,OR01,35-44,Fashion,35-44 | Fashion,Other,Desktop
C07038,2025-10-10,OR01,45+,Fashion,45+ | Fashion,Metro,Desktop
C07039,2025-10-10,OR02,18-24,Fashion,18-24 | Fashion,Metro,Mobile
C07040,2025-10-10,OR02,18-24,Cosmetics,18-24 | Cosmetics,Metro,Desktop
C07041,2025-10-10,OR02,35-44,Fashion,35-44 | Fashion,Metro,Mobile
C07042,2025-10-11,GG01,35-44,Fashion,35-44 | Fashion,Metro,Desktop
C07043,2025-10-11,GG02,25-34,Fashion,25-34 | Fashion,Metro,Desktop
C07044,2025-10-11,GG02,35-44,Cosmetics,35-44 | Cosmetics,Other,Mobile
C07045,2025-10-11,GG02,45+,Cosmetics,45+ | Cosmetics,Metro,Desktop
C07046,2025-10-11,GG02,25-34,Cosmetics,25-34 | Cosmetics,Metro,Mobile
C07047,2025-10-11,GG03,35-44,Fashion,35-44 | Fashion,Metro,Mobile
C07048,2025-10-11,GG03,35-44,Fashion,35-44 | Fashion,Other,Mobile
C07049,2025-10-11,GG03,25-34,Fashion,25-34 | Fashion,Metro,Mobile
C07050,2025-10-11,MT01,25-34,Cosmetics,25-34 | Cosmetics,Metro,Mobile
C07051,2025-10-11,MT01,35-44,Cosmetics,35-44 | Cosmetics,Other,Desktop
C07052,2025-10-11,MT01,25-34,Fashion,25-34 | Fashion,Metro,Desktop
C07053,2025-10-11,MT02,25-34,Cosmetics,25-34 | Cosmetics,Other,Mobile
C07054,2025-10-11,MT02,35-44,Fashion,35-44 | Fashion,Metro,Mobile
C07055,2025-10-11,MT02,18-24,Cosmetics,18-24 | Cosmetics,Metro,Mobile
C07056,2025-10-11,MT02,25-34,Cosmetics,25-34 | Cosmetics,Metro,Desktop
C07057,2025-10-11,MT02,18-24,Fashion,18-24 | Fashion,Metro,Mobile
C07058,2025-10-11,MT03,25-34,Cosmetics,25-34 | Cosmetics,Metro,Desktop
C07059,2025-10-11,TT01,35-44,Fashion,35-44 | Fashion,Other,Mobile
C07060,2025-10-11,TT01,25-34,Fashion,25-34 | Fashion,Other,Mobile
C07061,2025-10-11,TT02,18-24,Cosmetics,18-24 | Cosmetics,Metro,Mobile
C07062,2025-10-11,EM01,25-34,Fashion,25-34 | Fashion,Other,Desktop
C07063,2025-10-11,EM01,35-44,Fashion,35-44 | Fashion,Other,Mobile
C07064,2025-10-11,EM02,45+,Fashion,45+ | Fashion,Other,Mobile
C07065,2025-10-11,OR01,35-44,Cosmetics,35-44 | Cosmetics,Other,Mobile
C07066,2025-10-11,OR01,45+,Cosmetics,45+ | Cosmetics,Other,Mobile
C07067,2025-10-11,OR01,45+,Cosmetics,45+ | Cosmetics,Metro,Mobile
C07068,2025-10-11,OR02,25-34,Cosmetics,25-34 | Cosmetics,Other,Mobile
C07069,2025-10-12,GG01,18-24,Fashion,18-24 | Fashion,Other,Desktop
C07070,2025-10-12,GG02,35-44,Cosmetics,35-44 | Cosmetics,Other,Desktop
C07071,2025-10-12,GG02,35-44,Fashion,35-44 | Fashion,Other,Mobile
C07072,2025-10-12,GG02,45+,Fashion,45+ | Fashion,Other,Desktop
C07073,2025-10-12,GG03,25-34,Cosmetics,25-34 | Cosmetics,Other,Desktop
C07074,2025-10-12,GG03,35-44,Fashion,35-44 | Fashion,Metro,Mobile
C07075,2025-10-12,GG03,25-34,Fashion,25-34 | Fashion,Metro,Desktop
C07076,2025-10-12,GG03,35-44,Fashion,35-44 | Fashion,Other,Desktop
C07077,2025-10-12,GG03,45+,Fashion,45+ | Fashion,Metro,Mobile
C07078,2025-10-12,GG03,25-34,Fashion,25-34 | Fashion,Metro,Desktop
C07079,2025-10-12,GG03,35-44,Cosmetics,35-44 | Cosmetics,Other,Mobile
C07080,2025-10-12,MT01,35-44,Cosmetics,35-44 | Cosmetics,Other,Mobile
C07081,2025-10-12,MT01,35-44,Fashion,35-44 | Fashion,Other,Mobile
C07082,2025-10-12,MT01,35-44,Fashion,35-44 | Fashion,Other,Mobile
C07083,2025-10-12,MT01,25-34,Cosmetics,25-34 | Cosmetics,Metro,Mobile
C07084,2025-10-12,MT02,35-44,Cosmetics,35-44 | Cosmetics,Other,Mobile
C07085,2025-10-12,MT02,18-24,Cosmetics,18-24 | Cosmetics,Metro,Mobile
C07086,2025-10-12,MT03,18-24,Fashion,18-24 | Fashion,Metro,Mobile
C07087,2025-10-12,MT03,25-34,Fashion,25-34 | Fashion,Metro,Mobile
C07088,2025-10-12,TT01,18-24,Fashion,18-24 | Fashion,Other,Mobile
C07089,2025-10-12,TT01,18-24,Cosmetics,18-24 | Cosmetics,Metro,Mobile
C07090,2025-10-12,TT01,18-24,Cosmetics,18-24 | Cosmetics,Other,Mobile
C07091,2025-10-12,TT02,18-24,Cosmetics,18-24 | Cosmetics,Metro,Mobile
C07092,2025-10-12,EM01,45+,Fashion,45+ | Fashion,Metro,Mobile
C07093,2025-10-12,OR01,45+,Cosmetics,45+ | Cosmetics,Other,Desktop
C07094,2025-10-12,OR01,35-44,Fashion,35-44 | Fashion,Other,Mobile
C07095,2025-10-12,OR01,25-34,Fashion,25-34 | Fashion,Metro,Desktop
C07096,2025-10-12,OR01,35-44,Fashion,35-44 | Fashion,Other,Mobile
C07097,2025-10-12,OR01,45+,Fashion,45+ | Fashion,Metro,Mobile
C07098,2025-10-12,OR01,45+,Cosmetics,45+ | Cosmetics,Metro,Mobile
C07099,2025-10-12,OR02,18-24,Cosmetics,18-24 | Cosmetics,Other,Mobile
C07100,2025-10-12,OR02,18-24,Fashion,18-24 | Fashion,Other,Mobile
C07101,2025-10-13,GG01,45+,Fashion,45+ | Fashion,Metro,Mobile
C07102,2025-10-13,GG01,25-34,Fashion,25-34 | Fashion,Metro,Desktop
C07103,2025-10-13,GG01,35-44,Fashion,35-44 | Fashion,Metro,Mobile
C07104,2025-10-13,GG02,35-44,Fashion,35-44 | Fashion,Metro,Desktop
C07105,2025-10-13,GG02,25-34,Fashion,25-34 | Fashion,Metro,Mobile
C07106,2025-10-13,GG02,35-44,Cosmetics,35-44 | Cosmetics,Other,Desktop
C07107,2025-10-13,GG03,45+,Fashion,45+ | Fashion,Other,Desktop
C07108,2025-10-13,GG03,35-44,Fashion,35-44 | Fashion,Metro,Mobile
C07109,2025-10-13,GG03,45+,Fashion,45+ | Fashion,Other,Mobile
C07110,2025-10-13,MT01,18-24,Cosmetics,18-24 | Cosmetics,Metro,Desktop
C07111,2025-10-13,MT02,18-24,Cosmetics,18-24 | Cosmetics,Metro,Desktop
C07112,2025-10-13,MT02,35-44,Fashion,35-44 | Fashion,Metro,Desktop
C07113,2025-10-13,TT01,18-24,Cosmetics,18-24 | Cosmetics,Metro,Mobile
C07114,2025-10-13,OR01,45+,Fashion,45+ | Fashion,Other,Mobile
C07115,2025-10-13,OR01,25-34,Cosmetics,25-34 | Cosmetics,Other,Desktop
C07116,2025-10-13,OR01,45+,Fashion,45+ | Fashion,Metro,Mobile
C07117,2025-10-13,OR02,35-44,Cosmetics,35-44 | Cosmetics,Other,Desktop
C07118,2025-10-14,GG01,25-34,Fashion,25-34 | Fashion,Other,Mobile
C07119,2025-10-14,GG02,45+,Cosmetics,45+ | Cosmetics,Metro,Mobile
C07120,2025-10-14,GG02,35-44,Cosmetics,35-44 | Cosmetics,Other,Desktop
C07121,2025-10-14,GG02,45+,Fashion,45+ | Fashion,Metro,Desktop
C07122,2025-10-14,GG02,45+,Fashion,45+ | Fashion,Other,Mobile
C07123,2025-10-14,GG02,25-34,Fashion,25-34 | Fashion,Other,Mobile
C07124,2025-10-14,GG02,45+,Cosmetics,45+ | Cosmetics,Metro,Mobile
C07125,2025-10-14,GG02,35-44,Cosmetics,35-44 | Cosmetics,Metro,Desktop
C07126,2025-10-14,GG02,35-44,Cosmetics,35-44 | Cosmetics,Metro,Desktop
C07127,2025-10-14,GG02,35-44,Fashion,35-44 | Fashion,Metro,Mobile
C07128,2025-10-14,GG03,25-34,Fashion,25-34 | Fashion,Metro,Mobile
C07129,2025-10-14,MT01,35-44,Cosmetics,35-44 | Cosmetics,Metro,Mobile
C07130,2025-10-14,MT01,18-24,Fashion,18-24 | Fashion,Other,Mobile
C07131,2025-10-14,MT01,25-34,Fashion,25-34 | Fashion,Metro,Mobile
C07132,2025-10-14,MT02,18-24,Fashion,18-24 | Fashion,Metro,Mobile
C07133,2025-10-14,MT02,35-44,Cosmetics,35-44 | Cosmetics,Metro,Mobile
C07134,2025-10-14,MT02,25-34,Fashion,25-34 | Fashion,Metro,Mobile
C07135,2025-10-14,MT03,35-44,Cosmetics,35-44 | Cosmetics,Metro,Desktop
C07136,2025-10-14,MT03,45+,Cosmetics,45+ | Cosmetics,Metro,Mobile
C07137,2025-10-14,MT03,35-44,Cosmetics,35-44 | Cosmetics,Other,Mobile
C07138,2025-10-14,TT02,45+,Fashion,45+ | Fashion,Metro,Mobile
C07139,2025-10-14,EM01,18-24,Fashion,18-24 | Fashion,Other,Desktop
C07140,2025-10-14,OR01,25-34,Cosmetics,25-34 | Cosmetics,Other,Mobile
C07141,2025-10-14,OR01,35-44,Fashion,35-44 | Fashion,Other,Mobile
C07142,2025-10-14,OR01,25-34,Fashion,25-34 | Fashion,Other,Mobile
C07143,2025-10-14,OR01,25-34,Cosmetics,25-34 | Cosmetics,Metro,Mobile
C07144,2025-10-14,OR01,25-34,Fashion,25-34 | Fashion,Other,Mobile
C07145,2025-10-14,OR02,25-34,Fashion,25-34 | Fashion,Metro,Desktop
C07146,2025-10-14,OR02,45+,Fashion,45+ | Fashion,Other,Mobile
C07147,2025-10-14,OR02,25-34,Cosmetics,25-34 | Cosmetics,Other,Mobile
C07148,2025-10-14,OR02,25-34,Cosmetics,25-34 | Cosmetics,Metro,Mobile
C07149,2025-10-15,GG01,25-34,Cosmetics,25-34 | Cosmetics,Metro,Desktop
C07150,2025-10-15,GG01,18-24,Fashion,18-24 | Fashion,Other,Desktop
C07151,2025-10-15,GG01,45+,Fashion,45+ | Fashion,Other,Mobile
C07152,2025-10-15,GG01,45+,Fashion,45+ | Fashion,Other,Desktop
C07153,2025-10-15,GG02,45+,Fashion,45+ | Fashion,Other,Mobile
C07154,2025-10-15,GG02,35-44,Cosmetics,35-44 | Cosmetics,Metro,Mobile
C07155,2025-10-15,GG03,35-44,Fashion,35-44 | Fashion,Metro,Desktop
C07156,2025-10-15,GG03,25-34,Fashion,25-34 | Fashion,Other,Mobile
C07157,2025-10-15,GG03,18-24,Fashion,18-24 | Fashion,Metro,Desktop
C07158,2025-10-15,MT01,18-24,Cosmetics,18-24 | Cosmetics,Other,Mobile
C07159,2025-10-15,MT01,25-34,Cosmetics,25-34 | Cosmetics,Metro,Mobile
C07160,2025-10-15,MT01,35-44,Cosmetics,35-44 | Cosmetics,Metro,Mobile
C07161,2025-10-15,MT02,35-44,Fashion,35-44 | Fashion,Other,Mobile
C07162,2025-10-15,MT02,18-24,Cosmetics,18-24 | Cosmetics,Other,Mobile
C07163,2025-10-15,MT02,18-24,Cosmetics,18-24 | Cosmetics,Metro,Mobile
C07164,2025-10-15,MT03,18-24,Cosmetics,18-24 | Cosmetics,Metro,Mobile
C07165,2025-10-15,EM02,25-34,Cosmetics,25-34 | Cosmetics,Metro,Desktop
C07166,2025-10-15,EM02,35-44,Cosmetics,35-44 | Cosmetics,Metro,Mobile
C07167,2025-10-15,OR01,25-34,Cosmetics,25-34 | Cosmetics,Other,Desktop
C07168,2025-10-15,OR01,25-34,Cosmetics,25-34 | Cosmetics,Other,Mobile
C07169,2025-10-15,OR01,35-44,Fashion,35-44 | Fashion,Metro,Mobile
C07170,2025-10-15,OR01,25-34,Fashion,25-34 | Fashion,Metro,Mobile
C07171,2025-10-15,OR01,35-44,Fashion,35-44 | Fashion,Metro,Mobile
C07172,2025-10-15,OR02,25-34,Fashion,25-34 | Fashion,Other,Mobile
C07173,2025-10-16,GG01,18-24,Cosmetics,18-24 | Cosmetics,Other,Mobile
C07174,2025-10-16,GG01,25-34,Cosmetics,25-34 | Cosmetics,Other,Mobile
C07175,2025-10-16,GG01,45+,Fashion,45+ | Fashion,Other,Mobile
C07176,2025-10-16,GG02,35-44,Fashion,35-44 | Fashion,Metro,Desktop
C07177,2025-10-16,GG03,45+,Fashion,45+ | Fashion,Metro,Mobile
C07178,2025-10-16,GG03,25-34,Cosmetics,25-34 | Cosmetics,Metro,Desktop
C07179,2025-10-16,GG03,45+,Fashion,45+ | Fashion,Other,Mobile
C07180,2025-10-16,GG03,35-44,Fashion,35-44 | Fashion,Other,Mobile
C07181,2025-10-16,MT01,25-34,Cosmetics,25-34 | Cosmetics,Metro,Mobile
C07182,2025-10-16,MT01,25-34,Cosmetics,25-34 | Cosmetics,Metro,Mobile
C07183,2025-10-16,MT01,18-24,Cosmetics,18-24 | Cosmetics,Other,Mobile
C07184,2025-10-16,MT02,25-34,Fashion,25-34 | Fashion,Other,Mobile
C07185,2025-10-16,MT02,45+,Fashion,45+ | Fashion,Other,Mobile
C07186,2025-10-16,MT02,35-44,Cosmetics,35-44 | Cosmetics,Metro,Mobile
C07187,2025-10-16,MT03,35-44,Cosmetics,35-44 | Cosmetics,Metro,Mobile
C07188,2025-10-16,MT03,25-34,Cosmetics,25-34 | Cosmetics,Other,Mobile
C07189,2025-10-16,MT03,35-44,Fashion,35-44 | Fashion,Other,Mobile
C07190,2025-10-16,TT01,18-24,Fashion,18-24 | Fashion,Metro,Mobile
C07191,2025-10-16,EM01,25-34,Cosmetics,25-34 | Cosmetics,Metro,Mobile
C07192,2025-10-16,EM01,35-44,Cosmetics,35-44 | Cosmetics,Metro,Mobile
C07193,2025-10-16,EM01,45+,Fashion,45+ | Fashion,Metro,Desktop
C07194,2025-10-16,OR01,18-24,Fashion,18-24 | Fashion,Metro,Mobile
C07195,2025-10-16,OR01,18-24,Fashion,18-24 | Fashion,Other,Desktop
C07196,2025-10-16,OR01,25-34,Fashion,25-34 | Fashion,Other,Desktop
C07197,2025-10-16,OR01,25-34,Cosmetics,25-34 | Cosmetics,Other,Mobile
C07198,2025-10-16,OR02,35-44,Fashion,35-44 | Fashion,Other,Mobile
C07199,2025-10-16,OR02,35-44,Cosmetics,35-44 | Cosmetics,Other,Mobile
C07200,2025-10-16,OR02,18-24,Cosmetics,18-24 | Cosmetics,Other,Mobile
C07201,2025-10-17,GG01,35-44,Fashion,35-44 | Fashion,Other,Mobile
C07202,2025-10-17,GG01,25-34,Fashion,25-34 | Fashion,Other,Mobile
C07203,2025-10-17,GG01,25-34,Fashion,25-34 | Fashion,Other,Mobile
C07204,2025-10-17,GG02,18-24,Cosmetics,18-24 | Cosmetics,Metro,Mobile
C07205,2025-10-17,GG02,25-34,Fashion,25-34 | Fashion,Other,Mobile
C07206,2025-10-17,GG02,45+,Fashion,45+ | Fashion,Metro,Desktop
C07207,2025-10-17,GG02,35-44,Fashion,35-44 | Fashion,Metro,Mobile
C07208,2025-10-17,GG02,18-24,Cosmetics,18-24 | Cosmetics,Other,Desktop
C07209,2025-10-17,GG02,45+,Fashion,45+ | Fashion,Metro,Mobile
C07210,2025-10-17,GG03,45+,Fashion,45+ | Fashion,Metro,Mobile
C07211,2025-10-17,GG03,45+,Fashion,45+ | Fashion,Other,Mobile
C07212,2025-10-17,GG03,35-44,Fashion,35-44 | Fashion,Other,Desktop
C07213,2025-10-17,GG03,45+,Fashion,45+ | Fashion,Metro,Desktop
C07214,2025-10-17,MT01,25-34,Fashion,25-34 | Fashion,Other,Desktop
C07215,2025-10-17,MT01,25-34,Cosmetics,25-34 | Cosmetics,Metro,Mobile
C07216,2025-10-17,MT01,35-44,Cosmetics,35-44 | Cosmetics,Metro,Mobile
C07217,2025-10-17,MT01,35-44,Fashion,35-44 | Fashion,Other,Mobile
C07218,2025-10-17,MT01,45+,Cosmetics,45+ | Cosmetics,Metro,Mobile
C07219,2025-10-17,MT02,25-34,Cosmetics,25-34 | Cosmetics,Metro,Mobile
C07220,2025-10-17,MT02,25-34,Fashion,25-34 | Fashion,Metro,Mobile
C07221,2025-10-17,MT03,25-34,Fashion,25-34 | Fashion,Metro,Mobile
C07222,2025-10-17,MT03,35-44,Cosmetics,35-44 | Cosmetics,Metro,Desktop
C07223,2025-10-17,MT03,45+,Cosmetics,45+ | Cosmetics,Metro,Mobile
C07224,2025-10-17,TT01,18-24,Cosmetics,18-24 | Cosmetics,Other,Mobile
C07225,2025-10-17,TT01,18-24,Fashion,18-24 | Fashion,Metro,Desktop
C07226,2025-10-17,TT01,18-24,Fashion,18-24 | Fashion,Other,Mobile
C07227,2025-10-17,TT02,18-24,Cosmetics,18-24 | Cosmetics,Other,Mobile
C07228,2025-10-17,EM01,25-34,Fashion,25-34 | Fashion,Metro,Mobile
C07229,2025-10-17,OR01,45+,Cosmetics,45+ | Cosmetics,Metro,Mobile
C07230,2025-10-17,OR01,35-44,Fashion,35-44 | Fashion,Other,Mobile
C07231,2025-10-17,OR02,25-34,Cosmetics,25-34 | Cosmetics,Other,Mobile
C07232,2025-10-17,OR02,18-24,Fashion,18-24 | Fashion,Other,Mobile
C07233,2025-10-18,GG01,35-44,Fashion,35-44 | Fashion,Other,Mobile
C07234,2025-10-18,GG01,35-44,Fashion,35-44 | Fashion,Metro,Mobile
C07235,2025-10-18,GG02,45+,Cosmetics,45+ | Cosmetics,Metro,Mobile
C07236,2025-10-18,GG02,35-44,Cosmetics,35-44 | Cosmetics,Other,Desktop
C07237,2025-10-18,GG03,35-44,Fashion,35-44 | Fashion,Other,Mobile
C07238,2025-10-18,GG03,35-44,Fashion,35-44 | Fashion,Metro,Mobile
C07239,2025-10-18,GG03,35-44,Fashion,35-44 | Fashion,Metro,Mobile
C07240,2025-10-18,MT01,18-24,Cosmetics,18-24 | Cosmetics,Other,Mobile
C07241,2025-10-18,MT01,25-34,Fashion,25-34 | Fashion,Metro,Desktop
C07242,2025-10-18,MT01,25-34,Fashion,25-34 | Fashion,Other,Mobile
C07243,2025-10-18,MT02,18-24,Cosmetics,18-24 | Cosmetics,Metro,Mobile
C07244,2025-10-18,MT02,25-34,Fashion,25-34 | Fashion,Other,Mobile
C07245,2025-10-18,TT01,18-24,Cosmetics,18-24 | Cosmetics,Other,Mobile
C07246,2025-10-18,TT01,25-34,Fashion,25-34 | Fashion,Other,Mobile
C07247,2025-10-18,TT01,18-24,Cosmetics,18-24 | Cosmetics,Other,Mobile
C07248,2025-10-18,TT02,25-34,Fashion,25-34 | Fashion,Other,Mobile
C07249,2025-10-18,TT02,18-24,Fashion,18-24 | Fashion,Metro,Mobile
C07250,2025-10-18,OR01,35-44,Cosmetics,35-44 | Cosmetics,Metro,Desktop
C07251,2025-10-18,OR01,35-44,Fashion,35-44 | Fashion,Other,Mobile
C07252,2025-10-18,OR01,35-44,Fashion,35-44 | Fashion,Metro,Desktop
C07253,2025-10-18,OR01,45+,Fashion,45+ | Fashion,Metro,Desktop
C07254,2025-10-18,OR01,35-44,Fashion,35-44 | Fashion,Metro,Desktop
C07255,2025-10-18,OR02,35-44,Cosmetics,35-44 | Cosmetics,Metro,Mobile
C07256,2025-10-18,OR02,35-44,Cosmetics,35-44 | Cosmetics,Metro,Mobile
C07257,2025-10-18,OR02,18-24,Fashion,18-24 | Fashion,Other,Mobile
C07258,2025-10-18,OR02,25-34,Fashion,25-34 | Fashion,Other,Mobile
C07259,2025-10-19,GG01,35-44,Cosmetics,35-44 | Cosmetics,Other,Desktop
C07260,2025-10-19,GG01,45+,Fashion,45+ | Fashion,Metro,Desktop
C07261,2025-10-19,GG02,18-24,Fashion,18-24 | Fashion,Metro,Mobile
C07262,2025-10-19,GG02,35-44,Cosmetics,35-44 | Cosmetics,Other,Mobile
C07263,2025-10-19,GG02,18-24,Cosmetics,18-24 | Cosmetics,Other,Desktop
C07264,2025-10-19,GG02,25-34,Fashion,25-34 | Fashion,Other,Desktop
C07265,2025-10-19,GG02,35-44,Cosmetics,35-44 | Cosmetics,Metro,Desktop
C07266,2025-10-19,GG02,45+,Fashion,45+ | Fashion,Metro,Mobile
C07267,2025-10-19,GG03,25-34,Cosmetics,25-34 | Cosmetics,Metro,Desktop
C07268,2025-10-19,GG03,18-24,Cosmetics,18-24 | Cosmetics,Metro,Desktop
C07269,2025-10-19,GG03,25-34,Cosmetics,25-34 | Cosmetics,Other,Desktop
C07270,2025-10-19,MT01,25-34,Cosmetics,25-34 | Cosmetics,Other,Mobile
C07271,2025-10-19,MT01,35-44,Cosmetics,35-44 | Cosmetics,Metro,Mobile
C07272,2025-10-19,MT01,35-44,Cosmetics,35-44 | Cosmetics,Metro,Desktop
C07273,2025-10-19,MT01,25-34,Fashion,25-34 | Fashion,Metro,Mobile
C07274,2025-10-19,MT02,25-34,Cosmetics,25-34 | Cosmetics,Metro,Desktop
C07275,2025-10-19,MT02,45+,Cosmetics,45+ | Cosmetics,Metro,Mobile
C07276,2025-10-19,MT03,18-24,Fashion,18-24 | Fashion,Metro,Mobile
C07277,2025-10-19,MT03,25-34,Fashion,25-34 | Fashion,Metro,Mobile
C07278,2025-10-19,MT03,25-34,Cosmetics,25-34 | Cosmetics,Metro,Desktop
C07279,2025-10-19,TT01,25-34,Cosmetics,25-34 | Cosmetics,Metro,Mobile
C07280,2025-10-19,TT01,25-34,Cosmetics,25-34 | Cosmetics,Other,Mobile
C07281,2025-10-19,TT02,18-24,Fashion,18-24 | Fashion,Metro,Mobile
C07282,2025-10-19,TT02,18-24,Fashion,18-24 | Fashion,Other,Mobile
C07283,2025-10-19,EM02,45+,Cosmetics,45+ | Cosmetics,Other,Desktop
C07284,2025-10-19,EM02,18-24,Cosmetics,18-24 | Cosmetics,Metro,Mobile
C07285,2025-10-19,EM02,25-34,Fashion,25-34 | Fashion,Metro,Mobile
C07286,2025-10-19,OR01,18-24,Fashion,18-24 | Fashion,Metro,Mobile
C07287,2025-10-19,OR01,45+,Cosmetics,45+ | Cosmetics,Other,Desktop
C07288,2025-10-19,OR01,25-34,Fashion,25-34 | Fashion,Other,Mobile
C07289,2025-10-19,OR02,25-34,Fashion,25-34 | Fashion,Other,Mobile
C07290,2025-10-19,OR02,45+,Cosmetics,45+ | Cosmetics,Metro,Mobile
C07291,2025-10-19,OR02,25-34,Cosmetics,25-34 | Cosmetics,Metro,Mobile
C07292,2025-10-19,OR02,18-24,Fashion,18-24 | Fashion,Metro,Mobile
C07293,2025-10-20,GG01,35-44,Cosmetics,35-44 | Cosmetics,Other,Desktop
C07294,2025-10-20,GG01,25-34,Fashion,25-34 | Fashion,Metro,Mobile
C07295,2025-10-20,GG01,35-44,Cosmetics,35-44 | Cosmetics,Other,Desktop
C07296,2025-10-20,GG01,25-34,Cosmetics,25-34 | Cosmetics,Other,Desktop
C07297,2025-10-20,GG01,25-34,Cosmetics,25-34 | Cosmetics,Other,Mobile
C07298,2025-10-20,GG02,25-34,Fashion,25-34 | Fashion,Metro,Mobile
C07299,2025-10-20,GG02,45+,Fashion,45+ | Fashion,Metro,Mobile
C07300,2025-10-20,GG02,45+,Cosmetics,45+ | Cosmetics,Metro,Desktop
C07301,2025-10-20,GG02,18-24,Fashion,18-24 | Fashion,Other,Desktop
C07302,2025-10-20,GG03,25-34,Fashion,25-34 | Fashion,Other,Desktop
C07303,2025-10-20,GG03,25-34,Cosmetics,25-34 | Cosmetics,Other,Mobile
C07304,2025-10-20,GG03,35-44,Fashion,35-44 | Fashion,Metro,Mobile
C07305,2025-10-20,GG03,35-44,Fashion,35-44 | Fashion,Metro,Desktop
C07306,2025-10-20,MT01,25-34,Cosmetics,25-34 | Cosmetics,Metro,Mobile
C07307,2025-10-20,MT01,45+,Fashion,45+ | Fashion,Other,Mobile
C07308,2025-10-20,MT01,18-24,Fashion,18-24 | Fashion,Metro,Mobile
C07309,2025-10-20,MT01,35-44,Fashion,35-44 | Fashion,Metro,Mobile
C07310,2025-10-20,MT02,18-24,Cosmetics,18-24 | Cosmetics,Metro,Mobile
C07311,2025-10-20,MT02,45+,Cosmetics,45+ | Cosmetics,Other,Mobile
C07312,2025-10-20,MT03,25-34,Fashion,25-34 | Fashion,Other,Desktop
C07313,2025-10-20,TT01,18-24,Cosmetics,18-24 | Cosmetics,Other,Mobile
C07314,2025-10-20,TT01,18-24,Cosmetics,18-24 | Cosmetics,Metro,Mobile
C07315,2025-10-20,TT01,25-34,Fashion,25-34 | Fashion,Other,Mobile
C07316,2025-10-20,TT01,18-24,Cosmetics,18-24 | Cosmetics,Other,Mobile
C07317,2025-10-20,EM01,35-44,Cosmetics,35-44 | Cosmetics,Other,Desktop
C07318,2025-10-20,EM02,45+,Cosmetics,45+ | Cosmetics,Metro,Mobile
C07319,2025-10-20,EM02,35-44,Fashion,35-44 | Fashion,Other,Mobile
C07320,2025-10-20,OR01,45+,Cosmetics,45+ | Cosmetics,Metro,Mobile
C07321,2025-10-20,OR01,45+,Fashion,45+ | Fashion,Other,Mobile
C07322,2025-10-20,OR01,25-34,Cosmetics,25-34 | Cosmetics,Other,Mobile
C07323,2025-10-20,OR01,45+,Fashion,45+ | Fashion,Other,Mobile
C07324,2025-10-20,OR01,18-24,Fashion,18-24 | Fashion,Other,Mobile
C07325,2025-10-21,GG01,18-24,Fashion,18-24 | Fashion,Metro,Mobile
C07326,2025-10-21,GG02,25-34,Fashion,25-34 | Fashion,Other,Desktop
C07327,2025-10-21,GG02,35-44,Cosmetics,35-44 | Cosmetics,Metro,Desktop
C07328,2025-10-21,GG02,45+,Fashion,45+ | Fashion,Other,Mobile
C07329,2025-10-21,GG03,35-44,Cosmetics,35-44 | Cosmetics,Metro,Mobile
C07330,2025-10-21,GG03,45+,Cosmetics,45+ | Cosmetics,Metro,Mobile
C07331,2025-10-21,GG03,45+,Fashion,45+ | Fashion,Other,Mobile
C07332,2025-10-21,GG03,45+,Cosmetics,45+ | Cosmetics,Other,Desktop
C07333,2025-10-21,MT01,35-44,Cosmetics,35-44 | Cosmetics,Other,Mobile
C07334,2025-10-21,MT01,18-24,Fashion,18-24 | Fashion,Other,Mobile
C07335,2025-10-21,MT01,45+,Fashion,45+ | Fashion,Metro,Mobile
C07336,2025-10-21,MT02,18-24,Fashion,18-24 | Fashion,Other,Mobile
C07337,2025-10-21,MT02,35-44,Fashion,35-44 | Fashion,Metro,Mobile
C07338,2025-10-21,MT03,25-34,Cosmetics,25-34 | Cosmetics,Other,Mobile
C07339,2025-10-21,MT03,35-44,Fashion,35-44 | Fashion,Metro,Mobile
C07340,2025-10-21,MT03,25-34,Fashion,25-34 | Fashion,Metro,Mobile
C07341,2025-10-21,TT01,18-24,Fashion,18-24 | Fashion,Other,Mobile
C07342,2025-10-21,TT01,25-34,Cosmetics,25-34 | Cosmetics,Metro,Mobile
C07343,2025-10-21,TT01,25-34,Cosmetics,25-34 | Cosmetics,Other,Mobile
C07344,2025-10-21,TT02,18-24,Cosmetics,18-24 | Cosmetics,Other,Mobile
C07345,2025-10-21,OR01,35-44,Fashion,35-44 | Fashion,Metro,Mobile
C07346,2025-10-21,OR01,35-44,Fashion,35-44 | Fashion,Other,Mobile
C07347,2025-10-21,OR02,35-44,Fashion,35-44 | Fashion,Metro,Mobile
C07348,2025-10-22,GG01,25-34,Fashion,25-34 | Fashion,Other,Mobile
C07349,2025-10-22,GG01,35-44,Cosmetics,35-44 | Cosmetics,Other,Mobile
C07350,2025-10-22,GG01,18-24,Cosmetics,18-24 | Cosmetics,Other,Mobile
C07351,2025-10-22,GG01,25-34,Fashion,25-34 | Fashion,Other,Mobile
C07352,2025-10-22,GG01,35-44,Fashion,35-44 | Fashion,Metro,Mobile
C07353,2025-10-22,GG01,35-44,Fashion,35-44 | Fashion,Metro,Desktop
C07354,2025-10-22,GG02,25-34,Cosmetics,25-34 | Cosmetics,Other,Desktop
C07355,2025-10-22,GG03,35-44,Fashion,35-44 | Fashion,Other,Desktop
C07356,2025-10-22,GG03,25-34,Fashion,25-34 | Fashion,Other,Desktop
C07357,2025-10-22,GG03,45+,Fashion,45+ | Fashion,Metro,Mobile
C07358,2025-10-22,GG03,25-34,Fashion,25-34 | Fashion,Metro,Mobile
C07359,2025-10-22,GG03,25-34,Cosmetics,25-34 | Cosmetics,Metro,Mobile
C07360,2025-10-22,MT01,35-44,Fashion,35-44 | Fashion,Other,Mobile
C07361,2025-10-22,MT01,35-44,Cosmetics,35-44 | Cosmetics,Metro,Mobile
C07362,2025-10-22,MT01,18-24,Fashion,18-24 | Fashion,Other,Mobile
C07363,2025-10-22,MT01,18-24,Fashion,18-24 | Fashion,Metro,Mobile
C07364,2025-10-22,MT02,25-34,Cosmetics,25-34 | Cosmetics,Metro,Mobile
C07365,2025-10-22,MT02,18-24,Fashion,18-24 | Fashion,Other,Mobile
C07366,2025-10-22,MT02,35-44,Cosmetics,35-44 | Cosmetics,Metro,Mobile
C07367,2025-10-22,MT02,25-34,Fashion,25-34 | Fashion,Metro,Mobile
C07368,2025-10-22,MT03,18-24,Cosmetics,18-24 | Cosmetics,Other,Mobile
C07369,2025-10-22,MT03,35-44,Cosmetics,35-44 | Cosmetics,Metro,Desktop
C07370,2025-10-22,MT03,35-44,Cosmetics,35-44 | Cosmetics,Other,Mobile
C07371,2025-10-22,TT01,18-24,Fashion,18-24 | Fashion,Metro,Mobile
C07372,2025-10-22,TT01,18-24,Cosmetics,18-24 | Cosmetics,Metro,Mobile
C07373,2025-10-22,TT01,25-34,Cosmetics,25-34 | Cosmetics,Metro,Mobile
C07374,2025-10-22,TT01,18-24,Cosmetics,18-24 | Cosmetics,Other,Mobile
C07375,2025-10-22,TT01,25-34,Fashion,25-34 | Fashion,Other,Mobile
C07376,2025-10-22,TT02,25-34,Cosmetics,25-34 | Cosmetics,Other,Mobile
C07377,2025-10-22,EM01,35-44,Cosmetics,35-44 | Cosmetics,Metro,Desktop
C07378,2025-10-22,EM01,25-34,Cosmetics,25-34 | Cosmetics,Metro,Mobile
C07379,2025-10-22,OR01,45+,Cosmetics,45+ | Cosmetics,Metro,Mobile
C07380,2025-10-22,OR02,18-24,Cosmetics,18-24 | Cosmetics,Other,Mobile
C07381,2025-10-22,OR02,25-34,Cosmetics,25-34 | Cosmetics,Metro,Desktop
C07382,2025-10-22,OR02,25-34,Cosmetics,25-34 | Cosmetics,Metro,Desktop
C07383,2025-10-22,OR02,35-44,Fashion,35-44 | Fashion,Other,Mobile
C07384,2025-10-22,OR02,25-34,Cosmetics,25-34 | Cosmetics,Other,Mobile
C07385,2025-10-23,GG01,45+,Cosmetics,45+ | Cosmetics,Metro,Mobile
C07386,2025-10-23,GG02,35-44,Cosmetics,35-44 | Cosmetics,Other,Mobile
C07387,2025-10-23,GG02,35-44,Fashion,35-44 | Fashion,Other,Mobile
C07388,2025-10-23,GG02,35-44,Fashion,35-44 | Fashion,Other,Desktop
C07389,2025-10-23,GG02,35-44,Cosmetics,35-44 | Cosmetics,Metro,Desktop
C07390,2025-10-23,GG02,18-24,Fashion,18-24 | Fashion,Metro,Mobile
C07391,2025-10-23,GG03,25-34,Fashion,25-34 | Fashion,Other,Desktop
C07392,2025-10-23,MT01,35-44,Cosmetics,35-44 | Cosmetics,Other,Mobile
C07393,2025-10-23,MT01,18-24,Cosmetics,18-24 | Cosmetics,Metro,Mobile
C07394,2025-10-23,MT01,18-24,Cosmetics,18-24 | Cosmetics,Metro,Mobile
C07395,2025-10-23,MT02,45+,Fashion,45+ | Fashion,Other,Mobile
C07396,2025-10-23,MT02,35-44,Cosmetics,35-44 | Cosmetics,Metro,Mobile
C07397,2025-10-23,MT03,25-34,Fashion,25-34 | Fashion,Other,Mobile
C07398,2025-10-23,MT03,45+,Fashion,45+ | Fashion,Other,Mobile
C07399,2025-10-23,MT03,45+,Fashion,45+ | Fashion,Other,Mobile
C07400,2025-10-23,TT01,18-24,Cosmetics,18-24 | Cosmetics,Metro,Mobile
C07401,2025-10-23,TT01,18-24,Fashion,18-24 | Fashion,Metro,Mobile
C07402,2025-10-23,TT01,18-24,Fashion,18-24 | Fashion,Metro,Mobile
C07403,2025-10-23,TT01,25-34,Cosmetics,25-34 | Cosmetics,Metro,Mobile
C07404,2025-10-23,TT02,18-24,Cosmetics,18-24 | Cosmetics,Other,Mobile
C07405,2025-10-23,EM01,35-44,Cosmetics,35-44 | Cosmetics,Other,Desktop
C07406,2025-10-23,EM01,35-44,Cosmetics,35-44 | Cosmetics,Metro,Mobile
C07407,2025-10-23,OR01,25-34,Fashion,25-34 | Fashion,Metro,Mobile
C07408,2025-10-23,OR01,25-34,Cosmetics,25-34 | Cosmetics,Metro,Mobile
C07409,2025-10-23,OR01,18-24,Fashion,18-24 | Fashion,Metro,Mobile
C07410,2025-10-23,OR01,25-34,Fashion,25-34 | Fashion,Metro,Mobile
C07411,2025-10-24,GG01,45+,Cosmetics,45+ | Cosmetics,Other,Mobile
C07412,2025-10-24,GG01,35-44,Cosmetics,35-44 | Cosmetics,Metro,Desktop
C07413,2025-10-24,GG02,25-34,Fashion,25-34 | Fashion,Other,Mobile
C07414,2025-10-24,GG03,35-44,Fashion,35-44 | Fashion,Metro,Mobile
C07415,2025-10-24,MT01,25-34,Cosmetics,25-34 | Cosmetics,Other,Mobile
C07416,2025-10-24,MT02,45+,Fashion,45+ | Fashion,Metro,Mobile
C07417,2025-10-24,MT02,35-44,Cosmetics,35-44 | Cosmetics,Metro,Desktop
C07418,2025-10-24,MT02,25-34,Fashion,25-34 | Fashion,Metro,Mobile
C07419,2025-10-24,MT02,25-34,Fashion,25-34 | Fashion,Other,Mobile
C07420,2025-10-24,TT01,18-24,Cosmetics,18-24 | Cosmetics,Metro,Mobile
C07421,2025-10-24,TT01,35-44,Cosmetics,35-44 | Cosmetics,Metro,Mobile
C07422,2025-10-24,TT01,25-34,Cosmetics,25-34 | Cosmetics,Metro,Mobile
C07423,2025-10-24,TT01,25-34,Cosmetics,25-34 | Cosmetics,Metro,Mobile
C07424,2025-10-24,TT01,25-34,Cosmetics,25-34 | Cosmetics,Other,Mobile
C07425,2025-10-24,TT02,25-34,Cosmetics,25-34 | Cosmetics,Metro,Mobile
C07426,2025-10-24,TT02,45+,Cosmetics,45+ | Cosmetics,Metro,Mobile
C07427,2025-10-24,EM01,45+,Cosmetics,45+ | Cosmetics,Metro,Desktop
C07428,2025-10-24,EM01,35-44,Fashion,35-44 | Fashion,Metro,Mobile
C07429,2025-10-24,OR01,25-34,Fashion,25-34 | Fashion,Metro,Mobile
C07430,2025-10-24,OR01,25-34,Fashion,25-34 | Fashion,Other,Mobile
C07431,2025-10-24,OR01,35-44,Fashion,35-44 | Fashion,Metro,Desktop
C07432,2025-10-24,OR02,18-24,Fashion,18-24 | Fashion,Metro,Mobile
C07433,2025-10-24,OR02,35-44,Fashion,35-44 | Fashion,Metro,Mobile
C07434,2025-10-24,OR02,35-44,Cosmetics,35-44 | Cosmetics,Other,Mobile
C07435,2025-10-25,GG01,25-34,Cosmetics,25-34 | Cosmetics,Other,Mobile
C07436,2025-10-25,GG01,35-44,Fashion,35-44 | Fashion,Other,Mobile
C07437,2025-10-25,GG01,35-44,Fashion,35-44 | Fashion,Metro,Mobile
C07438,2025-10-25,GG02,25-34,Cosmetics,25-34 | Cosmetics,Other,Desktop
C07439,2025-10-25,GG02,45+,Cosmetics,45+ | Cosmetics,Other,Mobile
C07440,2025-10-25,GG02,45+,Cosmetics,45+ | Cosmetics,Other,Desktop
C07441,2025-10-25,GG02,45+,Fashion,45+ | Fashion,Metro,Desktop
C07442,2025-10-25,GG02,18-24,Cosmetics,18-24 | Cosmetics,Metro,Mobile
C07443,2025-10-25,GG03,35-44,Cosmetics,35-44 | Cosmetics,Metro,Desktop
C07444,2025-10-25,GG03,18-24,Cosmetics,18-24 | Cosmetics,Other,Mobile
C07445,2025-10-25,MT01,18-24,Cosmetics,18-24 | Cosmetics,Metro,Mobile
C07446,2025-10-25,MT01,35-44,Cosmetics,35-44 | Cosmetics,Metro,Mobile
C07447,2025-10-25,MT01,25-34,Cosmetics,25-34 | Cosmetics,Metro,Mobile
C07448,2025-10-25,MT02,35-44,Fashion,35-44 | Fashion,Metro,Mobile
C07449,2025-10-25,MT02,25-34,Fashion,25-34 | Fashion,Metro,Mobile
C07450,2025-10-25,MT02,25-34,Cosmetics,25-34 | Cosmetics,Other,Mobile
C07451,2025-10-25,MT03,45+,Cosmetics,45+ | Cosmetics,Metro,Mobile
C07452,2025-10-25,MT03,25-34,Fashion,25-34 | Fashion,Other,Mobile
C07453,2025-10-25,MT03,25-34,Cosmetics,25-34 | Cosmetics,Other,Mobile
C07454,2025-10-25,TT01,18-24,Fashion,18-24 | Fashion,Other,Mobile
C07455,2025-10-25,TT01,18-24,Cosmetics,18-24 | Cosmetics,Other,Mobile
C07456,2025-10-25,TT01,18-24,Cosmetics,18-24 | Cosmetics,Metro,Mobile
C07457,2025-10-25,TT01,18-24,Fashion,18-24 | Fashion,Metro,Mobile
C07458,2025-10-25,TT01,18-24,Cosmetics,18-24 | Cosmetics,Metro,Mobile
C07459,2025-10-25,TT01,25-34,Fashion,25-34 | Fashion,Metro,Mobile
C07460,2025-10-25,TT02,25-34,Fashion,25-34 | Fashion,Metro,Mobile
C07461,2025-10-25,EM01,35-44,Cosmetics,35-44 | Cosmetics,Metro,Mobile
C07462,2025-10-25,OR01,35-44,Fashion,35-44 | Fashion,Metro,Desktop
C07463,2025-10-25,OR01,18-24,Cosmetics,18-24 | Cosmetics,Metro,Mobile
C07464,2025-10-25,OR01,18-24,Fashion,18-24 | Fashion,Metro,Mobile
C07465,2025-10-26,GG01,25-34,Fashion,25-34 | Fashion,Metro,Mobile
C07466,2025-10-26,GG02,35-44,Cosmetics,35-44 | Cosmetics,Other,Mobile
C07467,2025-10-26,GG02,25-34,Cosmetics,25-34 | Cosmetics,Metro,Mobile
C07468,2025-10-26,GG02,25-34,Cosmetics,25-34 | Cosmetics,Other,Desktop
C07469,2025-10-26,GG02,25-34,Cosmetics,25-34 | Cosmetics,Other,Mobile
C07470,2025-10-26,GG03,35-44,Cosmetics,35-44 | Cosmetics,Metro,Desktop
C07471,2025-10-26,MT01,18-24,Cosmetics,18-24 | Cosmetics,Other,Mobile
C07472,2025-10-26,MT01,25-34,Fashion,25-34 | Fashion,Metro,Mobile
C07473,2025-10-26,MT02,25-34,Fashion,25-34 | Fashion,Other,Mobile
C07474,2025-10-26,MT02,35-44,Fashion,35-44 | Fashion,Metro,Mobile
C07475,2025-10-26,MT03,18-24,Cosmetics,18-24 | Cosmetics,Metro,Mobile
C07476,2025-10-26,TT01,25-34,Cosmetics,25-34 | Cosmetics,Metro,Mobile
C07477,2025-10-26,TT01,18-24,Fashion,18-24 | Fashion,Other,Mobile
C07478,2025-10-26,TT01,18-24,Cosmetics,18-24 | Cosmetics,Metro,Mobile
C07479,2025-10-26,TT01,25-34,Cosmetics,25-34 | Cosmetics,Metro,Mobile
C07480,2025-10-26,EM02,35-44,Fashion,35-44 | Fashion,Other,Mobile
C07481,2025-10-26,OR01,45+,Fashion,45+ | Fashion,Metro,Mobile
C07482,2025-10-26,OR01,35-44,Fashion,35-44 | Fashion,Other,Mobile
C07483,2025-10-27,GG01,18-24,Cosmetics,18-24 | Cosmetics,Metro,Mobile
C07484,2025-10-27,GG01,25-34,Fashion,25-34 | Fashion,Other,Mobile
C07485,2025-10-27,GG02,45+,Fashion,45+ | Fashion,Other,Desktop
C07486,2025-10-27,GG03,25-34,Cosmetics,25-34 | Cosmetics,Metro,Desktop
C07487,2025-10-27,MT01,18-24,Fashion,18-24 | Fashion,Other,Mobile
C07488,2025-10-27,MT01,18-24,Fashion,18-24 | Fashion,Metro,Desktop
C07489,2025-10-27,MT02,25-34,Cosmetics,25-34 | Cosmetics,Other,Mobile
C07490,2025-10-27,MT02,18-24,Fashion,18-24 | Fashion,Other,Mobile
C07491,2025-10-27,MT02,45+,Fashion,45+ | Fashion,Metro,Desktop
C07492,2025-10-27,MT03,45+,Fashion,45+ | Fashion,Metro,Mobile
C07493,2025-10-27,MT03,45+,Fashion,45+ | Fashion,Metro,Mobile
C07494,2025-10-27,MT03,35-44,Cosmetics,35-44 | Cosmetics,Metro,Desktop
C07495,2025-10-27,TT02,18-24,Cosmetics,18-24 | Cosmetics,Other,Mobile
C07496,2025-10-27,TT02,18-24,Fashion,18-24 | Fashion,Other,Mobile
C07497,2025-10-27,EM01,35-44,Cosmetics,35-44 | Cosmetics,Metro,Desktop
C07498,2025-10-27,OR01,25-34,Cosmetics,25-34 | Cosmetics,Metro,Mobile
C07499,2025-10-27,OR01,25-34,Fashion,25-34 | Fashion,Metro,Mobile
C07500,2025-10-27,OR02,25-34,Fashion,25-34 | Fashion,Metro,Mobile
C07501,2025-10-27,OR02,25-34,Cosmetics,25-34 | Cosmetics,Other,Mobile
C07502,2025-10-28,GG01,35-44,Fashion,35-44 | Fashion,Metro,Mobile
C07503,2025-10-28,GG01,25-34,Fashion,25-34 | Fashion,Metro,Desktop
C07504,2025-10-28,GG01,25-34,Fashion,25-34 | Fashion,Other,Desktop
C07505,2025-10-28,GG02,25-34,Fashion,25-34 | Fashion,Metro,Mobile
C07506,2025-10-28,GG03,25-34,Cosmetics,25-34 | Cosmetics,Metro,Mobile
C07507,2025-10-28,MT01,25-34,Fashion,25-34 | Fashion,Other,Mobile
C07508,2025-10-28,MT02,35-44,Cosmetics,35-44 | Cosmetics,Metro,Mobile
C07509,2025-10-28,MT02,25-34,Cosmetics,25-34 | Cosmetics,Other,Mobile
C07510,2025-10-28,TT01,25-34,Cosmetics,25-34 | Cosmetics,Metro,Mobile
C07511,2025-10-28,TT02,18-24,Cosmetics,18-24 | Cosmetics,Metro,Mobile
C07512,2025-10-28,TT02,25-34,Fashion,25-34 | Fashion,Metro,Mobile
C07513,2025-10-28,TT02,18-24,Cosmetics,18-24 | Cosmetics,Other,Mobile
C07514,2025-10-28,EM01,25-34,Cosmetics,25-34 | Cosmetics,Other,Desktop
C07515,2025-10-28,EM01,35-44,Cosmetics,35-44 | Cosmetics,Metro,Desktop
C07516,2025-10-28,OR01,18-24,Fashion,18-24 | Fashion,Other,Desktop
C07517,2025-10-28,OR01,25-34,Cosmetics,25-34 | Cosmetics,Metro,Mobile
C07518,2025-10-28,OR01,45+,Cosmetics,45+ | Cosmetics,Other,Mobile
C07519,2025-10-28,OR01,18-24,Fashion,18-24 | Fashion,Metro,Mobile
C07520,2025-10-28,OR01,18-24,Fashion,18-24 | Fashion,Metro,Mobile
C07521,2025-10-29,GG01,45+,Fashion,45+ | Fashion,Metro,Mobile
C07522,2025-10-29,GG01,45+,Fashion,45+ | Fashion,Other,Mobile
C07523,2025-10-29,GG01,25-34,Fashion,25-34 | Fashion,Metro,Mobile
C07524,2025-10-29,GG01,45+,Cosmetics,45+ | Cosmetics,Metro,Desktop
C07525,2025-10-29,GG02,35-44,Fashion,35-44 | Fashion,Other,Desktop
C07526,2025-10-29,GG02,45+,Fashion,45+ | Fashion,Metro,Mobile
C07527,2025-10-29,GG02,35-44,Fashion,35-44 | Fashion,Other,Mobile
C07528,2025-10-29,GG02,18-24,Fashion,18-24 | Fashion,Metro,Desktop
C07529,2025-10-29,GG02,45+,Cosmetics,45+ | Cosmetics,Other,Desktop
C07530,2025-10-29,GG03,25-34,Fashion,25-34 | Fashion,Metro,Desktop
C07531,2025-10-29,GG03,25-34,Fashion,25-34 | Fashion,Metro,Mobile
C07532,2025-10-29,GG03,35-44,Cosmetics,35-44 | Cosmetics,Other,Desktop
C07533,2025-10-29,GG03,18-24,Fashion,18-24 | Fashion,Other,Desktop
C07534,2025-10-29,GG03,25-34,Fashion,25-34 | Fashion,Metro,Mobile
C07535,2025-10-29,GG03,18-24,Fashion,18-24 | Fashion,Other,Mobile
C07536,2025-10-29,GG03,35-44,Fashion,35-44 | Fashion,Other,Desktop
C07537,2025-10-29,MT01,25-34,Cosmetics,25-34 | Cosmetics,Other,Mobile
C07538,2025-10-29,MT02,18-24,Fashion,18-24 | Fashion,Metro,Mobile
C07539,2025-10-29,MT03,25-34,Fashion,25-34 | Fashion,Metro,Mobile
C07540,2025-10-29,TT01,35-44,Cosmetics,35-44 | Cosmetics,Metro,Mobile
C07541,2025-10-29,TT02,25-34,Cosmetics,25-34 | Cosmetics,Metro,Mobile
C07542,2025-10-29,TT02,25-34,Cosmetics,25-34 | Cosmetics,Other,Mobile
C07543,2025-10-29,TT02,18-24,Cosmetics,18-24 | Cosmetics,Other,Mobile
C07544,2025-10-29,TT02,18-24,Cosmetics,18-24 | Cosmetics,Metro,Mobile
C07545,2025-10-29,TT02,25-34,Cosmetics,25-34 | Cosmetics,Metro,Mobile
C07546,2025-10-29,EM01,18-24,Fashion,18-24 | Fashion,Metro,Desktop
C07547,2025-10-29,EM02,45+,Fashion,45+ | Fashion,Metro,Mobile
C07548,2025-10-29,OR01,35-44,Fashion,35-44 | Fashion,Metro,Mobile
C07549,2025-10-29,OR01,45+,Cosmetics,45+ | Cosmetics,Other,Mobile
C07550,2025-10-29,OR01,25-34,Cosmetics,25-34 | Cosmetics,Metro,Mobile
C07551,2025-10-29,OR01,35-44,Fashion,35-44 | Fashion,Metro,Desktop
C07552,2025-10-30,GG01,18-24,Fashion,18-24 | Fashion,Metro,Desktop
C07553,2025-10-30,GG01,45+,Fashion,45+ | Fashion,Metro,Mobile
C07554,2025-10-30,GG02,35-44,Fashion,35-44 | Fashion,Metro,Mobile
C07555,2025-10-30,GG02,35-44,Fashion,35-44 | Fashion,Metro,Mobile
C07556,2025-10-30,GG02,35-44,Fashion,35-44 | Fashion,Metro,Desktop
C07557,2025-10-30,GG02,45+,Fashion,45+ | Fashion,Metro,Mobile
C07558,2025-10-30,GG03,45+,Fashion,45+ | Fashion,Other,Desktop
C07559,2025-10-30,GG03,35-44,Cosmetics,35-44 | Cosmetics,Other,Desktop
C07560,2025-10-30,MT01,25-34,Fashion,25-34 | Fashion,Metro,Mobile
C07561,2025-10-30,MT01,25-34,Cosmetics,25-34 | Cosmetics,Other,Mobile
C07562,2025-10-30,MT01,25-34,Cosmetics,25-34 | Cosmetics,Metro,Mobile
C07563,2025-10-30,MT01,25-34,Cosmetics,25-34 | Cosmetics,Metro,Desktop
C07564,2025-10-30,MT02,35-44,Cosmetics,35-44 | Cosmetics,Metro,Mobile
C07565,2025-10-30,MT02,25-34,Cosmetics,25-34 | Cosmetics,Metro,Mobile
C07566,2025-10-30,MT02,35-44,Fashion,35-44 | Fashion,Metro,Mobile
C07567,2025-10-30,MT03,25-34,Cosmetics,25-34 | Cosmetics,Other,Mobile
C07568,2025-10-30,MT03,35-44,Fashion,35-44 | Fashion,Metro,Mobile
C07569,2025-10-30,TT01,18-24,Cosmetics,18-24 | Cosmetics,Other,Mobile
C07570,2025-10-30,TT01,18-24,Cosmetics,18-24 | Cosmetics,Metro,Mobile
C07571,2025-10-30,TT01,25-34,Fashion,25-34 | Fashion,Metro,Mobile
C07572,2025-10-30,TT01,18-24,Cosmetics,18-24 | Cosmetics,Other,Mobile
C07573,2025-10-30,TT01,25-34,Cosmetics,25-34 | Cosmetics,Metro,Mobile
C07574,2025-10-30,TT01,18-24,Fashion,18-24 | Fashion,Metro,Mobile
C07575,2025-10-30,TT01,18-24,Cosmetics,18-24 | Cosmetics,Other,Mobile
C07576,2025-10-30,TT02,25-34,Cosmetics,25-34 | Cosmetics,Metro,Desktop
C07577,2025-10-30,TT02,18-24,Cosmetics,18-24 | Cosmetics,Metro,Mobile
C07578,2025-10-30,TT02,25-34,Fashion,25-34 | Fashion,Metro,Mobile
C07579,2025-10-30,EM01,35-44,Fashion,35-44 | Fashion,Other,Desktop
C07580,2025-10-30,OR01,45+,Fashion,45+ | Fashion,Metro,Desktop
C07581,2025-10-30,OR01,45+,Fashion,45+ | Fashion,Other,Desktop
C07582,2025-10-30,OR01,25-34,Cosmetics,25-34 | Cosmetics,Other,Mobile
C07583,2025-10-30,OR01,25-34,Cosmetics,25-34 | Cosmetics,Metro,Mobile
C07584,2025-10-30,OR02,25-34,Fashion,25-34 | Fashion,Other,Mobile
C07585,2025-10-31,GG02,35-44,Cosmetics,35-44 | Cosmetics,Metro,Mobile
C07586,2025-10-31,GG02,35-44,Fashion,35-44 | Fashion,Other,Mobile
C07587,2025-10-31,GG02,35-44,Fashion,35-44 | Fashion,Other,Mobile
C07588,2025-10-31,GG03,35-44,Fashion,35-44 | Fashion,Other,Desktop
C07589,2025-10-31,GG03,45+,Fashion,45+ | Fashion,Metro,Mobile
C07590,2025-10-31,MT01,25-34,Fashion,25-34 | Fashion,Other,Mobile
C07591,2025-10-31,MT01,35-44,Cosmetics,35-44 | Cosmetics,Other,Mobile
C07592,2025-10-31,MT01,25-34,Fashion,25-34 | Fashion,Other,Mobile
C07593,2025-10-31,MT01,18-24,Fashion,18-24 | Fashion,Other,Mobile
C07594,2025-10-31,MT01,35-44,Fashion,35-44 | Fashion,Metro,Mobile
C07595,2025-10-31,MT02,35-44,Fashion,35-44 | Fashion,Metro,Mobile
C07596,2025-10-31,MT02,25-34,Cosmetics,25-34 | Cosmetics,Metro,Mobile
C07597,2025-10-31,MT03,18-24,Fashion,18-24 | Fashion,Metro,Desktop
C07598,2025-10-31,TT01,18-24,Fashion,18-24 | Fashion,Metro,Mobile
C07599,2025-10-31,TT01,25-34,Cosmetics,25-34 | Cosmetics,Other,Mobile
C07600,2025-10-31,TT01,18-24,Cosmetics,18-24 | Cosmetics,Other,Mobile
C07601,2025-10-31,TT01,25-34,Fashion,25-34 | Fashion,Metro,Mobile
C07602,2025-10-31,TT01,25-34,Cosmetics,25-34 | Cosmetics,Metro,Mobile
C07603,2025-10-31,TT01,25-34,Cosmetics,25-34 | Cosmetics,Metro,Mobile
C07604,2025-10-31,TT02,18-24,Cosmetics,18-24 | Cosmetics,Other,Desktop
C07605,2025-10-31,TT02,35-44,Fashion,35-44 | Fashion,Metro,Mobile
C07606,2025-10-31,TT02,25-34,Cosmetics,25-34 | Cosmetics,Other,Mobile
C07607,2025-10-31,TT02,25-34,Cosmetics,25-34 | Cosmetics,Metro,Mobile
C07608,2025-10-31,TT02,18-24,Cosmetics,18-24 | Cosmetics,Other,Mobile
C07609,2025-10-31,TT02,35-44,Cosmetics,35-44 | Cosmetics,Metro,Mobile
C07610,2025-10-31,EM02,25-34,Cosmetics,25-34 | Cosmetics,Metro,Mobile
C07611,2025-10-31,OR01,35-44,Fashion,35-44 | Fashion,Other,Desktop
C07612,2025-10-31,OR01,45+,Cosmetics,45+ | Cosmetics,Other,Mobile
C07613,2025-10-31,OR01,35-44,Cosmetics,35-44 | Cosmetics,Metro,Desktop
C07614,2025-10-31,OR01,45+,Cosmetics,45+ | Cosmetics,Metro,Mobile
C07615,2025-10-31,OR01,35-44,Fashion,35-44 | Fashion,Metro,Mobile
C07616,2025-10-31,OR01,18-24,Cosmetics,18-24 | Cosmetics,Metro,Mobile
C07617,2025-10-31,OR02,25-34,Cosmetics,25-34 | Cosmetics,Other,Mobile
C07618,2025-10-31,OR02,18-24,Fashion,18-24 | Fashion,Metro,Mobile
C07619,2025-10-31,OR02,25-34,Cosmetics,25-34 | Cosmetics,Other,Mobile
C07620,2025-11-01,GG01,45+,Fashion,45+ | Fashion,Metro,Mobile
C07621,2025-11-01,GG01,18-24,Cosmetics,18-24 | Cosmetics,Other,Mobile
C07622,2025-11-01,GG01,45+,Fashion,45+ | Fashion,Metro,Desktop
C07623,2025-11-01,GG01,45+,Cosmetics,45+ | Cosmetics,Metro,Desktop
C07624,2025-11-01,GG01,45+,Cosmetics,45+ | Cosmetics,Metro,Mobile
C07625,2025-11-01,GG02,18-24,Cosmetics,18-24 | Cosmetics,Metro,Desktop
C07626,2025-11-01,GG03,25-34,Fashion,25-34 | Fashion,Metro,Mobile
C07627,2025-11-01,GG03,18-24,Cosmetics,18-24 | Cosmetics,Metro,Mobile
C07628,2025-11-01,GG03,35-44,Fashion,35-44 | Fashion,Metro,Mobile
C07629,2025-11-01,GG03,25-34,Fashion,25-34 | Fashion,Other,Mobile
C07630,2025-11-01,MT01,35-44,Fashion,35-44 | Fashion,Other,Mobile
C07631,2025-11-01,MT01,18-24,Cosmetics,18-24 | Cosmetics,Metro,Mobile
C07632,2025-11-01,MT01,25-34,Fashion,25-34 | Fashion,Other,Mobile
C07633,2025-11-01,MT01,35-44,Cosmetics,35-44 | Cosmetics,Other,Desktop
C07634,2025-11-01,MT01,18-24,Fashion,18-24 | Fashion,Metro,Mobile
C07635,2025-11-01,MT01,45+,Cosmetics,45+ | Cosmetics,Other,Mobile
C07636,2025-11-01,MT01,25-34,Fashion,25-34 | Fashion,Other,Mobile
C07637,2025-11-01,MT02,25-34,Fashion,25-34 | Fashion,Other,Mobile
C07638,2025-11-01,MT02,18-24,Cosmetics,18-24 | Cosmetics,Other,Desktop
C07639,2025-11-01,MT02,25-34,Fashion,25-34 | Fashion,Metro,Mobile
C07640,2025-11-01,MT02,25-34,Fashion,25-34 | Fashion,Metro,Mobile
C07641,2025-11-01,MT02,18-24,Cosmetics,18-24 | Cosmetics,Other,Mobile
C07642,2025-11-01,MT02,45+,Cosmetics,45+ | Cosmetics,Other,Mobile
C07643,2025-11-01,MT02,35-44,Fashion,35-44 | Fashion,Other,Mobile
C07644,2025-11-01,MT02,25-34,Fashion,25-34 | Fashion,Metro,Desktop
C07645,2025-11-01,MT03,25-34,Fashion,25-34 | Fashion,Other,Mobile
C07646,2025-11-01,MT03,35-44,Fashion,35-44 | Fashion,Metro,Desktop
C07647,2025-11-01,MT03,35-44,Cosmetics,35-44 | Cosmetics,Metro,Mobile
C07648,2025-11-01,MT03,25-34,Cosmetics,25-34 | Cosmetics,Metro,Mobile
C07649,2025-11-01,TT01,35-44,Cosmetics,35-44 | Cosmetics,Other,Mobile
C07650,2025-11-01,TT01,25-34,Cosmetics,25-34 | Cosmetics,Metro,Mobile
C07651,2025-11-01,TT02,25-34,Cosmetics,25-34 | Cosmetics,Other,Mobile
C07652,2025-11-01,TT02,18-24,Cosmetics,18-24 | Cosmetics,Metro,Mobile
C07653,2025-11-01,EM01,35-44,Cosmetics,35-44 | Cosmetics,Metro,Mobile
C07654,2025-11-01,EM01,45+,Fashion,45+ | Fashion,Metro,Desktop
C07655,2025-11-01,EM01,35-44,Fashion,35-44 | Fashion,Metro,Mobile
C07656,2025-11-01,OR01,25-34,Fashion,25-34 | Fashion,Other,Mobile
C07657,2025-11-01,OR01,45+,Cosmetics,45+ | Cosmetics,Other,Desktop
C07658,2025-11-01,OR01,18-24,Fashion,18-24 | Fashion,Other,Desktop
C07659,2025-11-01,OR02,18-24,Fashion,18-24 | Fashion,Metro,Mobile
C07660,2025-11-02,GG01,45+,Cosmetics,45+ | Cosmetics,Metro,Desktop
C07661,2025-11-02,GG01,35-44,Fashion,35-44 | Fashion,Other,Mobile
C07662,2025-11-02,GG01,18-24,Cosmetics,18-24 | Cosmetics,Metro,Desktop
C07663,2025-11-02,GG02,45+,Fashion,45+ | Fashion,Other,Desktop
C07664,2025-11-02,GG02,25-34,Fashion,25-34 | Fashion,Other,Desktop
C07665,2025-11-02,GG02,25-34,Cosmetics,25-34 | Cosmetics,Other,Desktop
C07666,2025-11-02,GG02,25-34,Fashion,25-34 | Fashion,Metro,Mobile
C07667,2025-11-02,GG03,25-34,Fashion,25-34 | Fashion,Other,Desktop
C07668,2025-11-02,GG03,25-34,Fashion,25-34 | Fashion,Metro,Mobile
C07669,2025-11-02,GG03,25-34,Fashion,25-34 | Fashion,Other,Mobile
C07670,2025-11-02,GG03,25-34,Fashion,25-34 | Fashion,Other,Desktop
C07671,2025-11-02,GG03,25-34,Fashion,25-34 | Fashion,Metro,Desktop
C07672,2025-11-02,GG03,18-24,Fashion,18-24 | Fashion,Other,Desktop
C07673,2025-11-02,GG03,45+,Fashion,45+ | Fashion,Metro,Mobile
C07674,2025-11-02,MT01,35-44,Cosmetics,35-44 | Cosmetics,Other,Mobile
C07675,2025-11-02,MT01,35-44,Fashion,35-44 | Fashion,Other,Mobile
C07676,2025-11-02,MT01,45+,Cosmetics,45+ | Cosmetics,Other,Mobile
C07677,2025-11-02,MT01,25-34,Cosmetics,25-34 | Cosmetics,Metro,Mobile
C07678,2025-11-02,MT01,35-44,Cosmetics,35-44 | Cosmetics,Metro,Mobile
C07679,2025-11-02,MT02,25-34,Cosmetics,25-34 | Cosmetics,Metro,Mobile
C07680,2025-11-02,MT02,25-34,Cosmetics,25-34 | Cosmetics,Metro,Mobile
C07681,2025-11-02,MT02,25-34,Fashion,25-34 | Fashion,Other,Mobile
C07682,2025-11-02,MT02,25-34,Fashion,25-34 | Fashion,Other,Mobile
C07683,2025-11-02,MT02,18-24,Cosmetics,18-24 | Cosmetics,Metro,Desktop
C07684,2025-11-02,MT02,25-34,Fashion,25-34 | Fashion,Other,Mobile
C07685,2025-11-02,MT03,35-44,Fashion,35-44 | Fashion,Metro,Mobile
C07686,2025-11-02,MT03,18-24,Cosmetics,18-24 | Cosmetics,Other,Mobile
C07687,2025-11-02,TT01,25-34,Cosmetics,25-34 | Cosmetics,Other,Mobile
C07688,2025-11-02,TT01,18-24,Fashion,18-24 | Fashion,Metro,Mobile
C07689,2025-11-02,TT01,25-34,Cosmetics,25-34 | Cosmetics,Other,Mobile
C07690,2025-11-02,TT01,45+,Cosmetics,45+ | Cosmetics,Other,Mobile
C07691,2025-11-02,TT01,25-34,Cosmetics,25-34 | Cosmetics,Metro,Mobile
C07692,2025-11-02,TT01,18-24,Fashion,18-24 | Fashion,Metro,Mobile
C07693,2025-11-02,TT01,18-24,Cosmetics,18-24 | Cosmetics,Other,Mobile
C07694,2025-11-02,TT01,25-34,Fashion,25-34 | Fashion,Other,Mobile
C07695,2025-11-02,TT02,25-34,Cosmetics,25-34 | Cosmetics,Other,Mobile
C07696,2025-11-02,TT02,18-24,Fashion,18-24 | Fashion,Metro,Mobile
C07697,2025-11-02,TT02,25-34,Cosmetics,25-34 | Cosmetics,Other,Mobile
C07698,2025-11-02,TT02,25-34,Cosmetics,25-34 | Cosmetics,Metro,Desktop
C07699,2025-11-02,EM01,35-44,Cosmetics,35-44 | Cosmetics,Metro,Mobile
C07700,2025-11-02,EM02,35-44,Cosmetics,35-44 | Cosmetics,Metro,Mobile
C07701,2025-11-02,OR01,35-44,Cosmetics,35-44 | Cosmetics,Metro,Desktop
C07702,2025-11-02,OR01,25-34,Cosmetics,25-34 | Cosmetics,Metro,Desktop
C07703,2025-11-02,OR01,25-34,Fashion,25-34 | Fashion,Metro,Desktop
C07704,2025-11-02,OR01,35-44,Fashion,35-44 | Fashion,Other,Desktop
C07705,2025-11-02,OR01,25-34,Fashion,25-34 | Fashion,Other,Desktop
C07706,2025-11-02,OR01,45+,Fashion,45+ | Fashion,Other,Desktop
C07707,2025-11-02,OR01,25-34,Fashion,25-34 | Fashion,Other,Mobile
C07708,2025-11-02,OR01,35-44,Fashion,35-44 | Fashion,Metro,Desktop
C07709,2025-11-02,OR01,18-24,Cosmetics,18-24 | Cosmetics,Other,Mobile
C07710,2025-11-02,OR01,25-34,Fashion,25-34 | Fashion,Other,Mobile
C07711,2025-11-02,OR01,25-34,Fashion,25-34 | Fashion,Metro,Mobile
C07712,2025-11-02,OR02,35-44,Cosmetics,35-44 | Cosmetics,Other,Desktop
C07713,2025-11-02,OR02,35-44,Cosmetics,35-44 | Cosmetics,Metro,Mobile
C07714,2025-11-03,GG01,45+,Fashion,45+ | Fashion,Other,Desktop
C07715,2025-11-03,GG01,35-44,Fashion,35-44 | Fashion,Metro,Mobile
C07716,2025-11-03,GG02,25-34,Cosmetics,25-34 | Cosmetics,Metro,Desktop
C07717,2025-11-03,GG02,25-34,Cosmetics,25-34 | Cosmetics,Other,Mobile
C07718,2025-11-03,GG03,35-44,Fashion,35-44 | Fashion,Metro,Desktop
C07719,2025-11-03,MT01,25-34,Fashion,25-34 | Fashion,Other,Mobile
C07720,2025-11-03,MT01,25-34,Cosmetics,25-34 | Cosmetics,Metro,Mobile
C07721,2025-11-03,MT01,35-44,Cosmetics,35-44 | Cosmetics,Metro,Mobile
C07722,2025-11-03,MT02,18-24,Fashion,18-24 | Fashion,Other,Desktop
C07723,2025-11-03,MT02,18-24,Fashion,18-24 | Fashion,Other,Desktop
C07724,2025-11-03,MT02,35-44,Fashion,35-44 | Fashion,Metro,Mobile
C07725,2025-11-03,MT03,25-34,Fashion,25-34 | Fashion,Metro,Mobile
C07726,2025-11-03,TT01,45+,Cosmetics,45+ | Cosmetics,Metro,Mobile
C07727,2025-11-03,TT01,18-24,Fashion,18-24 | Fashion,Other,Mobile
C07728,2025-11-03,TT01,45+,Cosmetics,45+ | Cosmetics,Other,Mobile
C07729,2025-11-03,TT01,18-24,Cosmetics,18-24 | Cosmetics,Other,Mobile
C07730,2025-11-03,TT01,18-24,Fashion,18-24 | Fashion,Other,Mobile
C07731,2025-11-03,TT02,18-24,Cosmetics,18-24 | Cosmetics,Other,Mobile
C07732,2025-11-03,TT02,18-24,Cosmetics,18-24 | Cosmetics,Metro,Mobile
C07733,2025-11-03,EM01,35-44,Fashion,35-44 | Fashion,Metro,Mobile
C07734,2025-11-03,EM02,35-44,Cosmetics,35-44 | Cosmetics,Metro,Mobile
C07735,2025-11-03,OR01,25-34,Fashion,25-34 | Fashion,Other,Desktop
C07736,2025-11-03,OR01,35-44,Cosmetics,35-44 | Cosmetics,Metro,Desktop
C07737,2025-11-03,OR01,25-34,Cosmetics,25-34 | Cosmetics,Metro,Mobile
C07738,2025-11-03,OR01,18-24,Cosmetics,18-24 | Cosmetics,Metro,Mobile
C07739,2025-11-03,OR01,45+,Cosmetics,45+ | Cosmetics,Metro,Desktop
C07740,2025-11-03,OR01,35-44,Fashion,35-44 | Fashion,Other,Desktop
C07741,2025-11-03,OR01,45+,Cosmetics,45+ | Cosmetics,Metro,Mobile
C07742,2025-11-03,OR02,18-24,Cosmetics,18-24 | Cosmetics,Metro,Mobile
C07743,2025-11-03,OR02,35-44,Cosmetics,35-44 | Cosmetics,Other,Mobile
C07744,2025-11-03,OR02,18-24,Cosmetics,18-24 | Cosmetics,Metro,Mobile
C07745,2025-11-04,GG01,35-44,Fashion,35-44 | Fashion,Metro,Mobile
C07746,2025-11-04,GG01,25-34,Fashion,25-34 | Fashion,Metro,Desktop
C07747,2025-11-04,GG02,35-44,Cosmetics,35-44 | Cosmetics,Metro,Mobile
C07748,2025-11-04,GG02,25-34,Fashion,25-34 | Fashion,Metro,Desktop
C07749,2025-11-04,GG03,18-24,Cosmetics,18-24 | Cosmetics,Metro,Mobile
C07750,2025-11-04,GG03,18-24,Cosmetics,18-24 | Cosmetics,Other,Mobile
C07751,2025-11-04,GG03,18-24,Fashion,18-24 | Fashion,Metro,Desktop
C07752,2025-11-04,GG03,18-24,Fashion,18-24 | Fashion,Metro,Mobile
C07753,2025-11-04,GG03,18-24,Fashion,18-24 | Fashion,Other,Desktop
C07754,2025-11-04,GG03,25-34,Fashion,25-34 | Fashion,Other,Mobile
C07755,2025-11-04,MT01,25-34,Cosmetics,25-34 | Cosmetics,Other,Mobile
C07756,2025-11-04,MT01,35-44,Cosmetics,35-44 | Cosmetics,Other,Mobile
C07757,2025-11-04,MT01,18-24,Cosmetics,18-24 | Cosmetics,Other,Mobile
C07758,2025-11-04,MT01,18-24,Cosmetics,18-24 | Cosmetics,Metro,Mobile
C07759,2025-11-04,MT01,18-24,Cosmetics,18-24 | Cosmetics,Metro,Mobile
C07760,2025-11-04,MT02,45+,Cosmetics,45+ | Cosmetics,Metro,Mobile
C07761,2025-11-04,MT02,35-44,Fashion,35-44 | Fashion,Other,Mobile
C07762,2025-11-04,TT01,35-44,Cosmetics,35-44 | Cosmetics,Other,Desktop
C07763,2025-11-04,TT01,35-44,Fashion,35-44 | Fashion,Metro,Mobile
C07764,2025-11-04,TT01,18-24,Cosmetics,18-24 | Cosmetics,Metro,Mobile
C07765,2025-11-04,TT01,35-44,Fashion,35-44 | Fashion,Other,Desktop
C07766,2025-11-04,TT01,25-34,Cosmetics,25-34 | Cosmetics,Other,Mobile
C07767,2025-11-04,TT02,25-34,Fashion,25-34 | Fashion,Metro,Mobile
C07768,2025-11-04,TT02,25-34,Fashion,25-34 | Fashion,Other,Mobile
C07769,2025-11-04,TT02,18-24,Cosmetics,18-24 | Cosmetics,Metro,Mobile
C07770,2025-11-04,TT02,25-34,Cosmetics,25-34 | Cosmetics,Other,Mobile
C07771,2025-11-04,OR01,45+,Cosmetics,45+ | Cosmetics,Metro,Desktop
C07772,2025-11-04,OR01,35-44,Cosmetics,35-44 | Cosmetics,Other,Desktop
C07773,2025-11-04,OR01,25-34,Cosmetics,25-34 | Cosmetics,Metro,Mobile
C07774,2025-11-04,OR01,45+,Fashion,45+ | Fashion,Metro,Mobile
C07775,2025-11-04,OR02,18-24,Fashion,18-24 | Fashion,Metro,Mobile
C07776,2025-11-05,GG01,35-44,Fashion,35-44 | Fashion,Metro,Mobile
C07777,2025-11-05,GG01,25-34,Fashion,25-34 | Fashion,Other,Desktop
C07778,2025-11-05,GG01,35-44,Fashion,35-44 | Fashion,Metro,Mobile
C07779,2025-11-05,GG01,18-24,Fashion,18-24 | Fashion,Metro,Desktop
C07780,2025-11-05,GG01,35-44,Fashion,35-44 | Fashion,Other,Mobile
C07781,2025-11-05,GG02,25-34,Cosmetics,25-34 | Cosmetics,Other,Mobile
C07782,2025-11-05,GG02,45+,Cosmetics,45+ | Cosmetics,Metro,Mobile
C07783,2025-11-05,GG02,45+,Fashion,45+ | Fashion,Other,Mobile
C07784,2025-11-05,GG02,35-44,Cosmetics,35-44 | Cosmetics,Metro,Desktop
C07785,2025-11-05,GG02,25-34,Fashion,25-34 | Fashion,Other,Mobile
C07786,2025-11-05,GG03,45+,Cosmetics,45+ | Cosmetics,Metro,Mobile
C07787,2025-11-05,GG03,45+,Fashion,45+ | Fashion,Metro,Mobile
C07788,2025-11-05,GG03,35-44,Fashion,35-44 | Fashion,Other,Mobile
C07789,2025-11-05,GG03,35-44,Cosmetics,35-44 | Cosmetics,Other,Mobile
C07790,2025-11-05,GG03,35-44,Cosmetics,35-44 | Cosmetics,Metro,Mobile
C07791,2025-11-05,GG03,35-44,Cosmetics,35-44 | Cosmetics,Metro,Mobile
C07792,2025-11-05,GG03,45+,Cosmetics,45+ | Cosmetics,Metro,Desktop
C07793,2025-11-05,MT01,25-34,Fashion,25-34 | Fashion,Other,Mobile
C07794,2025-11-05,MT01,18-24,Fashion,18-24 | Fashion,Metro,Mobile
C07795,2025-11-05,MT01,25-34,Cosmetics,25-34 | Cosmetics,Metro,Mobile
C07796,2025-11-05,MT02,45+,Cosmetics,45+ | Cosmetics,Metro,Mobile
C07797,2025-11-05,MT02,25-34,Fashion,25-34 | Fashion,Metro,Mobile
C07798,2025-11-05,MT03,18-24,Cosmetics,18-24 | Cosmetics,Metro,Mobile
C07799,2025-11-05,TT01,25-34,Fashion,25-34 | Fashion,Other,Mobile
C07800,2025-11-05,TT01,25-34,Cosmetics,25-34 | Cosmetics,Metro,Mobile
C07801,2025-11-05,TT01,18-24,Cosmetics,18-24 | Cosmetics,Metro,Mobile
C07802,2025-11-05,TT01,18-24,Cosmetics,18-24 | Cosmetics,Metro,Mobile
C07803,2025-11-05,TT02,18-24,Cosmetics,18-24 | Cosmetics,Metro,Mobile
C07804,2025-11-05,OR01,25-34,Cosmetics,25-34 | Cosmetics,Other,Mobile
C07805,2025-11-05,OR01,35-44,Cosmetics,35-44 | Cosmetics,Other,Desktop
C07806,2025-11-05,OR01,25-34,Cosmetics,25-34 | Cosmetics,Metro,Desktop
C07807,2025-11-05,OR01,25-34,Cosmetics,25-34 | Cosmetics,Other,Desktop
C07808,2025-11-05,OR02,18-24,Fashion,18-24 | Fashion,Metro,Mobile
C07809,2025-11-06,GG01,45+,Cosmetics,45+ | Cosmetics,Other,Mobile
C07810,2025-11-06,GG01,35-44,Fashion,35-44 | Fashion,Other,Mobile
C07811,2025-11-06,GG01,35-44,Cosmetics,35-44 | Cosmetics,Other,Mobile
C07812,2025-11-06,GG01,25-34,Fashion,25-34 | Fashion,Other,Mobile
C07813,2025-11-06,GG01,45+,Fashion,45+ | Fashion,Other,Desktop
C07814,2025-11-06,GG02,18-24,Cosmetics,18-24 | Cosmetics,Other,Desktop
C07815,2025-11-06,GG02,18-24,Fashion,18-24 | Fashion,Other,Desktop
C07816,2025-11-06,GG02,25-34,Fashion,25-34 | Fashion,Other,Desktop
C07817,2025-11-06,GG02,45+,Fashion,45+ | Fashion,Other,Mobile
C07818,2025-11-06,GG02,35-44,Cosmetics,35-44 | Cosmetics,Metro,Desktop
C07819,2025-11-06,GG03,35-44,Fashion,35-44 | Fashion,Other,Mobile
C07820,2025-11-06,GG03,35-44,Fashion,35-44 | Fashion,Other,Desktop
C07821,2025-11-06,GG03,45+,Fashion,45+ | Fashion,Other,Mobile
C07822,2025-11-06,GG03,35-44,Fashion,35-44 | Fashion,Metro,Mobile
C07823,2025-11-06,GG03,25-34,Fashion,25-34 | Fashion,Other,Mobile
C07824,2025-11-06,GG03,18-24,Fashion,18-24 | Fashion,Metro,Desktop
C07825,2025-11-06,GG03,25-34,Fashion,25-34 | Fashion,Other,Desktop
C07826,2025-11-06,GG03,18-24,Cosmetics,18-24 | Cosmetics,Metro,Mobile
C07827,2025-11-06,MT01,45+,Cosmetics,45+ | Cosmetics,Metro,Mobile
C07828,2025-11-06,MT01,35-44,Fashion,35-44 | Fashion,Other,Desktop
C07829,2025-11-06,MT01,35-44,Fashion,35-44 | Fashion,Metro,Mobile
C07830,2025-11-06,MT02,25-34,Fashion,25-34 | Fashion,Metro,Mobile
C07831,2025-11-06,MT02,45+,Cosmetics,45+ | Cosmetics,Metro,Mobile
C07832,2025-11-06,MT02,18-24,Cosmetics,18-24 | Cosmetics,Metro,Mobile
C07833,2025-11-06,MT02,18-24,Fashion,18-24 | Fashion,Metro,Mobile
C07834,2025-11-06,MT03,25-34,Cosmetics,25-34 | Cosmetics,Other,Mobile
C07835,2025-11-06,MT03,25-34,Cosmetics,25-34 | Cosmetics,Other,Mobile
C07836,2025-11-06,MT03,25-34,Cosmetics,25-34 | Cosmetics,Metro,Mobile
C07837,2025-11-06,TT01,18-24,Fashion,18-24 | Fashion,Metro,Mobile
C07838,2025-11-06,TT01,18-24,Fashion,18-24 | Fashion,Metro,Mobile
C07839,2025-11-06,TT01,18-24,Fashion,18-24 | Fashion,Metro,Mobile
C07840,2025-11-06,TT01,18-24,Cosmetics,18-24 | Cosmetics,Metro,Mobile
C07841,2025-11-06,TT01,18-24,Cosmetics,18-24 | Cosmetics,Metro,Mobile
C07842,2025-11-06,TT01,18-24,Cosmetics,18-24 | Cosmetics,Metro,Mobile
C07843,2025-11-06,TT02,18-24,Cosmetics,18-24 | Cosmetics,Other,Desktop
C07844,2025-11-06,TT02,35-44,Fashion,35-44 | Fashion,Metro,Mobile
C07845,2025-11-06,TT02,25-34,Cosmetics,25-34 | Cosmetics,Metro,Desktop
C07846,2025-11-06,TT02,18-24,Fashion,18-24 | Fashion,Other,Mobile
C07847,2025-11-06,TT02,18-24,Cosmetics,18-24 | Cosmetics,Other,Mobile
C07848,2025-11-06,TT02,18-24,Cosmetics,18-24 | Cosmetics,Other,Mobile
C07849,2025-11-06,EM01,25-34,Cosmetics,25-34 | Cosmetics,Metro,Desktop
C07850,2025-11-06,EM01,25-34,Cosmetics,25-34 | Cosmetics,Metro,Mobile
C07851,2025-11-06,OR01,45+,Fashion,45+ | Fashion,Other,Desktop
C07852,2025-11-06,OR01,25-34,Cosmetics,25-34 | Cosmetics,Metro,Mobile
C07853,2025-11-06,OR01,18-24,Fashion,18-24 | Fashion,Other,Mobile
C07854,2025-11-06,OR01,35-44,Cosmetics,35-44 | Cosmetics,Other,Mobile
C07855,2025-11-06,OR02,25-34,Cosmetics,25-34 | Cosmetics,Other,Mobile
C07856,2025-11-07,GG01,35-44,Fashion,35-44 | Fashion,Other,Mobile
C07857,2025-11-07,GG01,25-34,Fashion,25-34 | Fashion,Metro,Mobile
C07858,2025-11-07,GG02,25-34,Fashion,25-34 | Fashion,Other,Mobile
C07859,2025-11-07,GG02,45+,Fashion,45+ | Fashion,Other,Desktop
C07860,2025-11-07,GG02,25-34,Fashion,25-34 | Fashion,Metro,Desktop
C07861,2025-11-07,GG02,25-34,Cosmetics,25-34 | Cosmetics,Metro,Mobile
C07862,2025-11-07,GG03,25-34,Fashion,25-34 | Fashion,Metro,Desktop
C07863,2025-11-07,GG03,18-24,Fashion,18-24 | Fashion,Metro,Mobile
C07864,2025-11-07,MT01,18-24,Fashion,18-24 | Fashion,Metro,Mobile
C07865,2025-11-07,MT01,25-34,Fashion,25-34 | Fashion,Metro,Mobile
C07866,2025-11-07,MT01,35-44,Cosmetics,35-44 | Cosmetics,Metro,Mobile
C07867,2025-11-07,MT02,45+,Fashion,45+ | Fashion,Other,Mobile
C07868,2025-11-07,MT02,35-44,Cosmetics,35-44 | Cosmetics,Metro,Mobile
C07869,2025-11-07,MT02,45+,Cosmetics,45+ | Cosmetics,Other,Mobile
C07870,2025-11-07,MT02,18-24,Cosmetics,18-24 | Cosmetics,Other,Mobile
C07871,2025-11-07,MT02,35-44,Cosmetics,35-44 | Cosmetics,Other,Mobile
C07872,2025-11-07,MT02,25-34,Fashion,25-34 | Fashion,Other,Mobile
C07873,2025-11-07,MT02,25-34,Cosmetics,25-34 | Cosmetics,Other,Mobile
C07874,2025-11-07,MT02,45+,Fashion,45+ | Fashion,Metro,Mobile
C07875,2025-11-07,MT03,25-34,Fashion,25-34 | Fashion,Metro,Mobile
C07876,2025-11-07,MT03,25-34,Fashion,25-34 | Fashion,Other,Mobile
C07877,2025-11-07,TT01,18-24,Cosmetics,18-24 | Cosmetics,Other,Mobile
C07878,2025-11-07,TT01,18-24,Fashion,18-24 | Fashion,Other,Mobile
C07879,2025-11-07,TT01,18-24,Cosmetics,18-24 | Cosmetics,Metro,Mobile
C07880,2025-11-07,TT01,18-24,Cosmetics,18-24 | Cosmetics,Other,Mobile
C07881,2025-11-07,TT01,25-34,Cosmetics,25-34 | Cosmetics,Metro,Mobile
C07882,2025-11-07,TT02,18-24,Cosmetics,18-24 | Cosmetics,Other,Mobile
C07883,2025-11-07,TT02,45+,Fashion,45+ | Fashion,Other,Mobile
C07884,2025-11-07,TT02,18-24,Cosmetics,18-24 | Cosmetics,Other,Mobile
C07885,2025-11-07,TT02,18-24,Fashion,18-24 | Fashion,Metro,Mobile
C07886,2025-11-07,OR01,45+,Cosmetics,45+ | Cosmetics,Other,Mobile
C07887,2025-11-07,OR01,45+,Cosmetics,45+ | Cosmetics,Metro,Desktop
C07888,2025-11-07,OR01,35-44,Cosmetics,35-44 | Cosmetics,Other,Desktop
C07889,2025-11-07,OR02,35-44,Cosmetics,35-44 | Cosmetics,Metro,Mobile
C07890,2025-11-07,OR02,18-24,Fashion,18-24 | Fashion,Metro,Mobile
C07891,2025-11-07,OR02,45+,Fashion,45+ | Fashion,Metro,Desktop
C07892,2025-11-08,GG01,25-34,Fashion,25-34 | Fashion,Other,Mobile
C07893,2025-11-08,GG01,25-34,Fashion,25-34 | Fashion,Metro,Mobile
C07894,2025-11-08,GG01,35-44,Fashion,35-44 | Fashion,Other,Desktop
C07895,2025-11-08,GG01,45+,Fashion,45+ | Fashion,Other,Desktop
C07896,2025-11-08,GG01,35-44,Fashion,35-44 | Fashion,Metro,Mobile
C07897,2025-11-08,GG01,25-34,Fashion,25-34 | Fashion,Other,Desktop
C07898,2025-11-08,GG01,45+,Fashion,45+ | Fashion,Other,Desktop
C07899,2025-11-08,GG01,25-34,Fashion,25-34 | Fashion,Metro,Desktop
C07900,2025-11-08,GG02,25-34,Fashion,25-34 | Fashion,Metro,Desktop
C07901,2025-11-08,GG02,25-34,Fashion,25-34 | Fashion,Other,Desktop
C07902,2025-11-08,GG02,45+,Cosmetics,45+ | Cosmetics,Other,Mobile
C07903,2025-11-08,GG02,25-34,Fashion,25-34 | Fashion,Metro,Mobile
C07904,2025-11-08,GG02,35-44,Fashion,35-44 | Fashion,Metro,Desktop
C07905,2025-11-08,GG02,25-34,Fashion,25-34 | Fashion,Other,Desktop
C07906,2025-11-08,GG02,45+,Cosmetics,45+ | Cosmetics,Metro,Desktop
C07907,2025-11-08,GG02,35-44,Cosmetics,35-44 | Cosmetics,Other,Mobile
C07908,2025-11-08,GG03,25-34,Cosmetics,25-34 | Cosmetics,Metro,Mobile
C07909,2025-11-08,GG03,45+,Cosmetics,45+ | Cosmetics,Metro,Mobile
C07910,2025-11-08,GG03,25-34,Fashion,25-34 | Fashion,Other,Mobile
C07911,2025-11-08,MT01,18-24,Cosmetics,18-24 | Cosmetics,Other,Mobile
C07912,2025-11-08,MT01,25-34,Fashion,25-34 | Fashion,Other,Mobile
C07913,2025-11-08,MT01,45+,Fashion,45+ | Fashion,Other,Mobile
C07914,2025-11-08,MT01,18-24,Fashion,18-24 | Fashion,Metro,Mobile
C07915,2025-11-08,MT01,45+,Cosmetics,45+ | Cosmetics,Metro,Mobile
C07916,2025-11-08,MT01,18-24,Cosmetics,18-24 | Cosmetics,Metro,Mobile
C07917,2025-11-08,MT02,25-34,Fashion,25-34 | Fashion,Metro,Mobile
C07918,2025-11-08,MT02,35-44,Cosmetics,35-44 | Cosmetics,Other,Mobile
C07919,2025-11-08,MT02,45+,Fashion,45+ | Fashion,Metro,Mobile
C07920,2025-11-08,MT02,45+,Fashion,45+ | Fashion,Other,Mobile
C07921,2025-11-08,MT02,18-24,Fashion,18-24 | Fashion,Metro,Mobile
C07922,2025-11-08,MT02,18-24,Cosmetics,18-24 | Cosmetics,Metro,Mobile
C07923,2025-11-08,MT02,45+,Cosmetics,45+ | Cosmetics,Other,Desktop
C07924,2025-11-08,MT03,25-34,Fashion,25-34 | Fashion,Metro,Mobile
C07925,2025-11-08,TT01,25-34,Fashion,25-34 | Fashion,Other,Mobile
C07926,2025-11-08,TT01,25-34,Cosmetics,25-34 | Cosmetics,Other,Mobile
C07927,2025-11-08,TT01,25-34,Cosmetics,25-34 | Cosmetics,Metro,Mobile
C07928,2025-11-08,TT01,45+,Cosmetics,45+ | Cosmetics,Metro,Mobile
C07929,2025-11-08,TT01,25-34,Cosmetics,25-34 | Cosmetics,Other,Mobile
C07930,2025-11-08,TT01,18-24,Cosmetics,18-24 | Cosmetics,Other,Mobile
C07931,2025-11-08,TT01,18-24,Cosmetics,18-24 | Cosmetics,Metro,Mobile
C07932,2025-11-08,TT02,25-34,Cosmetics,25-34 | Cosmetics,Metro,Mobile
C07933,2025-11-08,TT02,18-24,Cosmetics,18-24 | Cosmetics,Other,Mobile
C07934,2025-11-08,TT02,18-24,Cosmetics,18-24 | Cosmetics,Metro,Mobile
C07935,2025-11-08,TT02,25-34,Cosmetics,25-34 | Cosmetics,Other,Mobile
C07936,2025-11-08,OR01,25-34,Cosmetics,25-34 | Cosmetics,Metro,Mobile
C07937,2025-11-08,OR01,35-44,Fashion,35-44 | Fashion,Other,Mobile
C07938,2025-11-08,OR02,25-34,Cosmetics,25-34 | Cosmetics,Metro,Mobile
C07939,2025-11-09,GG01,45+,Fashion,45+ | Fashion,Metro,Mobile
C07940,2025-11-09,GG01,25-34,Fashion,25-34 | Fashion,Other,Mobile
C07941,2025-11-09,GG01,35-44,Fashion,35-44 | Fashion,Other,Mobile
C07942,2025-11-09,GG01,45+,Fashion,45+ | Fashion,Metro,Desktop
C07943,2025-11-09,GG01,25-34,Cosmetics,25-34 | Cosmetics,Metro,Desktop
C07944,2025-11-09,GG01,35-44,Fashion,35-44 | Fashion,Other,Mobile
C07945,2025-11-09,GG02,35-44,Fashion,35-44 | Fashion,Metro,Desktop
C07946,2025-11-09,GG02,25-34,Fashion,25-34 | Fashion,Metro,Desktop
C07947,2025-11-09,GG02,45+,Fashion,45+ | Fashion,Metro,Desktop
C07948,2025-11-09,GG02,35-44,Cosmetics,35-44 | Cosmetics,Other,Mobile
C07949,2025-11-09,GG02,25-34,Fashion,25-34 | Fashion,Other,Mobile
C07950,2025-11-09,GG02,45+,Fashion,45+ | Fashion,Metro,Desktop
C07951,2025-11-09,GG03,25-34,Fashion,25-34 | Fashion,Other,Mobile
C07952,2025-11-09,GG03,25-34,Cosmetics,25-34 | Cosmetics,Metro,Mobile
C07953,2025-11-09,GG03,25-34,Fashion,25-34 | Fashion,Metro,Mobile
C07954,2025-11-09,GG03,35-44,Fashion,35-44 | Fashion,Metro,Mobile
C07955,2025-11-09,GG03,35-44,Cosmetics,35-44 | Cosmetics,Other,Mobile
C07956,2025-11-09,MT01,18-24,Fashion,18-24 | Fashion,Other,Mobile
C07957,2025-11-09,MT01,18-24,Fashion,18-24 | Fashion,Metro,Desktop
C07958,2025-11-09,MT01,45+,Cosmetics,45+ | Cosmetics,Metro,Mobile
C07959,2025-11-09,MT02,25-34,Cosmetics,25-34 | Cosmetics,Other,Mobile
C07960,2025-11-09,MT02,25-34,Fashion,25-34 | Fashion,Metro,Mobile
C07961,2025-11-09,MT02,18-24,Fashion,18-24 | Fashion,Other,Mobile
C07962,2025-11-09,MT03,35-44,Cosmetics,35-44 | Cosmetics,Metro,Mobile
C07963,2025-11-09,MT03,18-24,Fashion,18-24 | Fashion,Metro,Mobile
C07964,2025-11-09,MT03,25-34,Cosmetics,25-34 | Cosmetics,Metro,Desktop
C07965,2025-11-09,TT01,25-34,Fashion,25-34 | Fashion,Other,Mobile
C07966,2025-11-09,TT01,25-34,Cosmetics,25-34 | Cosmetics,Other,Mobile
C07967,2025-11-09,TT01,25-34,Fashion,25-34 | Fashion,Other,Mobile
C07968,2025-11-09,TT01,18-24,Cosmetics,18-24 | Cosmetics,Metro,Mobile
C07969,2025-11-09,TT02,18-24,Fashion,18-24 | Fashion,Other,Mobile
C07970,2025-11-09,EM01,18-24,Cosmetics,18-24 | Cosmetics,Metro,Mobile
C07971,2025-11-09,OR01,25-34,Cosmetics,25-34 | Cosmetics,Metro,Mobile
C07972,2025-11-09,OR01,25-34,Fashion,25-34 | Fashion,Other,Mobile
C07973,2025-11-09,OR01,45+,Fashion,45+ | Fashion,Other,Mobile
C07974,2025-11-09,OR01,45+,Fashion,45+ | Fashion,Metro,Mobile
C07975,2025-11-09,OR01,25-34,Fashion,25-34 | Fashion,Metro,Mobile
C07976,2025-11-09,OR01,25-34,Cosmetics,25-34 | Cosmetics,Metro,Mobile
C07977,2025-11-10,GG01,45+,Fashion,45+ | Fashion,Metro,Mobile
C07978,2025-11-10,GG01,25-34,Fashion,25-34 | Fashion,Metro,Desktop
C07979,2025-11-10,GG01,18-24,Cosmetics,18-24 | Cosmetics,Metro,Desktop
C07980,2025-11-10,GG01,35-44,Cosmetics,35-44 | Cosmetics,Metro,Mobile
C07981,2025-11-10,GG02,18-24,Cosmetics,18-24 | Cosmetics,Metro,Mobile
C07982,2025-11-10,GG03,18-24,Fashion,18-24 | Fashion,Metro,Desktop
C07983,2025-11-10,GG03,35-44,Fashion,35-44 | Fashion,Metro,Desktop
C07984,2025-11-10,GG03,18-24,Fashion,18-24 | Fashion,Metro,Mobile
C07985,2025-11-10,MT01,25-34,Cosmetics,25-34 | Cosmetics,Metro,Mobile
C07986,2025-11-10,MT01,35-44,Cosmetics,35-44 | Cosmetics,Other,Mobile
C07987,2025-11-10,MT01,25-34,Cosmetics,25-34 | Cosmetics,Other,Mobile
C07988,2025-11-10,MT02,18-24,Cosmetics,18-24 | Cosmetics,Metro,Mobile
C07989,2025-11-10,MT02,45+,Cosmetics,45+ | Cosmetics,Metro,Mobile
C07990,2025-11-10,MT02,25-34,Fashion,25-34 | Fashion,Other,Mobile
C07991,2025-11-10,MT02,35-44,Fashion,35-44 | Fashion,Metro,Mobile
C07992,2025-11-10,MT02,25-34,Fashion,25-34 | Fashion,Metro,Mobile
C07993,2025-11-10,MT02,25-34,Fashion,25-34 | Fashion,Metro,Desktop
C07994,2025-11-10,MT03,18-24,Fashion,18-24 | Fashion,Metro,Mobile
C07995,2025-11-10,TT01,45+,Cosmetics,45+ | Cosmetics,Metro,Mobile
C07996,2025-11-10,TT01,18-24,Cosmetics,18-24 | Cosmetics,Metro,Mobile
C07997,2025-11-10,TT01,35-44,Cosmetics,35-44 | Cosmetics,Other,Mobile
C07998,2025-11-10,TT01,18-24,Cosmetics,18-24 | Cosmetics,Metro,Mobile
C07999,2025-11-10,TT01,18-24,Fashion,18-24 | Fashion,Other,Mobile
C08000,2025-11-10,TT01,18-24,Cosmetics,18-24 | Cosmetics,Other,Mobile
C08001,2025-11-10,TT01,18-24,Fashion,18-24 | Fashion,Metro,Mobile
C08002,2025-11-10,TT02,18-24,Cosmetics,18-24 | Cosmetics,Other,Mobile
C08003,2025-11-10,EM01,25-34,Cosmetics,25-34 | Cosmetics,Other,Mobile
C08004,2025-11-10,OR01,45+,Cosmetics,45+ | Cosmetics,Metro,Desktop
C08005,2025-11-10,OR01,25-34,Fashion,25-34 | Fashion,Other,Mobile
C08006,2025-11-10,OR01,25-34,Cosmetics,25-34 | Cosmetics,Other,Mobile
C08007,2025-11-10,OR01,25-34,Fashion,25-34 | Fashion,Other,Desktop
C08008,2025-11-10,OR02,18-24,Fashion,18-24 | Fashion,Metro,Mobile
C08009,2025-11-10,OR02,25-34,Fashion,25-34 | Fashion,Metro,Mobile
C08010,2025-11-11,GG01,25-34,Cosmetics,25-34 | Cosmetics,Metro,Desktop
C08011,2025-11-11,GG01,18-24,Cosmetics,18-24 | Cosmetics,Other,Mobile
C08012,2025-11-11,GG01,35-44,Fashion,35-44 | Fashion,Other,Mobile
C08013,2025-11-11,GG01,45+,Cosmetics,45+ | Cosmetics,Other,Mobile
C08014,2025-11-11,GG02,25-34,Fashion,25-34 | Fashion,Metro,Mobile
C08015,2025-11-11,GG02,35-44,Fashion,35-44 | Fashion,Metro,Desktop
C08016,2025-11-11,GG02,25-34,Fashion,25-34 | Fashion,Other,Mobile
C08017,2025-11-11,GG02,35-44,Fashion,35-44 | Fashion,Metro,Mobile
C08018,2025-11-11,GG03,35-44,Fashion,35-44 | Fashion,Metro,Mobile
C08019,2025-11-11,GG03,45+,Fashion,45+ | Fashion,Other,Mobile
C08020,2025-11-11,GG03,45+,Fashion,45+ | Fashion,Metro,Desktop
C08021,2025-11-11,MT01,35-44,Cosmetics,35-44 | Cosmetics,Metro,Mobile
C08022,2025-11-11,MT01,25-34,Cosmetics,25-34 | Cosmetics,Other,Mobile
C08023,2025-11-11,MT01,25-34,Cosmetics,25-34 | Cosmetics,Metro,Mobile
C08024,2025-11-11,MT01,35-44,Fashion,35-44 | Fashion,Other,Mobile
C08025,2025-11-11,MT01,35-44,Fashion,35-44 | Fashion,Other,Mobile
C08026,2025-11-11,MT01,35-44,Fashion,35-44 | Fashion,Other,Mobile
C08027,2025-11-11,MT02,25-34,Cosmetics,25-34 | Cosmetics,Metro,Mobile
C08028,2025-11-11,MT02,45+,Cosmetics,45+ | Cosmetics,Other,Mobile
C08029,2025-11-11,MT02,25-34,Cosmetics,25-34 | Cosmetics,Metro,Mobile
C08030,2025-11-11,MT03,18-24,Fashion,18-24 | Fashion,Other,Mobile
C08031,2025-11-11,MT03,35-44,Cosmetics,35-44 | Cosmetics,Other,Mobile
C08032,2025-11-11,MT03,45+,Cosmetics,45+ | Cosmetics,Other,Mobile
C08033,2025-11-11,TT01,18-24,Fashion,18-24 | Fashion,Other,Mobile
C08034,2025-11-11,TT01,25-34,Cosmetics,25-34 | Cosmetics,Other,Desktop
C08035,2025-11-11,TT01,18-24,Cosmetics,18-24 | Cosmetics,Other,Mobile
C08036,2025-11-11,TT01,18-24,Cosmetics,18-24 | Cosmetics,Metro,Mobile
C08037,2025-11-11,TT01,18-24,Cosmetics,18-24 | Cosmetics,Metro,Mobile
C08038,2025-11-11,TT01,18-24,Cosmetics,18-24 | Cosmetics,Other,Mobile
C08039,2025-11-11,TT01,18-24,Fashion,18-24 | Fashion,Other,Mobile
C08040,2025-11-11,TT01,18-24,Fashion,18-24 | Fashion,Other,Mobile
C08041,2025-11-11,TT02,25-34,Cosmetics,25-34 | Cosmetics,Metro,Mobile
C08042,2025-11-11,TT02,35-44,Cosmetics,35-44 | Cosmetics,Other,Mobile
C08043,2025-11-11,EM01,45+,Fashion,45+ | Fashion,Metro,Mobile
C08044,2025-11-11,EM01,45+,Cosmetics,45+ | Cosmetics,Metro,Mobile
C08045,2025-11-11,EM01,35-44,Cosmetics,35-44 | Cosmetics,Metro,Mobile
C08046,2025-11-11,EM01,25-34,Cosmetics,25-34 | Cosmetics,Metro,Desktop
C08047,2025-11-11,EM02,25-34,Fashion,25-34 | Fashion,Metro,Mobile
C08048,2025-11-11,EM02,25-34,Fashion,25-34 | Fashion,Metro,Desktop
C08049,2025-11-11,EM02,35-44,Cosmetics,35-44 | Cosmetics,Other,Mobile
C08050,2025-11-11,OR01,25-34,Fashion,25-34 | Fashion,Other,Mobile
C08051,2025-11-11,OR01,25-34,Fashion,25-34 | Fashion,Other,Mobile
C08052,2025-11-11,OR01,35-44,Fashion,35-44 | Fashion,Metro,Desktop
C08053,2025-11-11,OR01,25-34,Cosmetics,25-34 | Cosmetics,Metro,Desktop
C08054,2025-11-11,OR01,25-34,Cosmetics,25-34 | Cosmetics,Metro,Mobile
C08055,2025-11-11,OR01,25-34,Cosmetics,25-34 | Cosmetics,Other,Mobile
C08056,2025-11-11,OR02,25-34,Cosmetics,25-34 | Cosmetics,Metro,Mobile
C08057,2025-11-11,OR02,25-34,Cosmetics,25-34 | Cosmetics,Other,Mobile
C08058,2025-11-11,OR02,25-34,Fashion,25-34 | Fashion,Metro,Mobile
C08059,2025-11-11,OR02,18-24,Cosmetics,18-24 | Cosmetics,Other,Desktop
C08060,2025-11-11,OR02,25-34,Fashion,25-34 | Fashion,Metro,Mobile
C08061,2025-11-12,GG01,25-34,Fashion,25-34 | Fashion,Metro,Desktop
C08062,2025-11-12,GG01,25-34,Cosmetics,25-34 | Cosmetics,Metro,Desktop
C08063,2025-11-12,GG01,45+,Fashion,45+ | Fashion,Metro,Mobile
C08064,2025-11-12,GG01,35-44,Fashion,35-44 | Fashion,Metro,Mobile
C08065,2025-11-12,GG02,25-34,Fashion,25-34 | Fashion,Metro,Mobile
C08066,2025-11-12,GG02,25-34,Cosmetics,25-34 | Cosmetics,Metro,Desktop
C08067,2025-11-12,GG03,25-34,Fashion,25-34 | Fashion,Metro,Mobile
C08068,2025-11-12,GG03,35-44,Fashion,35-44 | Fashion,Other,Mobile
C08069,2025-11-12,GG03,35-44,Cosmetics,35-44 | Cosmetics,Metro,Desktop
C08070,2025-11-12,MT01,18-24,Cosmetics,18-24 | Cosmetics,Other,Mobile
C08071,2025-11-12,MT01,35-44,Cosmetics,35-44 | Cosmetics,Metro,Mobile
C08072,2025-11-12,MT01,25-34,Fashion,25-34 | Fashion,Metro,Desktop
C08073,2025-11-12,MT01,45+,Cosmetics,45+ | Cosmetics,Other,Mobile
C08074,2025-11-12,MT02,25-34,Fashion,25-34 | Fashion,Other,Mobile
C08075,2025-11-12,MT02,25-34,Fashion,25-34 | Fashion,Other,Mobile
C08076,2025-11-12,MT03,25-34,Fashion,25-34 | Fashion,Other,Mobile
C08077,2025-11-12,TT01,25-34,Cosmetics,25-34 | Cosmetics,Metro,Mobile
C08078,2025-11-12,TT01,18-24,Cosmetics,18-24 | Cosmetics,Metro,Mobile
C08079,2025-11-12,TT01,35-44,Cosmetics,35-44 | Cosmetics,Metro,Mobile
C08080,2025-11-12,TT02,35-44,Fashion,35-44 | Fashion,Metro,Mobile
C08081,2025-11-12,TT02,18-24,Cosmetics,18-24 | Cosmetics,Metro,Mobile
C08082,2025-11-12,TT02,25-34,Cosmetics,25-34 | Cosmetics,Other,Mobile
C08083,2025-11-12,TT02,25-34,Cosmetics,25-34 | Cosmetics,Other,Mobile
C08084,2025-11-12,TT02,18-24,Fashion,18-24 | Fashion,Metro,Mobile
C08085,2025-11-12,EM02,35-44,Fashion,35-44 | Fashion,Other,Mobile
C08086,2025-11-12,OR01,25-34,Cosmetics,25-34 | Cosmetics,Other,Mobile
C08087,2025-11-12,OR01,25-34,Fashion,25-34 | Fashion,Metro,Desktop
C08088,2025-11-12,OR01,25-34,Cosmetics,25-34 | Cosmetics,Metro,Mobile
C08089,2025-11-12,OR01,25-34,Cosmetics,25-34 | Cosmetics,Other,Desktop
C08090,2025-11-12,OR01,18-24,Fashion,18-24 | Fashion,Other,Mobile
C08091,2025-11-12,OR01,45+,Fashion,45+ | Fashion,Other,Mobile
C08092,2025-11-12,OR01,25-34,Fashion,25-34 | Fashion,Metro,Mobile
C08093,2025-11-12,OR01,35-44,Fashion,35-44 | Fashion,Other,Mobile
C08094,2025-11-12,OR02,25-34,Fashion,25-34 | Fashion,Metro,Mobile
C08095,2025-11-12,OR02,45+,Cosmetics,45+ | Cosmetics,Metro,Mobile
C08096,2025-11-12,OR02,25-34,Cosmetics,25-34 | Cosmetics,Other,Mobile
C08097,2025-11-12,OR02,18-24,Cosmetics,18-24 | Cosmetics,Metro,Mobile
C08098,2025-11-12,OR02,35-44,Fashion,35-44 | Fashion,Metro,Mobile
C08099,2025-11-13,GG01,45+,Cosmetics,45+ | Cosmetics,Metro,Mobile
C08100,2025-11-13,GG01,25-34,Fashion,25-34 | Fashion,Metro,Mobile
C08101,2025-11-13,GG02,18-24,Fashion,18-24 | Fashion,Metro,Desktop
C08102,2025-11-13,GG02,25-34,Fashion,25-34 | Fashion,Metro,Mobile
C08103,2025-11-13,GG02,45+,Cosmetics,45+ | Cosmetics,Metro,Mobile
C08104,2025-11-13,GG02,35-44,Cosmetics,35-44 | Cosmetics,Metro,Desktop
C08105,2025-11-13,GG03,45+,Cosmetics,45+ | Cosmetics,Other,Mobile
C08106,2025-11-13,GG03,25-34,Fashion,25-34 | Fashion,Metro,Mobile
C08107,2025-11-13,GG03,25-34,Cosmetics,25-34 | Cosmetics,Other,Desktop
C08108,2025-11-13,GG03,25-34,Fashion,25-34 | Fashion,Other,Desktop
C08109,2025-11-13,MT01,25-34,Cosmetics,25-34 | Cosmetics,Other,Desktop
C08110,2025-11-13,MT01,18-24,Fashion,18-24 | Fashion,Metro,Mobile
C08111,2025-11-13,MT01,25-34,Cosmetics,25-34 | Cosmetics,Metro,Mobile
C08112,2025-11-13,MT01,25-34,Cosmetics,25-34 | Cosmetics,Metro,Mobile
C08113,2025-11-13,MT01,25-34,Fashion,25-34 | Fashion,Metro,Mobile
C08114,2025-11-13,MT01,35-44,Cosmetics,35-44 | Cosmetics,Other,Mobile
C08115,2025-11-13,MT02,18-24,Cosmetics,18-24 | Cosmetics,Metro,Mobile
C08116,2025-11-13,MT02,25-34,Fashion,25-34 | Fashion,Other,Mobile
C08117,2025-11-13,MT02,25-34,Cosmetics,25-34 | Cosmetics,Metro,Mobile
C08118,2025-11-13,MT02,18-24,Cosmetics,18-24 | Cosmetics,Metro,Mobile
C08119,2025-11-13,MT02,35-44,Fashion,35-44 | Fashion,Other,Mobile
C08120,2025-11-13,MT02,18-24,Fashion,18-24 | Fashion,Other,Mobile
C08121,2025-11-13,MT03,25-34,Cosmetics,25-34 | Cosmetics,Other,Mobile
C08122,2025-11-13,MT03,25-34,Cosmetics,25-34 | Cosmetics,Other,Mobile
C08123,2025-11-13,TT01,18-24,Fashion,18-24 | Fashion,Other,Mobile
C08124,2025-11-13,TT01,25-34,Cosmetics,25-34 | Cosmetics,Other,Mobile
C08125,2025-11-13,TT01,25-34,Fashion,25-34 | Fashion,Metro,Mobile
C08126,2025-11-13,TT01,18-24,Cosmetics,18-24 | Cosmetics,Metro,Mobile
C08127,2025-11-13,TT01,25-34,Fashion,25-34 | Fashion,Metro,Mobile
C08128,2025-11-13,TT02,18-24,Cosmetics,18-24 | Cosmetics,Other,Mobile
C08129,2025-11-13,TT02,25-34,Fashion,25-34 | Fashion,Other,Mobile
C08130,2025-11-13,TT02,18-24,Cosmetics,18-24 | Cosmetics,Metro,Mobile
C08131,2025-11-13,TT02,35-44,Cosmetics,35-44 | Cosmetics,Metro,Mobile
C08132,2025-11-13,EM01,18-24,Cosmetics,18-24 | Cosmetics,Metro,Desktop
C08133,2025-11-13,OR01,45+,Fashion,45+ | Fashion,Other,Mobile
C08134,2025-11-13,OR02,18-24,Fashion,18-24 | Fashion,Metro,Mobile
C08135,2025-11-13,OR02,18-24,Cosmetics,18-24 | Cosmetics,Metro,Mobile
C08136,2025-11-13,OR02,25-34,Fashion,25-34 | Fashion,Metro,Mobile
C08137,2025-11-13,OR02,18-24,Fashion,18-24 | Fashion,Metro,Mobile
C08138,2025-11-14,GG01,45+,Cosmetics,45+ | Cosmetics,Metro,Mobile
C08139,2025-11-14,GG01,35-44,Fashion,35-44 | Fashion,Metro,Mobile
C08140,2025-11-14,GG02,35-44,Cosmetics,35-44 | Cosmetics,Metro,Mobile
C08141,2025-11-14,GG02,25-34,Cosmetics,25-34 | Cosmetics,Metro,Desktop
C08142,2025-11-14,GG02,35-44,Fashion,35-44 | Fashion,Other,Desktop
C08143,2025-11-14,GG02,25-34,Fashion,25-34 | Fashion,Metro,Mobile
C08144,2025-11-14,GG03,18-24,Fashion,18-24 | Fashion,Metro,Mobile
C08145,2025-11-14,GG03,35-44,Fashion,35-44 | Fashion,Other,Mobile
C08146,2025-11-14,GG03,25-34,Cosmetics,25-34 | Cosmetics,Metro,Mobile
C08147,2025-11-14,GG03,25-34,Fashion,25-34 | Fashion,Metro,Mobile
C08148,2025-11-14,GG03,45+,Fashion,45+ | Fashion,Other,Mobile
C08149,2025-11-14,GG03,25-34,Fashion,25-34 | Fashion,Other,Mobile
C08150,2025-11-14,GG03,45+,Fashion,45+ | Fashion,Metro,Desktop
C08151,2025-11-14,MT01,35-44,Fashion,35-44 | Fashion,Metro,Mobile
C08152,2025-11-14,MT02,35-44,Fashion,35-44 | Fashion,Metro,Mobile
C08153,2025-11-14,MT02,35-44,Cosmetics,35-44 | Cosmetics,Other,Mobile
C08154,2025-11-14,MT02,35-44,Fashion,35-44 | Fashion,Other,Desktop
C08155,2025-11-14,MT02,35-44,Fashion,35-44 | Fashion,Metro,Mobile
C08156,2025-11-14,MT02,25-34,Fashion,25-34 | Fashion,Other,Mobile
C08157,2025-11-14,MT03,18-24,Fashion,18-24 | Fashion,Other,Mobile
C08158,2025-11-14,MT03,45+,Cosmetics,45+ | Cosmetics,Other,Mobile
C08159,2025-11-14,TT01,18-24,Cosmetics,18-24 | Cosmetics,Metro,Mobile
C08160,2025-11-14,TT01,18-24,Cosmetics,18-24 | Cosmetics,Metro,Mobile
C08161,2025-11-14,TT01,25-34,Fashion,25-34 | Fashion,Metro,Mobile
C08162,2025-11-14,TT01,35-44,Cosmetics,35-44 | Cosmetics,Other,Mobile
C08163,2025-11-14,TT01,18-24,Cosmetics,18-24 | Cosmetics,Metro,Mobile
C08164,2025-11-14,TT02,18-24,Cosmetics,18-24 | Cosmetics,Other,Mobile
C08165,2025-11-14,TT02,18-24,Cosmetics,18-24 | Cosmetics,Metro,Mobile
C08166,2025-11-14,TT02,35-44,Cosmetics,35-44 | Cosmetics,Metro,Mobile
C08167,2025-11-14,TT02,35-44,Cosmetics,35-44 | Cosmetics,Metro,Mobile
C08168,2025-11-14,TT02,18-24,Cosmetics,18-24 | Cosmetics,Other,Mobile
C08169,2025-11-14,EM01,18-24,Fashion,18-24 | Fashion,Metro,Mobile
C08170,2025-11-14,OR01,18-24,Cosmetics,18-24 | Cosmetics,Metro,Mobile
C08171,2025-11-14,OR01,18-24,Fashion,18-24 | Fashion,Other,Mobile
C08172,2025-11-14,OR01,25-34,Cosmetics,25-34 | Cosmetics,Metro,Mobile
C08173,2025-11-14,OR01,45+,Fashion,45+ | Fashion,Other,Mobile
C08174,2025-11-14,OR01,35-44,Fashion,35-44 | Fashion,Other,Desktop
C08175,2025-11-14,OR01,25-34,Cosmetics,25-34 | Cosmetics,Other,Desktop
C08176,2025-11-14,OR01,18-24,Fashion,18-24 | Fashion,Metro,Mobile
C08177,2025-11-14,OR01,18-24,Cosmetics,18-24 | Cosmetics,Other,Desktop
C08178,2025-11-14,OR02,25-34,Fashion,25-34 | Fashion,Other,Mobile
C08179,2025-11-14,OR02,25-34,Fashion,25-34 | Fashion,Metro,Mobile
C08180,2025-11-15,GG01,25-34,Cosmetics,25-34 | Cosmetics,Other,Mobile
C08181,2025-11-15,GG01,45+,Cosmetics,45+ | Cosmetics,Other,Mobile
C08182,2025-11-15,GG01,35-44,Fashion,35-44 | Fashion,Other,Mobile
C08183,2025-11-15,GG01,25-34,Cosmetics,25-34 | Cosmetics,Other,Desktop
C08184,2025-11-15,GG01,25-34,Fashion,25-34 | Fashion,Metro,Mobile
C08185,2025-11-15,GG01,35-44,Cosmetics,35-44 | Cosmetics,Metro,Desktop
C08186,2025-11-15,GG02,25-34,Fashion,25-34 | Fashion,Metro,Mobile
C08187,2025-11-15,GG02,35-44,Fashion,35-44 | Fashion,Metro,Mobile
C08188,2025-11-15,GG02,35-44,Cosmetics,35-44 | Cosmetics,Other,Desktop
C08189,2025-11-15,GG03,35-44,Fashion,35-44 | Fashion,Metro,Desktop
C08190,2025-11-15,GG03,45+,Fashion,45+ | Fashion,Metro,Desktop
C08191,2025-11-15,GG03,35-44,Cosmetics,35-44 | Cosmetics,Other,Desktop
C08192,2025-11-15,GG03,18-24,Fashion,18-24 | Fashion,Other,Mobile
C08193,2025-11-15,GG03,18-24,Fashion,18-24 | Fashion,Metro,Mobile
C08194,2025-11-15,GG03,45+,Cosmetics,45+ | Cosmetics,Other,Mobile
C08195,2025-11-15,GG03,18-24,Cosmetics,18-24 | Cosmetics,Metro,Mobile
C08196,2025-11-15,GG03,25-34,Cosmetics,25-34 | Cosmetics,Other,Mobile
C08197,2025-11-15,MT01,18-24,Cosmetics,18-24 | Cosmetics,Other,Mobile
C08198,2025-11-15,MT01,25-34,Cosmetics,25-34 | Cosmetics,Metro,Mobile
C08199,2025-11-15,MT01,35-44,Cosmetics,35-44 | Cosmetics,Other,Mobile
C08200,2025-11-15,MT01,35-44,Cosmetics,35-44 | Cosmetics,Other,Mobile
C08201,2025-11-15,MT02,25-34,Cosmetics,25-34 | Cosmetics,Metro,Desktop
C08202,2025-11-15,MT02,25-34,Cosmetics,25-34 | Cosmetics,Metro,Desktop
C08203,2025-11-15,MT03,25-34,Fashion,25-34 | Fashion,Metro,Mobile
C08204,2025-11-15,MT03,35-44,Cosmetics,35-44 | Cosmetics,Metro,Mobile
C08205,2025-11-15,MT03,45+,Fashion,45+ | Fashion,Metro,Mobile
C08206,2025-11-15,TT01,25-34,Fashion,25-34 | Fashion,Other,Mobile
C08207,2025-11-15,TT01,18-24,Cosmetics,18-24 | Cosmetics,Other,Mobile
C08208,2025-11-15,TT01,18-24,Cosmetics,18-24 | Cosmetics,Metro,Mobile
C08209,2025-11-15,TT01,18-24,Fashion,18-24 | Fashion,Other,Mobile
C08210,2025-11-15,TT01,25-34,Fashion,25-34 | Fashion,Metro,Mobile
C08211,2025-11-15,TT01,25-34,Cosmetics,25-34 | Cosmetics,Metro,Mobile
C08212,2025-11-15,TT02,25-34,Cosmetics,25-34 | Cosmetics,Other,Mobile
C08213,2025-11-15,TT02,25-34,Cosmetics,25-34 | Cosmetics,Other,Mobile
C08214,2025-11-15,EM01,45+,Cosmetics,45+ | Cosmetics,Metro,Mobile
C08215,2025-11-15,EM01,35-44,Fashion,35-44 | Fashion,Other,Desktop
C08216,2025-11-15,EM01,45+,Cosmetics,45+ | Cosmetics,Other,Mobile
C08217,2025-11-15,OR01,35-44,Fashion,35-44 | Fashion,Metro,Mobile
C08218,2025-11-15,OR01,35-44,Cosmetics,35-44 | Cosmetics,Metro,Mobile
C08219,2025-11-15,OR01,25-34,Fashion,25-34 | Fashion,Metro,Mobile
C08220,2025-11-15,OR01,25-34,Fashion,25-34 | Fashion,Metro,Mobile
C08221,2025-11-15,OR02,35-44,Cosmetics,35-44 | Cosmetics,Metro,Mobile
C08222,2025-11-16,GG01,18-24,Fashion,18-24 | Fashion,Metro,Desktop
C08223,2025-11-16,GG01,25-34,Fashion,25-34 | Fashion,Metro,Desktop
C08224,2025-11-16,GG01,25-34,Cosmetics,25-34 | Cosmetics,Metro,Mobile
C08225,2025-11-16,GG01,25-34,Fashion,25-34 | Fashion,Metro,Mobile
C08226,2025-11-16,GG01,25-34,Fashion,25-34 | Fashion,Metro,Desktop
C08227,2025-11-16,GG02,45+,Cosmetics,45+ | Cosmetics,Other,Mobile
C08228,2025-11-16,GG02,45+,Fashion,45+ | Fashion,Other,Desktop
C08229,2025-11-16,GG02,45+,Fashion,45+ | Fashion,Other,Desktop
C08230,2025-11-16,GG02,25-34,Cosmetics,25-34 | Cosmetics,Other,Desktop
C08231,2025-11-16,GG02,18-24,Fashion,18-24 | Fashion,Metro,Desktop
C08232,2025-11-16,GG03,35-44,Fashion,35-44 | Fashion,Other,Desktop
C08233,2025-11-16,GG03,25-34,Fashion,25-34 | Fashion,Other,Mobile
C08234,2025-11-16,MT01,25-34,Fashion,25-34 | Fashion,Other,Mobile
C08235,2025-11-16,MT02,18-24,Cosmetics,18-24 | Cosmetics,Metro,Mobile
C08236,2025-11-16,MT02,35-44,Cosmetics,35-44 | Cosmetics,Metro,Desktop
C08237,2025-11-16,MT03,35-44,Cosmetics,35-44 | Cosmetics,Other,Mobile
C08238,2025-11-16,MT03,18-24,Fashion,18-24 | Fashion,Other,Mobile
C08239,2025-11-16,MT03,35-44,Fashion,35-44 | Fashion,Other,Mobile
C08240,2025-11-16,MT03,35-44,Cosmetics,35-44 | Cosmetics,Other,Mobile
C08241,2025-11-16,TT01,18-24,Cosmetics,18-24 | Cosmetics,Metro,Mobile
C08242,2025-11-16,TT01,35-44,Cosmetics,35-44 | Cosmetics,Metro,Mobile
C08243,2025-11-16,TT01,25-34,Fashion,25-34 | Fashion,Other,Mobile
C08244,2025-11-16,TT01,18-24,Cosmetics,18-24 | Cosmetics,Other,Mobile
C08245,2025-11-16,TT01,18-24,Cosmetics,18-24 | Cosmetics,Other,Mobile
C08246,2025-11-16,TT01,18-24,Fashion,18-24 | Fashion,Other,Mobile
C08247,2025-11-16,TT01,18-24,Cosmetics,18-24 | Cosmetics,Other,Mobile
C08248,2025-11-16,TT01,18-24,Cosmetics,18-24 | Cosmetics,Other,Mobile
C08249,2025-11-16,TT01,18-24,Fashion,18-24 | Fashion,Other,Mobile
C08250,2025-11-16,TT01,18-24,Fashion,18-24 | Fashion,Other,Mobile
C08251,2025-11-16,TT02,18-24,Cosmetics,18-24 | Cosmetics,Other,Mobile
C08252,2025-11-16,TT02,25-34,Cosmetics,25-34 | Cosmetics,Other,Mobile
C08253,2025-11-16,TT02,25-34,Cosmetics,25-34 | Cosmetics,Other,Mobile
C08254,2025-11-16,EM01,25-34,Fashion,25-34 | Fashion,Metro,Mobile
C08255,2025-11-16,EM01,35-44,Fashion,35-44 | Fashion,Other,Mobile
C08256,2025-11-16,EM02,35-44,Fashion,35-44 | Fashion,Metro,Desktop
C08257,2025-11-16,OR01,45+,Fashion,45+ | Fashion,Other,Mobile
C08258,2025-11-16,OR01,45+,Fashion,45+ | Fashion,Metro,Mobile
C08259,2025-11-16,OR01,25-34,Fashion,25-34 | Fashion,Other,Mobile
C08260,2025-11-16,OR01,35-44,Fashion,35-44 | Fashion,Other,Desktop
C08261,2025-11-16,OR01,45+,Cosmetics,45+ | Cosmetics,Other,Mobile
C08262,2025-11-16,OR02,25-34,Fashion,25-34 | Fashion,Other,Mobile
C08263,2025-11-17,GG01,35-44,Fashion,35-44 | Fashion,Metro,Mobile
C08264,2025-11-17,GG01,25-34,Cosmetics,25-34 | Cosmetics,Other,Mobile
C08265,2025-11-17,GG01,18-24,Fashion,18-24 | Fashion,Other,Mobile
C08266,2025-11-17,GG01,35-44,Cosmetics,35-44 | Cosmetics,Other,Mobile
C08267,2025-11-17,GG01,25-34,Cosmetics,25-34 | Cosmetics,Other,Mobile
C08268,2025-11-17,GG01,35-44,Fashion,35-44 | Fashion,Metro,Desktop
C08269,2025-11-17,GG02,25-34,Fashion,25-34 | Fashion,Other,Mobile
C08270,2025-11-17,GG02,45+,Fashion,45+ | Fashion,Other,Desktop
C08271,2025-11-17,GG02,45+,Fashion,45+ | Fashion,Metro,Desktop
C08272,2025-11-17,GG02,45+,Fashion,45+ | Fashion,Metro,Mobile
C08273,2025-11-17,GG02,25-34,Cosmetics,25-34 | Cosmetics,Metro,Mobile
C08274,2025-11-17,GG02,45+,Fashion,45+ | Fashion,Metro,Mobile
C08275,2025-11-17,GG02,35-44,Fashion,35-44 | Fashion,Other,Mobile
C08276,2025-11-17,GG03,25-34,Cosmetics,25-34 | Cosmetics,Metro,Mobile
C08277,2025-11-17,GG03,25-34,Fashion,25-34 | Fashion,Metro,Mobile
C08278,2025-11-17,GG03,25-34,Fashion,25-34 | Fashion,Metro,Desktop
C08279,2025-11-17,GG03,35-44,Fashion,35-44 | Fashion,Other,Desktop
C08280,2025-11-17,GG03,18-24,Fashion,18-24 | Fashion,Other,Mobile
C08281,2025-11-17,MT01,45+,Fashion,45+ | Fashion,Other,Mobile
C08282,2025-11-17,MT01,18-24,Cosmetics,18-24 | Cosmetics,Metro,Desktop
C08283,2025-11-17,MT01,35-44,Fashion,35-44 | Fashion,Metro,Desktop
C08284,2025-11-17,MT01,35-44,Cosmetics,35-44 | Cosmetics,Other,Mobile
C08285,2025-11-17,MT01,25-34,Fashion,25-34 | Fashion,Other,Mobile
C08286,2025-11-17,MT01,18-24,Fashion,18-24 | Fashion,Other,Mobile
C08287,2025-11-17,MT02,18-24,Fashion,18-24 | Fashion,Other,Mobile
C08288,2025-11-17,MT02,25-34,Fashion,25-34 | Fashion,Metro,Mobile
C08289,2025-11-17,MT02,25-34,Fashion,25-34 | Fashion,Metro,Mobile
C08290,2025-11-17,MT02,35-44,Cosmetics,35-44 | Cosmetics,Metro,Mobile
C08291,2025-11-17,MT03,25-34,Fashion,25-34 | Fashion,Other,Desktop
C08292,2025-11-17,MT03,35-44,Cosmetics,35-44 | Cosmetics,Metro,Mobile
C08293,2025-11-17,TT01,18-24,Fashion,18-24 | Fashion,Metro,Mobile
C08294,2025-11-17,TT01,25-34,Cosmetics,25-34 | Cosmetics,Other,Mobile
C08295,2025-11-17,TT01,25-34,Fashion,25-34 | Fashion,Metro,Mobile
C08296,2025-11-17,TT01,35-44,Fashion,35-44 | Fashion,Metro,Mobile
C08297,2025-11-17,TT01,25-34,Fashion,25-34 | Fashion,Other,Mobile
C08298,2025-11-17,TT01,18-24,Cosmetics,18-24 | Cosmetics,Other,Mobile
C08299,2025-11-17,TT02,18-24,Fashion,18-24 | Fashion,Metro,Mobile
C08300,2025-11-17,TT02,35-44,Cosmetics,35-44 | Cosmetics,Metro,Mobile
C08301,2025-11-17,TT02,35-44,Cosmetics,35-44 | Cosmetics,Metro,Mobile
C08302,2025-11-17,TT02,18-24,Fashion,18-24 | Fashion,Metro,Mobile
C08303,2025-11-17,OR01,25-34,Fashion,25-34 | Fashion,Metro,Mobile
C08304,2025-11-17,OR02,35-44,Fashion,35-44 | Fashion,Other,Mobile
C08305,2025-11-17,OR02,45+,Fashion,45+ | Fashion,Other,Mobile
C08306,2025-11-18,GG01,25-34,Fashion,25-34 | Fashion,Metro,Mobile
C08307,2025-11-18,GG01,18-24,Cosmetics,18-24 | Cosmetics,Other,Mobile
C08308,2025-11-18,GG01,25-34,Fashion,25-34 | Fashion,Metro,Desktop
C08309,2025-11-18,GG01,35-44,Fashion,35-44 | Fashion,Metro,Mobile
C08310,2025-11-18,GG02,45+,Cosmetics,45+ | Cosmetics,Metro,Desktop
C08311,2025-11-18,GG02,35-44,Fashion,35-44 | Fashion,Other,Mobile
C08312,2025-11-18,GG03,25-34,Fashion,25-34 | Fashion,Metro,Mobile
C08313,2025-11-18,GG03,25-34,Fashion,25-34 | Fashion,Metro,Desktop
C08314,2025-11-18,GG03,35-44,Fashion,35-44 | Fashion,Metro,Mobile
C08315,2025-11-18,GG03,18-24,Fashion,18-24 | Fashion,Other,Desktop
C08316,2025-11-18,GG03,25-34,Fashion,25-34 | Fashion,Other,Desktop
C08317,2025-11-18,GG03,45+,Cosmetics,45+ | Cosmetics,Metro,Desktop
C08318,2025-11-18,MT01,35-44,Cosmetics,35-44 | Cosmetics,Other,Mobile
C08319,2025-11-18,MT01,25-34,Cosmetics,25-34 | Cosmetics,Metro,Mobile
C08320,2025-11-18,MT01,18-24,Cosmetics,18-24 | Cosmetics,Metro,Mobile
C08321,2025-11-18,MT02,25-34,Cosmetics,25-34 | Cosmetics,Metro,Desktop
C08322,2025-11-18,MT02,25-34,Fashion,25-34 | Fashion,Metro,Mobile
C08323,2025-11-18,MT02,25-34,Cosmetics,25-34 | Cosmetics,Metro,Mobile
C08324,2025-11-18,MT02,45+,Fashion,45+ | Fashion,Metro,Mobile
C08325,2025-11-18,MT02,35-44,Cosmetics,35-44 | Cosmetics,Metro,Mobile
C08326,2025-11-18,MT03,25-34,Cosmetics,25-34 | Cosmetics,Metro,Mobile
C08327,2025-11-18,TT01,18-24,Cosmetics,18-24 | Cosmetics,Other,Mobile
C08328,2025-11-18,TT01,18-24,Fashion,18-24 | Fashion,Metro,Mobile
C08329,2025-11-18,TT01,35-44,Cosmetics,35-44 | Cosmetics,Metro,Mobile
C08330,2025-11-18,TT01,18-24,Cosmetics,18-24 | Cosmetics,Metro,Mobile
C08331,2025-11-18,TT01,18-24,Cosmetics,18-24 | Cosmetics,Other,Mobile
C08332,2025-11-18,TT01,25-34,Cosmetics,25-34 | Cosmetics,Other,Mobile
C08333,2025-11-18,TT02,18-24,Cosmetics,18-24 | Cosmetics,Metro,Desktop
C08334,2025-11-18,TT02,35-44,Cosmetics,35-44 | Cosmetics,Metro,Mobile
C08335,2025-11-18,TT02,18-24,Cosmetics,18-24 | Cosmetics,Metro,Mobile
C08336,2025-11-18,EM01,35-44,Cosmetics,35-44 | Cosmetics,Metro,Mobile
C08337,2025-11-18,EM01,18-24,Cosmetics,18-24 | Cosmetics,Other,Mobile
C08338,2025-11-18,EM02,35-44,Cosmetics,35-44 | Cosmetics,Metro,Mobile
C08339,2025-11-18,OR01,25-34,Fashion,25-34 | Fashion,Metro,Mobile
C08340,2025-11-18,OR01,25-34,Fashion,25-34 | Fashion,Other,Mobile
C08341,2025-11-18,OR01,18-24,Cosmetics,18-24 | Cosmetics,Metro,Mobile
C08342,2025-11-18,OR01,18-24,Fashion,18-24 | Fashion,Metro,Mobile
C08343,2025-11-18,OR02,25-34,Cosmetics,25-34 | Cosmetics,Metro,Mobile
C08344,2025-11-19,GG01,25-34,Cosmetics,25-34 | Cosmetics,Metro,Desktop
C08345,2025-11-19,GG01,45+,Fashion,45+ | Fashion,Other,Mobile
C08346,2025-11-19,GG01,25-34,Fashion,25-34 | Fashion,Other,Mobile
C08347,2025-11-19,GG01,35-44,Cosmetics,35-44 | Cosmetics,Metro,Desktop
C08348,2025-11-19,GG01,35-44,Fashion,35-44 | Fashion,Other,Mobile
C08349,2025-11-19,GG01,18-24,Fashion,18-24 | Fashion,Metro,Mobile
C08350,2025-11-19,GG01,35-44,Fashion,35-44 | Fashion,Metro,Desktop
C08351,2025-11-19,GG01,25-34,Cosmetics,25-34 | Cosmetics,Metro,Desktop
C08352,2025-11-19,GG01,25-34,Cosmetics,25-34 | Cosmetics,Metro,Desktop
C08353,2025-11-19,GG02,25-34,Cosmetics,25-34 | Cosmetics,Other,Desktop
C08354,2025-11-19,GG02,18-24,Cosmetics,18-24 | Cosmetics,Metro,Desktop
C08355,2025-11-19,GG02,45+,Fashion,45+ | Fashion,Metro,Mobile
C08356,2025-11-19,GG02,25-34,Fashion,25-34 | Fashion,Other,Desktop
C08357,2025-11-19,GG02,25-34,Cosmetics,25-34 | Cosmetics,Other,Mobile
C08358,2025-11-19,GG02,25-34,Cosmetics,25-34 | Cosmetics,Metro,Mobile
C08359,2025-11-19,GG02,25-34,Cosmetics,25-34 | Cosmetics,Metro,Mobile
C08360,2025-11-19,GG02,45+,Fashion,45+ | Fashion,Other,Mobile
C08361,2025-11-19,GG02,18-24,Cosmetics,18-24 | Cosmetics,Other,Mobile
C08362,2025-11-19,GG03,25-34,Fashion,25-34 | Fashion,Other,Mobile
C08363,2025-11-19,GG03,35-44,Fashion,35-44 | Fashion,Metro,Desktop
C08364,2025-11-19,GG03,25-34,Fashion,25-34 | Fashion,Other,Mobile
C08365,2025-11-19,GG03,25-34,Fashion,25-34 | Fashion,Metro,Mobile
C08366,2025-11-19,GG03,25-34,Cosmetics,25-34 | Cosmetics,Metro,Mobile
C08367,2025-11-19,GG03,45+,Fashion,45+ | Fashion,Other,Mobile
C08368,2025-11-19,GG03,25-34,Fashion,25-34 | Fashion,Other,Mobile
C08369,2025-11-19,MT01,18-24,Cosmetics,18-24 | Cosmetics,Other,Mobile
C08370,2025-11-19,MT01,35-44,Fashion,35-44 | Fashion,Other,Mobile
C08371,2025-11-19,MT01,18-24,Cosmetics,18-24 | Cosmetics,Other,Desktop
C08372,2025-11-19,MT01,25-34,Cosmetics,25-34 | Cosmetics,Other,Mobile
C08373,2025-11-19,MT01,45+,Cosmetics,45+ | Cosmetics,Other,Mobile
C08374,2025-11-19,MT02,25-34,Cosmetics,25-34 | Cosmetics,Metro,Mobile
C08375,2025-11-19,MT02,35-44,Cosmetics,35-44 | Cosmetics,Metro,Mobile
C08376,2025-11-19,TT01,18-24,Cosmetics,18-24 | Cosmetics,Other,Mobile
C08377,2025-11-19,TT01,45+,Cosmetics,45+ | Cosmetics,Other,Mobile
C08378,2025-11-19,TT01,18-24,Cosmetics,18-24 | Cosmetics,Metro,Desktop
C08379,2025-11-19,TT01,18-24,Cosmetics,18-24 | Cosmetics,Metro,Mobile
C08380,2025-11-19,TT02,18-24,Cosmetics,18-24 | Cosmetics,Metro,Mobile
C08381,2025-11-19,TT02,25-34,Cosmetics,25-34 | Cosmetics,Metro,Mobile
C08382,2025-11-19,TT02,25-34,Cosmetics,25-34 | Cosmetics,Metro,Mobile
C08383,2025-11-19,EM01,35-44,Cosmetics,35-44 | Cosmetics,Other,Mobile
C08384,2025-11-19,EM02,35-44,Cosmetics,35-44 | Cosmetics,Other,Desktop
C08385,2025-11-19,EM02,25-34,Fashion,25-34 | Fashion,Metro,Mobile
C08386,2025-11-19,OR01,45+,Cosmetics,45+ | Cosmetics,Other,Mobile
C08387,2025-11-19,OR01,45+,Fashion,45+ | Fashion,Other,Mobile
C08388,2025-11-19,OR02,18-24,Fashion,18-24 | Fashion,Metro,Mobile
C08389,2025-11-19,OR02,35-44,Fashion,35-44 | Fashion,Metro,Mobile
C08390,2025-11-19,OR02,35-44,Fashion,35-44 | Fashion,Other,Desktop
C08391,2025-11-19,OR02,25-34,Fashion,25-34 | Fashion,Other,Mobile
C08392,2025-11-20,GG01,25-34,Fashion,25-34 | Fashion,Other,Mobile
C08393,2025-11-20,GG01,45+,Fashion,45+ | Fashion,Metro,Mobile
C08394,2025-11-20,GG01,45+,Fashion,45+ | Fashion,Other,Desktop
C08395,2025-11-20,GG02,18-24,Cosmetics,18-24 | Cosmetics,Metro,Mobile
C08396,2025-11-20,GG02,45+,Fashion,45+ | Fashion,Metro,Mobile
C08397,2025-11-20,GG02,35-44,Cosmetics,35-44 | Cosmetics,Other,Mobile
C08398,2025-11-20,GG02,25-34,Fashion,25-34 | Fashion,Metro,Desktop
C08399,2025-11-20,GG02,18-24,Fashion,18-24 | Fashion,Metro,Mobile
C08400,2025-11-20,GG02,25-34,Cosmetics,25-34 | Cosmetics,Other,Desktop
C08401,2025-11-20,GG02,25-34,Fashion,25-34 | Fashion,Metro,Desktop
C08402,2025-11-20,GG02,18-24,Fashion,18-24 | Fashion,Metro,Desktop
C08403,2025-11-20,GG03,25-34,Fashion,25-34 | Fashion,Metro,Desktop
C08404,2025-11-20,GG03,35-44,Fashion,35-44 | Fashion,Other,Desktop
C08405,2025-11-20,MT01,35-44,Fashion,35-44 | Fashion,Other,Mobile
C08406,2025-11-20,MT01,25-34,Cosmetics,25-34 | Cosmetics,Metro,Mobile
C08407,2025-11-20,MT01,25-34,Fashion,25-34 | Fashion,Other,Desktop
C08408,2025-11-20,MT01,18-24,Cosmetics,18-24 | Cosmetics,Metro,Mobile
C08409,2025-11-20,MT02,18-24,Cosmetics,18-24 | Cosmetics,Metro,Mobile
C08410,2025-11-20,MT02,25-34,Cosmetics,25-34 | Cosmetics,Other,Mobile
C08411,2025-11-20,MT02,18-24,Cosmetics,18-24 | Cosmetics,Other,Desktop
C08412,2025-11-20,MT02,25-34,Cosmetics,25-34 | Cosmetics,Metro,Desktop
C08413,2025-11-20,MT02,35-44,Fashion,35-44 | Fashion,Metro,Mobile
C08414,2025-11-20,MT03,25-34,Fashion,25-34 | Fashion,Other,Mobile
C08415,2025-11-20,TT01,35-44,Cosmetics,35-44 | Cosmetics,Other,Mobile
C08416,2025-11-20,TT01,18-24,Cosmetics,18-24 | Cosmetics,Metro,Mobile
C08417,2025-11-20,TT01,18-24,Cosmetics,18-24 | Cosmetics,Other,Mobile
C08418,2025-11-20,TT01,18-24,Cosmetics,18-24 | Cosmetics,Metro,Mobile
C08419,2025-11-20,TT01,25-34,Cosmetics,25-34 | Cosmetics,Other,Mobile
C08420,2025-11-20,TT01,18-24,Cosmetics,18-24 | Cosmetics,Other,Desktop
C08421,2025-11-20,TT01,18-24,Cosmetics,18-24 | Cosmetics,Metro,Mobile
C08422,2025-11-20,TT02,18-24,Cosmetics,18-24 | Cosmetics,Other,Mobile
C08423,2025-11-20,TT02,18-24,Fashion,18-24 | Fashion,Other,Mobile
C08424,2025-11-20,EM01,35-44,Fashion,35-44 | Fashion,Other,Desktop
C08425,2025-11-20,EM01,18-24,Cosmetics,18-24 | Cosmetics,Metro,Mobile
C08426,2025-11-20,OR01,35-44,Fashion,35-44 | Fashion,Other,Mobile
C08427,2025-11-20,OR01,45+,Fashion,45+ | Fashion,Metro,Mobile
C08428,2025-11-20,OR01,45+,Cosmetics,45+ | Cosmetics,Metro,Desktop
C08429,2025-11-20,OR01,35-44,Cosmetics,35-44 | Cosmetics,Metro,Desktop
C08430,2025-11-20,OR01,45+,Fashion,45+ | Fashion,Other,Mobile
C08431,2025-11-20,OR02,25-34,Cosmetics,25-34 | Cosmetics,Metro,Desktop
C08432,2025-11-20,OR02,25-34,Fashion,25-34 | Fashion,Metro,Mobile
C08433,2025-11-21,GG01,18-24,Fashion,18-24 | Fashion,Metro,Mobile
C08434,2025-11-21,GG01,35-44,Fashion,35-44 | Fashion,Other,Mobile
C08435,2025-11-21,GG01,45+,Cosmetics,45+ | Cosmetics,Other,Desktop
C08436,2025-11-21,GG01,25-34,Fashion,25-34 | Fashion,Other,Mobile
C08437,2025-11-21,GG02,25-34,Fashion,25-34 | Fashion,Other,Desktop
C08438,2025-11-21,GG02,35-44,Cosmetics,35-44 | Cosmetics,Other,Desktop
C08439,2025-11-21,GG03,25-34,Fashion,25-34 | Fashion,Metro,Mobile
C08440,2025-11-21,GG03,35-44,Cosmetics,35-44 | Cosmetics,Metro,Desktop
C08441,2025-11-21,GG03,45+,Fashion,45+ | Fashion,Other,Desktop
C08442,2025-11-21,MT01,25-34,Fashion,25-34 | Fashion,Metro,Desktop
C08443,2025-11-21,MT01,18-24,Cosmetics,18-24 | Cosmetics,Other,Mobile
C08444,2025-11-21,MT01,18-24,Cosmetics,18-24 | Cosmetics,Metro,Mobile
C08445,2025-11-21,MT01,18-24,Cosmetics,18-24 | Cosmetics,Metro,Mobile
C08446,2025-11-21,MT01,25-34,Cosmetics,25-34 | Cosmetics,Other,Mobile
C08447,2025-11-21,MT01,18-24,Cosmetics,18-24 | Cosmetics,Other,Mobile
C08448,2025-11-21,MT01,18-24,Fashion,18-24 | Fashion,Metro,Mobile
C08449,2025-11-21,MT01,35-44,Cosmetics,35-44 | Cosmetics,Other,Mobile
C08450,2025-11-21,MT02,25-34,Fashion,25-34 | Fashion,Metro,Mobile
C08451,2025-11-21,MT02,35-44,Cosmetics,35-44 | Cosmetics,Metro,Mobile
C08452,2025-11-21,MT03,35-44,Fashion,35-44 | Fashion,Metro,Mobile
C08453,2025-11-21,MT03,25-34,Cosmetics,25-34 | Cosmetics,Other,Mobile
C08454,2025-11-21,TT01,18-24,Fashion,18-24 | Fashion,Metro,Mobile
C08455,2025-11-21,TT01,18-24,Cosmetics,18-24 | Cosmetics,Other,Mobile
C08456,2025-11-21,TT02,25-34,Fashion,25-34 | Fashion,Other,Mobile
C08457,2025-11-21,TT02,35-44,Fashion,35-44 | Fashion,Metro,Mobile
C08458,2025-11-21,TT02,18-24,Cosmetics,18-24 | Cosmetics,Other,Mobile
C08459,2025-11-21,EM01,18-24,Cosmetics,18-24 | Cosmetics,Other,Mobile
C08460,2025-11-21,EM02,25-34,Cosmetics,25-34 | Cosmetics,Metro,Desktop
C08461,2025-11-21,EM02,35-44,Cosmetics,35-44 | Cosmetics,Metro,Mobile
C08462,2025-11-21,EM02,35-44,Fashion,35-44 | Fashion,Metro,Desktop
C08463,2025-11-21,OR01,45+,Cosmetics,45+ | Cosmetics,Other,Desktop
C08464,2025-11-21,OR01,25-34,Fashion,25-34 | Fashion,Other,Desktop
C08465,2025-11-21,OR01,45+,Cosmetics,45+ | Cosmetics,Other,Mobile
C08466,2025-11-21,OR01,45+,Fashion,45+ | Fashion,Other,Desktop
C08467,2025-11-21,OR01,25-34,Cosmetics,25-34 | Cosmetics,Other,Desktop
C08468,2025-11-21,OR01,35-44,Cosmetics,35-44 | Cosmetics,Metro,Mobile
C08469,2025-11-21,OR02,18-24,Cosmetics,18-24 | Cosmetics,Metro,Mobile
C08470,2025-11-21,OR02,25-34,Cosmetics,25-34 | Cosmetics,Other,Mobile
C08471,2025-11-21,OR02,25-34,Cosmetics,25-34 | Cosmetics,Metro,Mobile
C08472,2025-11-22,GG02,45+,Fashion,45+ | Fashion,Metro,Desktop
C08473,2025-11-22,GG02,45+,Cosmetics,45+ | Cosmetics,Metro,Desktop
C08474,2025-11-22,GG02,25-34,Cosmetics,25-34 | Cosmetics,Other,Desktop
C08475,2025-11-22,GG02,25-34,Fashion,25-34 | Fashion,Other,Mobile
C08476,2025-11-22,GG02,45+,Cosmetics,45+ | Cosmetics,Other,Desktop
C08477,2025-11-22,GG02,45+,Cosmetics,45+ | Cosmetics,Other,Desktop
C08478,2025-11-22,GG02,35-44,Fashion,35-44 | Fashion,Other,Mobile
C08479,2025-11-22,GG03,35-44,Cosmetics,35-44 | Cosmetics,Other,Mobile
C08480,2025-11-22,GG03,25-34,Fashion,25-34 | Fashion,Metro,Desktop
C08481,2025-11-22,GG03,25-34,Fashion,25-34 | Fashion,Other,Desktop
C08482,2025-11-22,GG03,45+,Cosmetics,45+ | Cosmetics,Other,Desktop
C08483,2025-11-22,GG03,25-34,Fashion,25-34 | Fashion,Metro,Mobile
C08484,2025-11-22,MT01,18-24,Cosmetics,18-24 | Cosmetics,Metro,Mobile
C08485,2025-11-22,MT01,35-44,Fashion,35-44 | Fashion,Metro,Mobile
C08486,2025-11-22,MT01,25-34,Fashion,25-34 | Fashion,Other,Desktop
C08487,2025-11-22,MT01,25-34,Cosmetics,25-34 | Cosmetics,Other,Mobile
C08488,2025-11-22,MT01,18-24,Fashion,18-24 | Fashion,Other,Mobile
C08489,2025-11-22,MT02,25-34,Cosmetics,25-34 | Cosmetics,Metro,Mobile
C08490,2025-11-22,MT02,25-34,Cosmetics,25-34 | Cosmetics,Other,Mobile
C08491,2025-11-22,MT02,25-34,Fashion,25-34 | Fashion,Metro,Mobile
C08492,2025-11-22,MT02,35-44,Fashion,35-44 | Fashion,Metro,Mobile
C08493,2025-11-22,MT02,25-34,Fashion,25-34 | Fashion,Other,Mobile
C08494,2025-11-22,MT03,25-34,Fashion,25-34 | Fashion,Other,Mobile
C08495,2025-11-22,MT03,25-34,Fashion,25-34 | Fashion,Metro,Mobile
C08496,2025-11-22,MT03,35-44,Fashion,35-44 | Fashion,Other,Mobile
C08497,2025-11-22,MT03,45+,Fashion,45+ | Fashion,Metro,Mobile
C08498,2025-11-22,TT01,18-24,Fashion,18-24 | Fashion,Metro,Mobile
C08499,2025-11-22,TT01,18-24,Fashion,18-24 | Fashion,Other,Mobile
C08500,2025-11-22,TT01,25-34,Fashion,25-34 | Fashion,Other,Mobile
C08501,2025-11-22,TT01,18-24,Fashion,18-24 | Fashion,Metro,Mobile
C08502,2025-11-22,TT01,18-24,Cosmetics,18-24 | Cosmetics,Metro,Mobile
C08503,2025-11-22,TT01,18-24,Fashion,18-24 | Fashion,Metro,Mobile
C08504,2025-11-22,TT02,18-24,Cosmetics,18-24 | Cosmetics,Other,Mobile
C08505,2025-11-22,TT02,18-24,Cosmetics,18-24 | Cosmetics,Metro,Mobile
C08506,2025-11-22,TT02,18-24,Fashion,18-24 | Fashion,Metro,Mobile
C08507,2025-11-22,TT02,18-24,Cosmetics,18-24 | Cosmetics,Metro,Mobile
C08508,2025-11-22,EM01,35-44,Fashion,35-44 | Fashion,Metro,Mobile
C08509,2025-11-22,EM01,45+,Fashion,45+ | Fashion,Other,Desktop
C08510,2025-11-22,EM02,45+,Cosmetics,45+ | Cosmetics,Metro,Desktop
C08511,2025-11-22,OR01,25-34,Fashion,25-34 | Fashion,Other,Mobile
C08512,2025-11-22,OR01,25-34,Cosmetics,25-34 | Cosmetics,Other,Desktop
C08513,2025-11-22,OR01,35-44,Cosmetics,35-44 | Cosmetics,Metro,Mobile
C08514,2025-11-22,OR01,18-24,Cosmetics,18-24 | Cosmetics,Other,Mobile
C08515,2025-11-22,OR01,35-44,Fashion,35-44 | Fashion,Metro,Mobile
C08516,2025-11-22,OR02,18-24,Cosmetics,18-24 | Cosmetics,Other,Mobile
C08517,2025-11-22,OR02,25-34,Cosmetics,25-34 | Cosmetics,Other,Mobile
C08518,2025-11-22,OR02,25-34,Cosmetics,25-34 | Cosmetics,Metro,Mobile
C08519,2025-11-23,GG01,45+,Cosmetics,45+ | Cosmetics,Other,Mobile
C08520,2025-11-23,GG01,35-44,Fashion,35-44 | Fashion,Other,Mobile
C08521,2025-11-23,GG01,45+,Fashion,45+ | Fashion,Metro,Mobile
C08522,2025-11-23,GG01,45+,Fashion,45+ | Fashion,Other,Desktop
C08523,2025-11-23,GG01,18-24,Fashion,18-24 | Fashion,Other,Desktop
C08524,2025-11-23,GG02,25-34,Cosmetics,25-34 | Cosmetics,Other,Desktop
C08525,2025-11-23,GG02,25-34,Fashion,25-34 | Fashion,Other,Desktop
C08526,2025-11-23,GG02,35-44,Fashion,35-44 | Fashion,Metro,Desktop
C08527,2025-11-23,GG02,35-44,Fashion,35-44 | Fashion,Other,Mobile
C08528,2025-11-23,GG03,25-34,Cosmetics,25-34 | Cosmetics,Metro,Desktop
C08529,2025-11-23,GG03,45+,Fashion,45+ | Fashion,Metro,Desktop
C08530,2025-11-23,GG03,45+,Fashion,45+ | Fashion,Other,Mobile
C08531,2025-11-23,GG03,25-34,Fashion,25-34 | Fashion,Other,Mobile
C08532,2025-11-23,GG03,25-34,Fashion,25-34 | Fashion,Metro,Mobile
C08533,2025-11-23,MT01,18-24,Cosmetics,18-24 | Cosmetics,Other,Mobile
C08534,2025-11-23,MT01,35-44,Cosmetics,35-44 | Cosmetics,Other,Mobile
C08535,2025-11-23,MT01,25-34,Cosmetics,25-34 | Cosmetics,Other,Desktop
C08536,2025-11-23,MT01,18-24,Fashion,18-24 | Fashion,Metro,Mobile
C08537,2025-11-23,MT01,25-34,Fashion,25-34 | Fashion,Other,Desktop
C08538,2025-11-23,MT01,25-34,Cosmetics,25-34 | Cosmetics,Other,Mobile
C08539,2025-11-23,MT01,18-24,Fashion,18-24 | Fashion,Metro,Mobile
C08540,2025-11-23,MT01,25-34,Cosmetics,25-34 | Cosmetics,Other,Mobile
C08541,2025-11-23,MT01,25-34,Fashion,25-34 | Fashion,Other,Mobile
C08542,2025-11-23,MT02,25-34,Cosmetics,25-34 | Cosmetics,Other,Mobile
C08543,2025-11-23,MT02,25-34,Fashion,25-34 | Fashion,Metro,Mobile
C08544,2025-11-23,MT02,25-34,Fashion,25-34 | Fashion,Metro,Mobile
C08545,2025-11-23,MT03,35-44,Cosmetics,35-44 | Cosmetics,Other,Mobile
C08546,2025-11-23,TT01,18-24,Fashion,18-24 | Fashion,Metro,Mobile
C08547,2025-11-23,TT01,18-24,Fashion,18-24 | Fashion,Metro,Mobile
C08548,2025-11-23,TT01,35-44,Fashion,35-44 | Fashion,Metro,Desktop
C08549,2025-11-23,TT01,18-24,Cosmetics,18-24 | Cosmetics,Metro,Mobile
C08550,2025-11-23,TT01,25-34,Cosmetics,25-34 | Cosmetics,Other,Mobile
C08551,2025-11-23,TT02,25-34,Fashion,25-34 | Fashion,Metro,Mobile
C08552,2025-11-23,EM01,45+,Cosmetics,45+ | Cosmetics,Metro,Mobile
C08553,2025-11-23,OR01,25-34,Cosmetics,25-34 | Cosmetics,Metro,Mobile
C08554,2025-11-23,OR01,18-24,Fashion,18-24 | Fashion,Other,Mobile
C08555,2025-11-23,OR01,35-44,Cosmetics,35-44 | Cosmetics,Other,Mobile
C08556,2025-11-23,OR01,45+,Fashion,45+ | Fashion,Metro,Desktop
C08557,2025-11-23,OR01,18-24,Cosmetics,18-24 | Cosmetics,Other,Mobile
C08558,2025-11-23,OR01,25-34,Cosmetics,25-34 | Cosmetics,Metro,Desktop
C08559,2025-11-23,OR02,35-44,Fashion,35-44 | Fashion,Other,Mobile
C08560,2025-11-24,GG01,25-34,Cosmetics,25-34 | Cosmetics,Metro,Mobile
C08561,2025-11-24,GG01,35-44,Cosmetics,35-44 | Cosmetics,Metro,Mobile
C08562,2025-11-24,GG01,25-34,Cosmetics,25-34 | Cosmetics,Metro,Mobile
C08563,2025-11-24,GG01,25-34,Fashion,25-34 | Fashion,Metro,Mobile
C08564,2025-11-24,GG02,18-24,Fashion,18-24 | Fashion,Other,Mobile
C08565,2025-11-24,GG02,45+,Fashion,45+ | Fashion,Metro,Mobile
C08566,2025-11-24,GG02,35-44,Fashion,35-44 | Fashion,Metro,Desktop
C08567,2025-11-24,GG02,35-44,Fashion,35-44 | Fashion,Other,Desktop
C08568,2025-11-24,GG03,35-44,Cosmetics,35-44 | Cosmetics,Metro,Mobile
C08569,2025-11-24,GG03,45+,Fashion,45+ | Fashion,Metro,Mobile
C08570,2025-11-24,GG03,25-34,Fashion,25-34 | Fashion,Metro,Mobile
C08571,2025-11-24,GG03,25-34,Cosmetics,25-34 | Cosmetics,Other,Desktop
C08572,2025-11-24,GG03,25-34,Cosmetics,25-34 | Cosmetics,Metro,Desktop
C08573,2025-11-24,GG03,25-34,Cosmetics,25-34 | Cosmetics,Other,Mobile
C08574,2025-11-24,MT01,25-34,Fashion,25-34 | Fashion,Metro,Mobile
C08575,2025-11-24,MT01,35-44,Cosmetics,35-44 | Cosmetics,Metro,Mobile
C08576,2025-11-24,MT01,25-34,Fashion,25-34 | Fashion,Metro,Mobile
C08577,2025-11-24,MT01,35-44,Cosmetics,35-44 | Cosmetics,Metro,Mobile
C08578,2025-11-24,MT02,25-34,Fashion,25-34 | Fashion,Metro,Mobile
C08579,2025-11-24,MT02,35-44,Fashion,35-44 | Fashion,Other,Mobile
C08580,2025-11-24,MT02,25-34,Fashion,25-34 | Fashion,Metro,Mobile
C08581,2025-11-24,MT02,18-24,Cosmetics,18-24 | Cosmetics,Metro,Mobile
C08582,2025-11-24,MT02,35-44,Fashion,35-44 | Fashion,Metro,Mobile
C08583,2025-11-24,MT03,35-44,Cosmetics,35-44 | Cosmetics,Other,Mobile
C08584,2025-11-24,TT01,18-24,Fashion,18-24 | Fashion,Metro,Mobile
C08585,2025-11-24,TT01,25-34,Cosmetics,25-34 | Cosmetics,Metro,Mobile
C08586,2025-11-24,TT01,25-34,Cosmetics,25-34 | Cosmetics,Metro,Mobile
C08587,2025-11-24,TT01,25-34,Cosmetics,25-34 | Cosmetics,Other,Mobile
C08588,2025-11-24,TT01,18-24,Fashion,18-24 | Fashion,Metro,Mobile
C08589,2025-11-24,TT01,18-24,Cosmetics,18-24 | Cosmetics,Metro,Mobile
C08590,2025-11-24,TT01,25-34,Fashion,25-34 | Fashion,Other,Mobile
C08591,2025-11-24,TT01,18-24,Fashion,18-24 | Fashion,Other,Mobile
C08592,2025-11-24,TT02,18-24,Cosmetics,18-24 | Cosmetics,Metro,Mobile
C08593,2025-11-24,TT02,25-34,Cosmetics,25-34 | Cosmetics,Metro,Mobile
C08594,2025-11-24,TT02,25-34,Cosmetics,25-34 | Cosmetics,Metro,Mobile
C08595,2025-11-24,TT02,25-34,Fashion,25-34 | Fashion,Metro,Mobile
C08596,2025-11-24,TT02,18-24,Cosmetics,18-24 | Cosmetics,Metro,Mobile
C08597,2025-11-24,OR01,18-24,Cosmetics,18-24 | Cosmetics,Other,Desktop
C08598,2025-11-24,OR01,25-34,Cosmetics,25-34 | Cosmetics,Metro,Mobile
C08599,2025-11-24,OR01,25-34,Cosmetics,25-34 | Cosmetics,Other,Desktop
C08600,2025-11-24,OR01,25-34,Cosmetics,25-34 | Cosmetics,Other,Mobile
C08601,2025-11-24,OR01,35-44,Cosmetics,35-44 | Cosmetics,Metro,Mobile
C08602,2025-11-24,OR01,25-34,Fashion,25-34 | Fashion,Other,Mobile
C08603,2025-11-24,OR01,35-44,Cosmetics,35-44 | Cosmetics,Other,Mobile
C08604,2025-11-24,OR01,25-34,Fashion,25-34 | Fashion,Other,Desktop
C08605,2025-11-24,OR01,45+,Cosmetics,45+ | Cosmetics,Other,Mobile
C08606,2025-11-24,OR02,35-44,Fashion,35-44 | Fashion,Metro,Mobile
C08607,2025-11-24,OR02,25-34,Fashion,25-34 | Fashion,Other,Mobile
C08608,2025-11-24,OR02,45+,Cosmetics,45+ | Cosmetics,Metro,Mobile
C08609,2025-11-25,GG01,45+,Cosmetics,45+ | Cosmetics,Metro,Mobile
C08610,2025-11-25,GG01,18-24,Fashion,18-24 | Fashion,Metro,Desktop
C08611,2025-11-25,GG01,35-44,Cosmetics,35-44 | Cosmetics,Other,Mobile
C08612,2025-11-25,GG01,45+,Fashion,45+ | Fashion,Metro,Mobile
C08613,2025-11-25,GG02,25-34,Fashion,25-34 | Fashion,Metro,Desktop
C08614,2025-11-25,GG02,45+,Fashion,45+ | Fashion,Other,Mobile
C08615,2025-11-25,GG02,35-44,Cosmetics,35-44 | Cosmetics,Metro,Mobile
C08616,2025-11-25,GG02,18-24,Fashion,18-24 | Fashion,Metro,Desktop
C08617,2025-11-25,GG02,35-44,Fashion,35-44 | Fashion,Metro,Desktop
C08618,2025-11-25,GG02,35-44,Fashion,35-44 | Fashion,Other,Desktop
C08619,2025-11-25,GG02,45+,Fashion,45+ | Fashion,Metro,Mobile
C08620,2025-11-25,GG03,18-24,Cosmetics,18-24 | Cosmetics,Metro,Mobile
C08621,2025-11-25,GG03,35-44,Fashion,35-44 | Fashion,Other,Mobile
C08622,2025-11-25,GG03,18-24,Fashion,18-24 | Fashion,Other,Mobile
C08623,2025-11-25,GG03,25-34,Cosmetics,25-34 | Cosmetics,Other,Desktop
C08624,2025-11-25,GG03,45+,Fashion,45+ | Fashion,Metro,Mobile
C08625,2025-11-25,GG03,25-34,Fashion,25-34 | Fashion,Other,Desktop
C08626,2025-11-25,GG03,25-34,Cosmetics,25-34 | Cosmetics,Other,Mobile
C08627,2025-11-25,MT01,25-34,Cosmetics,25-34 | Cosmetics,Other,Mobile
C08628,2025-11-25,MT01,25-34,Cosmetics,25-34 | Cosmetics,Metro,Desktop
C08629,2025-11-25,MT01,35-44,Cosmetics,35-44 | Cosmetics,Other,Desktop
C08630,2025-11-25,MT01,25-34,Fashion,25-34 | Fashion,Other,Mobile
C08631,2025-11-25,MT01,18-24,Fashion,18-24 | Fashion,Metro,Mobile
C08632,2025-11-25,MT02,35-44,Fashion,35-44 | Fashion,Metro,Mobile
C08633,2025-11-25,MT02,35-44,Fashion,35-44 | Fashion,Other,Mobile
C08634,2025-11-25,MT02,25-34,Fashion,25-34 | Fashion,Metro,Mobile
C08635,2025-11-25,MT02,45+,Cosmetics,45+ | Cosmetics,Metro,Mobile
C08636,2025-11-25,MT02,25-34,Cosmetics,25-34 | Cosmetics,Metro,Desktop
C08637,2025-11-25,MT02,25-34,Cosmetics,25-34 | Cosmetics,Other,Mobile
C08638,2025-11-25,MT03,25-34,Cosmetics,25-34 | Cosmetics,Metro,Mobile
C08639,2025-11-25,MT03,35-44,Cosmetics,35-44 | Cosmetics,Other,Mobile
C08640,2025-11-25,MT03,18-24,Fashion,18-24 | Fashion,Metro,Mobile
C08641,2025-11-25,MT03,25-34,Cosmetics,25-34 | Cosmetics,Metro,Desktop
C08642,2025-11-25,MT03,35-44,Cosmetics,35-44 | Cosmetics,Metro,Mobile
C08643,2025-11-25,TT01,18-24,Cosmetics,18-24 | Cosmetics,Other,Mobile
C08644,2025-11-25,TT01,25-34,Cosmetics,25-34 | Cosmetics,Other,Mobile
C08645,2025-11-25,TT01,18-24,Fashion,18-24 | Fashion,Metro,Mobile
C08646,2025-11-25,TT01,18-24,Fashion,18-24 | Fashion,Metro,Mobile
C08647,2025-11-25,TT01,25-34,Cosmetics,25-34 | Cosmetics,Metro,Mobile
C08648,2025-11-25,TT01,18-24,Fashion,18-24 | Fashion,Other,Mobile
C08649,2025-11-25,TT01,25-34,Cosmetics,25-34 | Cosmetics,Other,Mobile
C08650,2025-11-25,TT01,25-34,Fashion,25-34 | Fashion,Other,Mobile
C08651,2025-11-25,TT01,18-24,Fashion,18-24 | Fashion,Metro,Mobile
C08652,2025-11-25,TT01,18-24,Cosmetics,18-24 | Cosmetics,Other,Mobile
C08653,2025-11-25,TT02,25-34,Cosmetics,25-34 | Cosmetics,Other,Mobile
C08654,2025-11-25,TT02,18-24,Cosmetics,18-24 | Cosmetics,Metro,Mobile
C08655,2025-11-25,TT02,18-24,Fashion,18-24 | Fashion,Other,Mobile
C08656,2025-11-25,EM01,25-34,Fashion,25-34 | Fashion,Metro,Mobile
C08657,2025-11-25,EM01,35-44,Cosmetics,35-44 | Cosmetics,Metro,Desktop
C08658,2025-11-25,EM02,35-44,Fashion,35-44 | Fashion,Other,Mobile
C08659,2025-11-25,EM02,35-44,Fashion,35-44 | Fashion,Metro,Mobile
C08660,2025-11-25,OR01,25-34,Fashion,25-34 | Fashion,Metro,Mobile
C08661,2025-11-25,OR01,18-24,Fashion,18-24 | Fashion,Metro,Desktop
C08662,2025-11-25,OR01,18-24,Fashion,18-24 | Fashion,Other,Desktop
C08663,2025-11-25,OR01,35-44,Cosmetics,35-44 | Cosmetics,Metro,Desktop
C08664,2025-11-25,OR01,45+,Fashion,45+ | Fashion,Other,Mobile
C08665,2025-11-25,OR02,18-24,Fashion,18-24 | Fashion,Metro,Mobile
C08666,2025-11-25,OR02,18-24,Cosmetics,18-24 | Cosmetics,Metro,Mobile
C08667,2025-11-25,OR02,35-44,Fashion,35-44 | Fashion,Metro,Mobile
C08668,2025-11-25,OR02,25-34,Fashion,25-34 | Fashion,Other,Mobile
C08669,2025-11-25,OR02,35-44,Cosmetics,35-44 | Cosmetics,Other,Mobile
C08670,2025-11-26,GG01,25-34,Fashion,25-34 | Fashion,Other,Desktop
C08671,2025-11-26,GG01,35-44,Fashion,35-44 | Fashion,Metro,Mobile
C08672,2025-11-26,GG01,45+,Fashion,45+ | Fashion,Other,Desktop
C08673,2025-11-26,GG01,35-44,Fashion,35-44 | Fashion,Metro,Mobile
C08674,2025-11-26,GG01,25-34,Cosmetics,25-34 | Cosmetics,Metro,Mobile
C08675,2025-11-26,GG01,18-24,Cosmetics,18-24 | Cosmetics,Metro,Desktop
C08676,2025-11-26,GG02,25-34,Fashion,25-34 | Fashion,Other,Mobile
C08677,2025-11-26,GG02,45+,Fashion,45+ | Fashion,Metro,Desktop
C08678,2025-11-26,GG02,35-44,Fashion,35-44 | Fashion,Metro,Desktop
C08679,2025-11-26,GG03,45+,Fashion,45+ | Fashion,Other,Mobile
C08680,2025-11-26,GG03,18-24,Cosmetics,18-24 | Cosmetics,Other,Desktop
C08681,2025-11-26,GG03,45+,Fashion,45+ | Fashion,Other,Mobile
C08682,2025-11-26,GG03,18-24,Cosmetics,18-24 | Cosmetics,Metro,Mobile
C08683,2025-11-26,GG03,25-34,Fashion,25-34 | Fashion,Metro,Mobile
C08684,2025-11-26,GG03,35-44,Fashion,35-44 | Fashion,Other,Desktop
C08685,2025-11-26,MT01,45+,Cosmetics,45+ | Cosmetics,Metro,Mobile
C08686,2025-11-26,MT02,25-34,Cosmetics,25-34 | Cosmetics,Metro,Mobile
C08687,2025-11-26,MT02,25-34,Fashion,25-34 | Fashion,Other,Mobile
C08688,2025-11-26,MT02,25-34,Cosmetics,25-34 | Cosmetics,Metro,Mobile
C08689,2025-11-26,MT02,45+,Fashion,45+ | Fashion,Metro,Mobile
C08690,2025-11-26,MT02,25-34,Cosmetics,25-34 | Cosmetics,Metro,Mobile
C08691,2025-11-26,MT03,18-24,Fashion,18-24 | Fashion,Other,Mobile
C08692,2025-11-26,MT03,45+,Cosmetics,45+ | Cosmetics,Other,Mobile
C08693,2025-11-26,MT03,25-34,Fashion,25-34 | Fashion,Metro,Desktop
C08694,2025-11-26,TT01,35-44,Fashion,35-44 | Fashion,Other,Mobile
C08695,2025-11-26,TT01,18-24,Cosmetics,18-24 | Cosmetics,Metro,Mobile
C08696,2025-11-26,TT01,45+,Fashion,45+ | Fashion,Metro,Desktop
C08697,2025-11-26,TT01,18-24,Cosmetics,18-24 | Cosmetics,Metro,Mobile
C08698,2025-11-26,TT01,18-24,Cosmetics,18-24 | Cosmetics,Metro,Mobile
C08699,2025-11-26,TT01,25-34,Fashion,25-34 | Fashion,Other,Desktop
C08700,2025-11-26,TT01,18-24,Fashion,18-24 | Fashion,Metro,Mobile
C08701,2025-11-26,TT02,25-34,Cosmetics,25-34 | Cosmetics,Metro,Mobile
C08702,2025-11-26,EM01,35-44,Cosmetics,35-44 | Cosmetics,Metro,Mobile
C08703,2025-11-26,EM01,45+,Cosmetics,45+ | Cosmetics,Metro,Mobile
C08704,2025-11-26,EM01,18-24,Fashion,18-24 | Fashion,Metro,Mobile
C08705,2025-11-26,EM01,45+,Cosmetics,45+ | Cosmetics,Metro,Mobile
C08706,2025-11-26,EM01,45+,Cosmetics,45+ | Cosmetics,Metro,Mobile
C08707,2025-11-26,OR01,35-44,Fashion,35-44 | Fashion,Other,Mobile
C08708,2025-11-26,OR01,25-34,Fashion,25-34 | Fashion,Other,Mobile
C08709,2025-11-26,OR01,35-44,Fashion,35-44 | Fashion,Metro,Mobile
C08710,2025-11-26,OR01,25-34,Fashion,25-34 | Fashion,Metro,Desktop
C08711,2025-11-26,OR01,35-44,Fashion,35-44 | Fashion,Other,Mobile
C08712,2025-11-26,OR01,25-34,Cosmetics,25-34 | Cosmetics,Metro,Desktop
C08713,2025-11-26,OR01,45+,Cosmetics,45+ | Cosmetics,Other,Mobile
C08714,2025-11-26,OR01,45+,Cosmetics,45+ | Cosmetics,Other,Mobile
C08715,2025-11-26,OR01,25-34,Cosmetics,25-34 | Cosmetics,Metro,Mobile
C08716,2025-11-26,OR01,18-24,Fashion,18-24 | Fashion,Other,Mobile
C08717,2025-11-26,OR01,35-44,Cosmetics,35-44 | Cosmetics,Metro,Desktop
C08718,2025-11-26,OR01,35-44,Cosmetics,35-44 | Cosmetics,Other,Desktop
C08719,2025-11-26,OR01,35-44,Cosmetics,35-44 | Cosmetics,Other,Desktop
C08720,2025-11-26,OR02,25-34,Cosmetics,25-34 | Cosmetics,Other,Mobile
C08721,2025-11-26,OR02,18-24,Cosmetics,18-24 | Cosmetics,Metro,Mobile
C08722,2025-11-26,OR02,25-34,Cosmetics,25-34 | Cosmetics,Metro,Mobile
C08723,2025-11-26,OR02,18-24,Fashion,18-24 | Fashion,Metro,Mobile
C08724,2025-11-26,OR02,25-34,Cosmetics,25-34 | Cosmetics,Metro,Mobile
C08725,2025-11-27,GG01,45+,Cosmetics,45+ | Cosmetics,Other,Mobile
C08726,2025-11-27,GG01,25-34,Fashion,25-34 | Fashion,Metro,Mobile
C08727,2025-11-27,GG01,35-44,Fashion,35-44 | Fashion,Other,Mobile
C08728,2025-11-27,GG01,18-24,Fashion,18-24 | Fashion,Metro,Desktop
C08729,2025-11-27,GG01,25-34,Fashion,25-34 | Fashion,Metro,Desktop
C08730,2025-11-27,GG01,45+,Fashion,45+ | Fashion,Metro,Mobile
C08731,2025-11-27,GG01,35-44,Fashion,35-44 | Fashion,Other,Desktop
C08732,2025-11-27,GG01,45+,Fashion,45+ | Fashion,Metro,Desktop
C08733,2025-11-27,GG02,18-24,Cosmetics,18-24 | Cosmetics,Metro,Mobile
C08734,2025-11-27,GG02,18-24,Fashion,18-24 | Fashion,Metro,Desktop
C08735,2025-11-27,GG02,25-34,Fashion,25-34 | Fashion,Other,Desktop
C08736,2025-11-27,GG02,25-34,Cosmetics,25-34 | Cosmetics,Other,Desktop
C08737,2025-11-27,GG02,35-44,Cosmetics,35-44 | Cosmetics,Metro,Mobile
C08738,2025-11-27,GG02,35-44,Fashion,35-44 | Fashion,Metro,Mobile
C08739,2025-11-27,GG02,25-34,Fashion,25-34 | Fashion,Other,Desktop
C08740,2025-11-27,GG03,25-34,Cosmetics,25-34 | Cosmetics,Metro,Mobile
C08741,2025-11-27,GG03,35-44,Fashion,35-44 | Fashion,Other,Desktop
C08742,2025-11-27,GG03,25-34,Fashion,25-34 | Fashion,Other,Desktop
C08743,2025-11-27,GG03,35-44,Cosmetics,35-44 | Cosmetics,Other,Desktop
C08744,2025-11-27,GG03,18-24,Cosmetics,18-24 | Cosmetics,Other,Desktop
C08745,2025-11-27,GG03,35-44,Cosmetics,35-44 | Cosmetics,Other,Desktop
C08746,2025-11-27,GG03,35-44,Fashion,35-44 | Fashion,Other,Desktop
C08747,2025-11-27,GG03,25-34,Fashion,25-34 | Fashion,Metro,Mobile
C08748,2025-11-27,MT01,45+,Fashion,45+ | Fashion,Metro,Mobile
C08749,2025-11-27,MT01,25-34,Fashion,25-34 | Fashion,Metro,Mobile
C08750,2025-11-27,MT01,25-34,Fashion,25-34 | Fashion,Metro,Mobile
C08751,2025-11-27,MT01,35-44,Cosmetics,35-44 | Cosmetics,Metro,Mobile
C08752,2025-11-27,MT01,45+,Fashion,45+ | Fashion,Other,Mobile
C08753,2025-11-27,MT01,25-34,Fashion,25-34 | Fashion,Other,Mobile
C08754,2025-11-27,MT01,18-24,Cosmetics,18-24 | Cosmetics,Metro,Mobile
C08755,2025-11-27,MT01,35-44,Cosmetics,35-44 | Cosmetics,Metro,Desktop
C08756,2025-11-27,MT02,18-24,Cosmetics,18-24 | Cosmetics,Metro,Mobile
C08757,2025-11-27,MT02,25-34,Fashion,25-34 | Fashion,Metro,Desktop
C08758,2025-11-27,MT03,35-44,Fashion,35-44 | Fashion,Other,Mobile
C08759,2025-11-27,MT03,25-34,Fashion,25-34 | Fashion,Other,Mobile
C08760,2025-11-27,MT03,35-44,Fashion,35-44 | Fashion,Other,Mobile
C08761,2025-11-27,MT03,35-44,Fashion,35-44 | Fashion,Metro,Mobile
C08762,2025-11-27,MT03,18-24,Fashion,18-24 | Fashion,Metro,Mobile
C08763,2025-11-27,MT03,45+,Fashion,45+ | Fashion,Metro,Mobile
C08764,2025-11-27,MT03,35-44,Fashion,35-44 | Fashion,Other,Desktop
C08765,2025-11-27,TT01,18-24,Cosmetics,18-24 | Cosmetics,Other,Mobile
C08766,2025-11-27,TT01,25-34,Cosmetics,25-34 | Cosmetics,Metro,Mobile
C08767,2025-11-27,TT01,18-24,Cosmetics,18-24 | Cosmetics,Metro,Mobile
C08768,2025-11-27,TT01,18-24,Fashion,18-24 | Fashion,Other,Mobile
C08769,2025-11-27,TT01,25-34,Cosmetics,25-34 | Cosmetics,Other,Mobile
C08770,2025-11-27,TT02,25-34,Fashion,25-34 | Fashion,Other,Mobile
C08771,2025-11-27,TT02,25-34,Cosmetics,25-34 | Cosmetics,Other,Mobile
C08772,2025-11-27,TT02,18-24,Cosmetics,18-24 | Cosmetics,Other,Mobile
C08773,2025-11-27,TT02,25-34,Cosmetics,25-34 | Cosmetics,Other,Mobile
C08774,2025-11-27,EM01,35-44,Cosmetics,35-44 | Cosmetics,Metro,Desktop
C08775,2025-11-27,EM01,18-24,Fashion,18-24 | Fashion,Metro,Mobile
C08776,2025-11-27,EM02,45+,Fashion,45+ | Fashion,Metro,Desktop
C08777,2025-11-27,EM02,35-44,Fashion,35-44 | Fashion,Metro,Mobile
C08778,2025-11-27,OR01,35-44,Cosmetics,35-44 | Cosmetics,Metro,Desktop
C08779,2025-11-27,OR01,18-24,Cosmetics,18-24 | Cosmetics,Other,Mobile
C08780,2025-11-27,OR01,35-44,Cosmetics,35-44 | Cosmetics,Other,Mobile
C08781,2025-11-27,OR01,25-34,Cosmetics,25-34 | Cosmetics,Metro,Desktop
C08782,2025-11-27,OR01,35-44,Cosmetics,35-44 | Cosmetics,Metro,Mobile
C08783,2025-11-27,OR02,25-34,Cosmetics,25-34 | Cosmetics,Metro,Mobile
C08784,2025-11-27,OR02,25-34,Fashion,25-34 | Fashion,Metro,Mobile
C08785,2025-11-27,OR02,25-34,Cosmetics,25-34 | Cosmetics,Metro,Desktop
C08786,2025-11-27,OR02,25-34,Fashion,25-34 | Fashion,Other,Mobile
C08787,2025-11-27,OR02,45+,Cosmetics,45+ | Cosmetics,Metro,Mobile
C08788,2025-11-27,OR02,18-24,Cosmetics,18-24 | Cosmetics,Other,Mobile
C08789,2025-11-27,OR02,18-24,Cosmetics,18-24 | Cosmetics,Metro,Mobile
C08790,2025-11-27,OR02,18-24,Cosmetics,18-24 | Cosmetics,Metro,Mobile
C08791,2025-11-28,GG01,25-34,Fashion,25-34 | Fashion,Metro,Mobile
C08792,2025-11-28,GG01,35-44,Fashion,35-44 | Fashion,Metro,Mobile
C08793,2025-11-28,GG01,45+,Cosmetics,45+ | Cosmetics,Metro,Mobile
C08794,2025-11-28,GG01,25-34,Fashion,25-34 | Fashion,Metro,Mobile
C08795,2025-11-28,GG01,25-34,Cosmetics,25-34 | Cosmetics,Other,Mobile
C08796,2025-11-28,GG02,45+,Fashion,45+ | Fashion,Other,Desktop
C08797,2025-11-28,GG02,25-34,Fashion,25-34 | Fashion,Metro,Desktop
C08798,2025-11-28,GG02,35-44,Fashion,35-44 | Fashion,Other,Desktop
C08799,2025-11-28,GG02,45+,Fashion,45+ | Fashion,Metro,Mobile
C08800,2025-11-28,GG02,45+,Cosmetics,45+ | Cosmetics,Metro,Mobile
C08801,2025-11-28,GG02,35-44,Cosmetics,35-44 | Cosmetics,Other,Mobile
C08802,2025-11-28,GG03,18-24,Fashion,18-24 | Fashion,Metro,Desktop
C08803,2025-11-28,MT01,18-24,Fashion,18-24 | Fashion,Other,Mobile
C08804,2025-11-28,MT01,35-44,Cosmetics,35-44 | Cosmetics,Metro,Mobile
C08805,2025-11-28,MT01,25-34,Cosmetics,25-34 | Cosmetics,Other,Mobile
C08806,2025-11-28,MT01,25-34,Fashion,25-34 | Fashion,Metro,Mobile
C08807,2025-11-28,MT01,18-24,Fashion,18-24 | Fashion,Other,Mobile
C08808,2025-11-28,MT01,25-34,Fashion,25-34 | Fashion,Metro,Mobile
C08809,2025-11-28,MT01,25-34,Fashion,25-34 | Fashion,Metro,Mobile
C08810,2025-11-28,MT01,25-34,Cosmetics,25-34 | Cosmetics,Other,Mobile
C08811,2025-11-28,MT01,18-24,Fashion,18-24 | Fashion,Metro,Mobile
C08812,2025-11-28,MT01,18-24,Cosmetics,18-24 | Cosmetics,Other,Mobile
C08813,2025-11-28,MT01,35-44,Fashion,35-44 | Fashion,Metro,Mobile
C08814,2025-11-28,MT02,25-34,Fashion,25-34 | Fashion,Metro,Mobile
C08815,2025-11-28,MT02,35-44,Fashion,35-44 | Fashion,Metro,Mobile
C08816,2025-11-28,MT02,45+,Fashion,45+ | Fashion,Metro,Mobile
C08817,2025-11-28,MT02,35-44,Fashion,35-44 | Fashion,Other,Mobile
C08818,2025-11-28,MT03,25-34,Fashion,25-34 | Fashion,Metro,Mobile
C08819,2025-11-28,MT03,35-44,Fashion,35-44 | Fashion,Metro,Mobile
C08820,2025-11-28,MT03,25-34,Cosmetics,25-34 | Cosmetics,Other,Mobile
C08821,2025-11-28,MT03,35-44,Cosmetics,35-44 | Cosmetics,Metro,Mobile
C08822,2025-11-28,MT03,25-34,Fashion,25-34 | Fashion,Other,Desktop
C08823,2025-11-28,TT01,18-24,Fashion,18-24 | Fashion,Other,Mobile
C08824,2025-11-28,TT01,25-34,Fashion,25-34 | Fashion,Other,Mobile
C08825,2025-11-28,TT01,18-24,Fashion,18-24 | Fashion,Other,Mobile
C08826,2025-11-28,TT01,18-24,Cosmetics,18-24 | Cosmetics,Metro,Mobile
C08827,2025-11-28,TT01,18-24,Cosmetics,18-24 | Cosmetics,Other,Mobile
C08828,2025-11-28,TT02,18-24,Cosmetics,18-24 | Cosmetics,Other,Mobile
C08829,2025-11-28,TT02,25-34,Cosmetics,25-34 | Cosmetics,Other,Mobile
C08830,2025-11-28,TT02,18-24,Fashion,18-24 | Fashion,Metro,Mobile
C08831,2025-11-28,TT02,25-34,Cosmetics,25-34 | Cosmetics,Metro,Mobile
C08832,2025-11-28,EM01,25-34,Cosmetics,25-34 | Cosmetics,Other,Mobile
C08833,2025-11-28,EM01,25-34,Fashion,25-34 | Fashion,Metro,Desktop
C08834,2025-11-28,EM02,35-44,Fashion,35-44 | Fashion,Other,Mobile
C08835,2025-11-28,OR01,25-34,Fashion,25-34 | Fashion,Metro,Mobile
C08836,2025-11-28,OR01,25-34,Cosmetics,25-34 | Cosmetics,Other,Mobile
C08837,2025-11-28,OR01,45+,Cosmetics,45+ | Cosmetics,Metro,Desktop
C08838,2025-11-28,OR01,25-34,Cosmetics,25-34 | Cosmetics,Other,Desktop
C08839,2025-11-28,OR01,25-34,Fashion,25-34 | Fashion,Metro,Mobile
C08840,2025-11-28,OR01,45+,Fashion,45+ | Fashion,Other,Mobile
C08841,2025-11-28,OR01,35-44,Cosmetics,35-44 | Cosmetics,Other,Mobile
C08842,2025-11-28,OR02,25-34,Fashion,25-34 | Fashion,Other,Mobile
C08843,2025-11-28,OR02,18-24,Cosmetics,18-24 | Cosmetics,Other,Desktop
C08844,2025-11-28,OR02,25-34,Cosmetics,25-34 | Cosmetics,Other,Mobile
C08845,2025-11-29,GG01,45+,Fashion,45+ | Fashion,Metro,Mobile
C08846,2025-11-29,GG01,25-34,Cosmetics,25-34 | Cosmetics,Metro,Mobile
C08847,2025-11-29,GG01,35-44,Cosmetics,35-44 | Cosmetics,Other,Mobile
C08848,2025-11-29,GG01,45+,Cosmetics,45+ | Cosmetics,Metro,Desktop
C08849,2025-11-29,GG01,25-34,Cosmetics,25-34 | Cosmetics,Metro,Mobile
C08850,2025-11-29,GG01,25-34,Cosmetics,25-34 | Cosmetics,Other,Desktop
C08851,2025-11-29,GG01,18-24,Cosmetics,18-24 | Cosmetics,Other,Desktop
C08852,2025-11-29,GG01,25-34,Fashion,25-34 | Fashion,Other,Desktop
C08853,2025-11-29,GG01,25-34,Fashion,25-34 | Fashion,Metro,Desktop
C08854,2025-11-29,GG02,35-44,Fashion,35-44 | Fashion,Other,Desktop
C08855,2025-11-29,GG02,25-34,Fashion,25-34 | Fashion,Other,Mobile
C08856,2025-11-29,GG02,18-24,Cosmetics,18-24 | Cosmetics,Metro,Desktop
C08857,2025-11-29,GG02,25-34,Fashion,25-34 | Fashion,Metro,Desktop
C08858,2025-11-29,GG02,18-24,Fashion,18-24 | Fashion,Other,Desktop
C08859,2025-11-29,GG02,25-34,Fashion,25-34 | Fashion,Metro,Desktop
C08860,2025-11-29,GG02,25-34,Cosmetics,25-34 | Cosmetics,Metro,Desktop
C08861,2025-11-29,GG02,45+,Fashion,45+ | Fashion,Other,Mobile
C08862,2025-11-29,GG03,25-34,Fashion,25-34 | Fashion,Metro,Desktop
C08863,2025-11-29,GG03,35-44,Fashion,35-44 | Fashion,Metro,Mobile
C08864,2025-11-29,GG03,25-34,Fashion,25-34 | Fashion,Other,Desktop
C08865,2025-11-29,GG03,35-44,Fashion,35-44 | Fashion,Metro,Mobile
C08866,2025-11-29,GG03,18-24,Fashion,18-24 | Fashion,Other,Mobile
C08867,2025-11-29,MT01,25-34,Fashion,25-34 | Fashion,Metro,Mobile
C08868,2025-11-29,MT01,35-44,Cosmetics,35-44 | Cosmetics,Metro,Desktop
C08869,2025-11-29,MT01,25-34,Cosmetics,25-34 | Cosmetics,Other,Mobile
C08870,2025-11-29,MT01,35-44,Fashion,35-44 | Fashion,Other,Mobile
C08871,2025-11-29,MT01,25-34,Fashion,25-34 | Fashion,Metro,Mobile
C08872,2025-11-29,MT01,18-24,Cosmetics,18-24 | Cosmetics,Other,Mobile
C08873,2025-11-29,MT01,18-24,Fashion,18-24 | Fashion,Other,Mobile
C08874,2025-11-29,MT02,45+,Cosmetics,45+ | Cosmetics,Metro,Mobile
C08875,2025-11-29,MT02,25-34,Fashion,25-34 | Fashion,Other,Mobile
C08876,2025-11-29,MT02,25-34,Cosmetics,25-34 | Cosmetics,Other,Mobile
C08877,2025-11-29,MT03,35-44,Fashion,35-44 | Fashion,Other,Mobile
C08878,2025-11-29,MT03,25-34,Fashion,25-34 | Fashion,Metro,Mobile
C08879,2025-11-29,MT03,35-44,Fashion,35-44 | Fashion,Metro,Mobile
C08880,2025-11-29,MT03,45+,Fashion,45+ | Fashion,Metro,Mobile
C08881,2025-11-29,TT01,35-44,Fashion,35-44 | Fashion,Metro,Mobile
C08882,2025-11-29,TT01,18-24,Fashion,18-24 | Fashion,Other,Mobile
C08883,2025-11-29,TT01,35-44,Cosmetics,35-44 | Cosmetics,Other,Mobile
C08884,2025-11-29,TT02,35-44,Cosmetics,35-44 | Cosmetics,Other,Mobile
C08885,2025-11-29,TT02,18-24,Cosmetics,18-24 | Cosmetics,Metro,Mobile
C08886,2025-11-29,TT02,25-34,Fashion,25-34 | Fashion,Metro,Mobile
C08887,2025-11-29,TT02,25-34,Fashion,25-34 | Fashion,Other,Mobile
C08888,2025-11-29,TT02,25-34,Cosmetics,25-34 | Cosmetics,Other,Mobile
C08889,2025-11-29,TT02,18-24,Fashion,18-24 | Fashion,Metro,Mobile
C08890,2025-11-29,TT02,18-24,Fashion,18-24 | Fashion,Metro,Mobile
C08891,2025-11-29,TT02,18-24,Cosmetics,18-24 | Cosmetics,Metro,Mobile
C08892,2025-11-29,TT02,18-24,Cosmetics,18-24 | Cosmetics,Metro,Mobile
C08893,2025-11-29,EM01,45+,Fashion,45+ | Fashion,Other,Mobile
C08894,2025-11-29,EM02,45+,Fashion,45+ | Fashion,Other,Mobile
C08895,2025-11-29,EM02,25-34,Cosmetics,25-34 | Cosmetics,Metro,Mobile
C08896,2025-11-29,OR01,45+,Fashion,45+ | Fashion,Metro,Mobile
C08897,2025-11-29,OR01,45+,Fashion,45+ | Fashion,Other,Mobile
C08898,2025-11-29,OR01,35-44,Fashion,35-44 | Fashion,Metro,Mobile
C08899,2025-11-29,OR02,18-24,Fashion,18-24 | Fashion,Metro,Mobile
C08900,2025-11-29,OR02,18-24,Cosmetics,18-24 | Cosmetics,Metro,Mobile
C08901,2025-11-29,OR02,18-24,Cosmetics,18-24 | Cosmetics,Other,Mobile
C08902,2025-11-30,GG01,35-44,Cosmetics,35-44 | Cosmetics,Other,Desktop
C08903,2025-11-30,GG01,25-34,Fashion,25-34 | Fashion,Metro,Mobile
C08904,2025-11-30,GG01,35-44,Fashion,35-44 | Fashion,Other,Desktop
C08905,2025-11-30,GG01,25-34,Fashion,25-34 | Fashion,Other,Mobile
C08906,2025-11-30,GG02,45+,Fashion,45+ | Fashion,Metro,Desktop
C08907,2025-11-30,GG02,45+,Fashion,45+ | Fashion,Metro,Mobile
C08908,2025-11-30,GG02,35-44,Fashion,35-44 | Fashion,Metro,Mobile
C08909,2025-11-30,GG02,25-34,Fashion,25-34 | Fashion,Other,Desktop
C08910,2025-11-30,GG02,18-24,Cosmetics,18-24 | Cosmetics,Metro,Desktop
C08911,2025-11-30,GG02,35-44,Fashion,35-44 | Fashion,Metro,Desktop
C08912,2025-11-30,GG02,35-44,Cosmetics,35-44 | Cosmetics,Metro,Mobile
C08913,2025-11-30,GG03,25-34,Fashion,25-34 | Fashion,Metro,Mobile
C08914,2025-11-30,GG03,35-44,Fashion,35-44 | Fashion,Metro,Mobile
C08915,2025-11-30,GG03,18-24,Fashion,18-24 | Fashion,Other,Mobile
C08916,2025-11-30,GG03,25-34,Cosmetics,25-34 | Cosmetics,Metro,Mobile
C08917,2025-11-30,GG03,35-44,Cosmetics,35-44 | Cosmetics,Other,Mobile
C08918,2025-11-30,GG03,35-44,Fashion,35-44 | Fashion,Metro,Mobile
C08919,2025-11-30,GG03,18-24,Cosmetics,18-24 | Cosmetics,Metro,Mobile
C08920,2025-11-30,GG03,18-24,Cosmetics,18-24 | Cosmetics,Metro,Mobile
C08921,2025-11-30,MT01,18-24,Cosmetics,18-24 | Cosmetics,Metro,Desktop
C08922,2025-11-30,MT01,35-44,Cosmetics,35-44 | Cosmetics,Metro,Desktop
C08923,2025-11-30,MT01,35-44,Fashion,35-44 | Fashion,Metro,Mobile
C08924,2025-11-30,MT01,35-44,Cosmetics,35-44 | Cosmetics,Metro,Mobile
C08925,2025-11-30,MT01,35-44,Fashion,35-44 | Fashion,Other,Mobile
C08926,2025-11-30,MT01,35-44,Cosmetics,35-44 | Cosmetics,Metro,Desktop
C08927,2025-11-30,MT01,45+,Cosmetics,45+ | Cosmetics,Metro,Mobile
C08928,2025-11-30,MT01,35-44,Cosmetics,35-44 | Cosmetics,Other,Mobile
C08929,2025-11-30,MT01,25-34,Cosmetics,25-34 | Cosmetics,Metro,Mobile
C08930,2025-11-30,MT01,18-24,Cosmetics,18-24 | Cosmetics,Other,Mobile
C08931,2025-11-30,MT01,25-34,Fashion,25-34 | Fashion,Other,Mobile
C08932,2025-11-30,MT01,35-44,Fashion,35-44 | Fashion,Metro,Mobile
C08933,2025-11-30,MT01,25-34,Fashion,25-34 | Fashion,Metro,Mobile
C08934,2025-11-30,MT02,25-34,Cosmetics,25-34 | Cosmetics,Other,Mobile
C08935,2025-11-30,MT02,35-44,Fashion,35-44 | Fashion,Metro,Mobile
C08936,2025-11-30,MT02,18-24,Fashion,18-24 | Fashion,Metro,Mobile
C08937,2025-11-30,MT02,18-24,Fashion,18-24 | Fashion,Other,Mobile
C08938,2025-11-30,MT02,25-34,Fashion,25-34 | Fashion,Metro,Mobile
C08939,2025-11-30,MT03,45+,Fashion,45+ | Fashion,Other,Desktop
C08940,2025-11-30,MT03,35-44,Fashion,35-44 | Fashion,Metro,Mobile
C08941,2025-11-30,TT01,25-34,Cosmetics,25-34 | Cosmetics,Metro,Mobile
C08942,2025-11-30,TT01,25-34,Cosmetics,25-34 | Cosmetics,Other,Mobile
C08943,2025-11-30,TT01,18-24,Cosmetics,18-24 | Cosmetics,Other,Mobile
C08944,2025-11-30,TT01,18-24,Cosmetics,18-24 | Cosmetics,Metro,Mobile
C08945,2025-11-30,TT01,18-24,Cosmetics,18-24 | Cosmetics,Other,Mobile
C08946,2025-11-30,TT01,25-34,Cosmetics,25-34 | Cosmetics,Other,Mobile
C08947,2025-11-30,TT01,18-24,Cosmetics,18-24 | Cosmetics,Metro,Mobile
C08948,2025-11-30,TT01,18-24,Cosmetics,18-24 | Cosmetics,Other,Mobile
C08949,2025-11-30,TT01,18-24,Cosmetics,18-24 | Cosmetics,Other,Mobile
C08950,2025-11-30,TT01,18-24,Fashion,18-24 | Fashion,Metro,Mobile
C08951,2025-11-30,TT02,25-34,Cosmetics,25-34 | Cosmetics,Other,Mobile
C08952,2025-11-30,TT02,18-24,Fashion,18-24 | Fashion,Metro,Mobile
C08953,2025-11-30,TT02,18-24,Cosmetics,18-24 | Cosmetics,Metro,Mobile
C08954,2025-11-30,EM01,35-44,Cosmetics,35-44 | Cosmetics,Metro,Desktop
C08955,2025-11-30,EM01,45+,Fashion,45+ | Fashion,Metro,Mobile
C08956,2025-11-30,EM01,35-44,Fashion,35-44 | Fashion,Metro,Mobile
C08957,2025-11-30,EM01,45+,Fashion,45+ | Fashion,Metro,Mobile
C08958,2025-11-30,OR01,18-24,Fashion,18-24 | Fashion,Metro,Desktop
C08959,2025-11-30,OR01,18-24,Cosmetics,18-24 | Cosmetics,Metro,Mobile
C08960,2025-11-30,OR01,25-34,Fashion,25-34 | Fashion,Other,Mobile
C08961,2025-11-30,OR01,18-24,Fashion,18-24 | Fashion,Other,Desktop
C08962,2025-11-30,OR01,25-34,Cosmetics,25-34 | Cosmetics,Metro,Mobile
C08963,2025-11-30,OR01,25-34,Cosmetics,25-34 | Cosmetics,Metro,Mobile
C08964,2025-11-30,OR01,18-24,Cosmetics,18-24 | Cosmetics,Other,Mobile
C08965,2025-11-30,OR02,45+,Cosmetics,45+ | Cosmetics,Metro,Mobile
C08966,2025-11-30,OR02,18-24,Cosmetics,18-24 | Cosmetics,Other,Desktop
C08967,2025-12-01,GG01,25-34,Fashion,25-34 | Fashion,Other,Desktop
C08968,2025-12-01,GG01,25-34,Fashion,25-34 | Fashion,Metro,Mobile
C08969,2025-12-01,GG02,25-34,Cosmetics,25-34 | Cosmetics,Metro,Desktop
C08970,2025-12-01,GG02,35-44,Fashion,35-44 | Fashion,Metro,Desktop
C08971,2025-12-01,GG02,35-44,Fashion,35-44 | Fashion,Other,Desktop
C08972,2025-12-01,GG02,25-34,Cosmetics,25-34 | Cosmetics,Metro,Mobile
C08973,2025-12-01,GG02,25-34,Fashion,25-34 | Fashion,Metro,Desktop
C08974,2025-12-01,GG02,25-34,Fashion,25-34 | Fashion,Metro,Desktop
C08975,2025-12-01,GG03,25-34,Fashion,25-34 | Fashion,Other,Desktop
C08976,2025-12-01,GG03,35-44,Fashion,35-44 | Fashion,Metro,Desktop
C08977,2025-12-01,GG03,25-34,Fashion,25-34 | Fashion,Other,Mobile
C08978,2025-12-01,GG03,35-44,Fashion,35-44 | Fashion,Other,Mobile
C08979,2025-12-01,MT01,25-34,Cosmetics,25-34 | Cosmetics,Metro,Mobile
C08980,2025-12-01,MT01,35-44,Cosmetics,35-44 | Cosmetics,Other,Mobile
C08981,2025-12-01,MT01,25-34,Cosmetics,25-34 | Cosmetics,Metro,Mobile
C08982,2025-12-01,MT02,25-34,Fashion,25-34 | Fashion,Metro,Mobile
C08983,2025-12-01,MT02,35-44,Fashion,35-44 | Fashion,Metro,Desktop
C08984,2025-12-01,MT02,45+,Fashion,45+ | Fashion,Metro,Mobile
C08985,2025-12-01,MT02,18-24,Cosmetics,18-24 | Cosmetics,Metro,Mobile
C08986,2025-12-01,MT02,25-34,Cosmetics,25-34 | Cosmetics,Metro,Mobile
C08987,2025-12-01,MT02,18-24,Fashion,18-24 | Fashion,Other,Mobile
C08988,2025-12-01,MT02,25-34,Cosmetics,25-34 | Cosmetics,Metro,Mobile
C08989,2025-12-01,MT02,25-34,Cosmetics,25-34 | Cosmetics,Metro,Mobile
C08990,2025-12-01,MT02,25-34,Fashion,25-34 | Fashion,Other,Mobile
C08991,2025-12-01,MT03,35-44,Cosmetics,35-44 | Cosmetics,Metro,Mobile
C08992,2025-12-01,MT03,25-34,Fashion,25-34 | Fashion,Metro,Mobile
C08993,2025-12-01,TT01,18-24,Fashion,18-24 | Fashion,Metro,Mobile
C08994,2025-12-01,TT01,18-24,Fashion,18-24 | Fashion,Other,Mobile
C08995,2025-12-01,TT01,18-24,Cosmetics,18-24 | Cosmetics,Other,Mobile
C08996,2025-12-01,TT01,18-24,Cosmetics,18-24 | Cosmetics,Other,Mobile
C08997,2025-12-01,TT02,35-44,Cosmetics,35-44 | Cosmetics,Other,Mobile
C08998,2025-12-01,TT02,25-34,Fashion,25-34 | Fashion,Metro,Mobile
C08999,2025-12-01,TT02,18-24,Fashion,18-24 | Fashion,Other,Mobile
C09000,2025-12-01,TT02,25-34,Cosmetics,25-34 | Cosmetics,Metro,Mobile
C09001,2025-12-01,TT02,18-24,Cosmetics,18-24 | Cosmetics,Metro,Mobile
C09002,2025-12-01,EM01,45+,Cosmetics,45+ | Cosmetics,Other,Desktop
C09003,2025-12-01,EM02,35-44,Cosmetics,35-44 | Cosmetics,Metro,Desktop
C09004,2025-12-01,EM02,35-44,Fashion,35-44 | Fashion,Metro,Mobile
C09005,2025-12-01,EM02,35-44,Fashion,35-44 | Fashion,Metro,Mobile
C09006,2025-12-01,OR01,25-34,Fashion,25-34 | Fashion,Other,Mobile
C09007,2025-12-01,OR01,25-34,Cosmetics,25-34 | Cosmetics,Other,Mobile
C09008,2025-12-01,OR01,18-24,Fashion,18-24 | Fashion,Metro,Desktop
C09009,2025-12-01,OR01,35-44,Fashion,35-44 | Fashion,Other,Mobile
C09010,2025-12-01,OR01,45+,Fashion,45+ | Fashion,Metro,Mobile
C09011,2025-12-01,OR01,35-44,Fashion,35-44 | Fashion,Metro,Mobile
C09012,2025-12-01,OR01,45+,Cosmetics,45+ | Cosmetics,Metro,Desktop
C09013,2025-12-01,OR02,18-24,Cosmetics,18-24 | Cosmetics,Metro,Mobile
C09014,2025-12-02,GG02,35-44,Fashion,35-44 | Fashion,Metro,Desktop
C09015,2025-12-02,GG02,45+,Cosmetics,45+ | Cosmetics,Metro,Mobile
C09016,2025-12-02,GG02,35-44,Fashion,35-44 | Fashion,Other,Desktop
C09017,2025-12-02,GG03,35-44,Fashion,35-44 | Fashion,Metro,Mobile
C09018,2025-12-02,MT01,25-34,Cosmetics,25-34 | Cosmetics,Other,Mobile
C09019,2025-12-02,MT01,35-44,Fashion,35-44 | Fashion,Other,Mobile
C09020,2025-12-02,MT02,25-34,Fashion,25-34 | Fashion,Metro,Mobile
C09021,2025-12-02,MT03,18-24,Fashion,18-24 | Fashion,Metro,Mobile
C09022,2025-12-02,TT01,18-24,Cosmetics,18-24 | Cosmetics,Other,Mobile
C09023,2025-12-02,TT01,18-24,Cosmetics,18-24 | Cosmetics,Other,Mobile
C09024,2025-12-02,TT01,35-44,Fashion,35-44 | Fashion,Metro,Mobile
C09025,2025-12-02,TT01,18-24,Cosmetics,18-24 | Cosmetics,Metro,Mobile
C09026,2025-12-02,TT02,25-34,Cosmetics,25-34 | Cosmetics,Other,Mobile
C09027,2025-12-02,EM01,18-24,Cosmetics,18-24 | Cosmetics,Metro,Desktop
C09028,2025-12-02,OR01,25-34,Fashion,25-34 | Fashion,Metro,Desktop
C09029,2025-12-02,OR01,35-44,Cosmetics,35-44 | Cosmetics,Other,Desktop
C09030,2025-12-02,OR01,25-34,Fashion,25-34 | Fashion,Other,Desktop
C09031,2025-12-02,OR01,25-34,Fashion,25-34 | Fashion,Other,Mobile
C09032,2025-12-02,OR02,18-24,Cosmetics,18-24 | Cosmetics,Other,Desktop
C09033,2025-12-02,OR02,45+,Fashion,45+ | Fashion,Metro,Mobile
C09034,2025-12-02,OR02,25-34,Fashion,25-34 | Fashion,Metro,Mobile
C09035,2025-12-03,GG01,35-44,Cosmetics,35-44 | Cosmetics,Metro,Mobile
C09036,2025-12-03,GG01,35-44,Cosmetics,35-44 | Cosmetics,Other,Mobile
C09037,2025-12-03,GG02,35-44,Cosmetics,35-44 | Cosmetics,Other,Mobile
C09038,2025-12-03,GG02,45+,Fashion,45+ | Fashion,Other,Mobile
C09039,2025-12-03,GG02,18-24,Fashion,18-24 | Fashion,Metro,Mobile
C09040,2025-12-03,GG02,35-44,Fashion,35-44 | Fashion,Other,Desktop
C09041,2025-12-03,GG02,35-44,Fashion,35-44 | Fashion,Other,Desktop
C09042,2025-12-03,GG03,45+,Fashion,45+ | Fashion,Metro,Mobile
C09043,2025-12-03,GG03,25-34,Cosmetics,25-34 | Cosmetics,Metro,Mobile
C09044,2025-12-03,MT01,25-34,Fashion,25-34 | Fashion,Metro,Mobile
C09045,2025-12-03,MT02,35-44,Fashion,35-44 | Fashion,Metro,Mobile
C09046,2025-12-03,MT02,35-44,Fashion,35-44 | Fashion,Metro,Mobile
C09047,2025-12-03,MT02,18-24,Cosmetics,18-24 | Cosmetics,Metro,Mobile
C09048,2025-12-03,MT03,25-34,Fashion,25-34 | Fashion,Other,Mobile
C09049,2025-12-03,MT03,25-34,Cosmetics,25-34 | Cosmetics,Metro,Mobile
C09050,2025-12-03,MT03,18-24,Cosmetics,18-24 | Cosmetics,Other,Mobile
C09051,2025-12-03,TT01,25-34,Fashion,25-34 | Fashion,Other,Mobile
C09052,2025-12-03,TT01,18-24,Cosmetics,18-24 | Cosmetics,Metro,Mobile
C09053,2025-12-03,TT01,25-34,Fashion,25-34 | Fashion,Other,Mobile
C09054,2025-12-03,TT01,18-24,Fashion,18-24 | Fashion,Metro,Desktop
C09055,2025-12-03,TT02,18-24,Cosmetics,18-24 | Cosmetics,Metro,Mobile
C09056,2025-12-03,TT02,18-24,Cosmetics,18-24 | Cosmetics,Other,Mobile
C09057,2025-12-03,EM01,25-34,Cosmetics,25-34 | Cosmetics,Metro,Mobile
C09058,2025-12-03,OR01,35-44,Cosmetics,35-44 | Cosmetics,Other,Mobile
C09059,2025-12-03,OR01,35-44,Cosmetics,35-44 | Cosmetics,Metro,Mobile
C09060,2025-12-03,OR01,18-24,Fashion,18-24 | Fashion,Other,Mobile
C09061,2025-12-03,OR01,25-34,Fashion,25-34 | Fashion,Other,Mobile
C09062,2025-12-03,OR01,35-44,Fashion,35-44 | Fashion,Metro,Desktop
C09063,2025-12-03,OR02,35-44,Cosmetics,35-44 | Cosmetics,Other,Mobile
C09064,2025-12-03,OR02,18-24,Fashion,18-24 | Fashion,Metro,Mobile
C09065,2025-12-04,GG01,25-34,Cosmetics,25-34 | Cosmetics,Metro,Desktop
C09066,2025-12-04,GG01,45+,Fashion,45+ | Fashion,Metro,Mobile
C09067,2025-12-04,GG01,35-44,Fashion,35-44 | Fashion,Other,Mobile
C09068,2025-12-04,GG02,35-44,Fashion,35-44 | Fashion,Metro,Mobile
C09069,2025-12-04,GG02,18-24,Fashion,18-24 | Fashion,Metro,Mobile
C09070,2025-12-04,GG03,25-34,Fashion,25-34 | Fashion,Other,Desktop
C09071,2025-12-04,GG03,25-34,Fashion,25-34 | Fashion,Metro,Desktop
C09072,2025-12-04,GG03,18-24,Cosmetics,18-24 | Cosmetics,Metro,Mobile
C09073,2025-12-04,GG03,25-34,Cosmetics,25-34 | Cosmetics,Metro,Desktop
C09074,2025-12-04,GG03,45+,Cosmetics,45+ | Cosmetics,Metro,Mobile
C09075,2025-12-04,GG03,25-34,Cosmetics,25-34 | Cosmetics,Other,Desktop
C09076,2025-12-04,GG03,18-24,Cosmetics,18-24 | Cosmetics,Metro,Desktop
C09077,2025-12-04,MT01,25-34,Fashion,25-34 | Fashion,Other,Mobile
C09078,2025-12-04,MT01,25-34,Cosmetics,25-34 | Cosmetics,Other,Desktop
C09079,2025-12-04,MT01,25-34,Fashion,25-34 | Fashion,Metro,Mobile
C09080,2025-12-04,MT01,25-34,Fashion,25-34 | Fashion,Other,Mobile
C09081,2025-12-04,MT02,35-44,Cosmetics,35-44 | Cosmetics,Metro,Desktop
C09082,2025-12-04,MT02,35-44,Cosmetics,35-44 | Cosmetics,Metro,Mobile
C09083,2025-12-04,MT02,18-24,Fashion,18-24 | Fashion,Other,Mobile
C09084,2025-12-04,MT03,35-44,Cosmetics,35-44 | Cosmetics,Other,Mobile
C09085,2025-12-04,MT03,18-24,Cosmetics,18-24 | Cosmetics,Other,Mobile
C09086,2025-12-04,TT01,25-34,Cosmetics,25-34 | Cosmetics,Metro,Mobile
C09087,2025-12-04,TT01,25-34,Fashion,25-34 | Fashion,Other,Mobile
C09088,2025-12-04,EM02,45+,Fashion,45+ | Fashion,Metro,Mobile
C09089,2025-12-04,OR01,35-44,Cosmetics,35-44 | Cosmetics,Metro,Mobile
C09090,2025-12-04,OR01,25-34,Fashion,25-34 | Fashion,Other,Desktop
C09091,2025-12-05,GG01,25-34,Fashion,25-34 | Fashion,Other,Mobile
C09092,2025-12-05,GG01,45+,Fashion,45+ | Fashion,Metro,Mobile
C09093,2025-12-05,GG01,25-34,Cosmetics,25-34 | Cosmetics,Metro,Desktop
C09094,2025-12-05,GG01,18-24,Fashion,18-24 | Fashion,Metro,Desktop
C09095,2025-12-05,GG02,45+,Fashion,45+ | Fashion,Other,Mobile
C09096,2025-12-05,GG02,45+,Fashion,45+ | Fashion,Metro,Mobile
C09097,2025-12-05,GG02,18-24,Fashion,18-24 | Fashion,Metro,Desktop
C09098,2025-12-05,GG03,35-44,Fashion,35-44 | Fashion,Metro,Mobile
C09099,2025-12-05,GG03,45+,Cosmetics,45+ | Cosmetics,Metro,Desktop
C09100,2025-12-05,GG03,25-34,Fashion,25-34 | Fashion,Other,Desktop
C09101,2025-12-05,GG03,35-44,Fashion,35-44 | Fashion,Other,Mobile
C09102,2025-12-05,GG03,45+,Fashion,45+ | Fashion,Metro,Mobile
C09103,2025-12-05,GG03,25-34,Fashion,25-34 | Fashion,Metro,Desktop
C09104,2025-12-05,GG03,35-44,Fashion,35-44 | Fashion,Other,Mobile
C09105,2025-12-05,MT01,18-24,Fashion,18-24 | Fashion,Metro,Mobile
C09106,2025-12-05,MT01,25-34,Cosmetics,25-34 | Cosmetics,Other,Desktop
C09107,2025-12-05,MT01,35-44,Fashion,35-44 | Fashion,Other,Desktop
C09108,2025-12-05,MT01,18-24,Cosmetics,18-24 | Cosmetics,Metro,Mobile
C09109,2025-12-05,MT01,25-34,Fashion,25-34 | Fashion,Metro,Mobile
C09110,2025-12-05,MT01,25-34,Fashion,25-34 | Fashion,Metro,Mobile
C09111,2025-12-05,MT01,25-34,Cosmetics,25-34 | Cosmetics,Metro,Mobile
C09112,2025-12-05,MT02,25-34,Cosmetics,25-34 | Cosmetics,Other,Mobile
C09113,2025-12-05,MT02,18-24,Fashion,18-24 | Fashion,Metro,Desktop
C09114,2025-12-05,MT02,18-24,Fashion,18-24 | Fashion,Other,Mobile
C09115,2025-12-05,MT03,35-44,Cosmetics,35-44 | Cosmetics,Other,Mobile
C09116,2025-12-05,MT03,25-34,Fashion,25-34 | Fashion,Metro,Mobile
C09117,2025-12-05,TT01,25-34,Fashion,25-34 | Fashion,Metro,Mobile
C09118,2025-12-05,TT01,18-24,Cosmetics,18-24 | Cosmetics,Metro,Mobile
C09119,2025-12-05,TT01,25-34,Cosmetics,25-34 | Cosmetics,Other,Mobile
C09120,2025-12-05,TT01,18-24,Fashion,18-24 | Fashion,Other,Mobile
C09121,2025-12-05,TT01,18-24,Cosmetics,18-24 | Cosmetics,Metro,Mobile
C09122,2025-12-05,TT02,35-44,Cosmetics,35-44 | Cosmetics,Metro,Mobile
C09123,2025-12-05,EM01,35-44,Fashion,35-44 | Fashion,Other,Desktop
C09124,2025-12-05,EM01,35-44,Fashion,35-44 | Fashion,Other,Mobile
C09125,2025-12-05,OR01,18-24,Cosmetics,18-24 | Cosmetics,Metro,Mobile
C09126,2025-12-05,OR01,18-24,Cosmetics,18-24 | Cosmetics,Other,Desktop
C09127,2025-12-05,OR02,18-24,Cosmetics,18-24 | Cosmetics,Metro,Mobile
C09128,2025-12-05,OR02,25-34,Fashion,25-34 | Fashion,Metro,Mobile
C09129,2025-12-06,GG01,35-44,Cosmetics,35-44 | Cosmetics,Metro,Mobile
C09130,2025-12-06,GG01,25-34,Fashion,25-34 | Fashion,Metro,Mobile
C09131,2025-12-06,GG01,25-34,Cosmetics,25-34 | Cosmetics,Other,Mobile
C09132,2025-12-06,GG01,35-44,Fashion,35-44 | Fashion,Other,Mobile
C09133,2025-12-06,GG02,25-34,Fashion,25-34 | Fashion,Other,Mobile
C09134,2025-12-06,GG02,25-34,Fashion,25-34 | Fashion,Metro,Mobile
C09135,2025-12-06,GG03,25-34,Fashion,25-34 | Fashion,Metro,Mobile
C09136,2025-12-06,GG03,25-34,Fashion,25-34 | Fashion,Other,Desktop
C09137,2025-12-06,MT01,25-34,Cosmetics,25-34 | Cosmetics,Other,Mobile
C09138,2025-12-06,MT01,25-34,Cosmetics,25-34 | Cosmetics,Metro,Mobile
C09139,2025-12-06,MT01,25-34,Fashion,25-34 | Fashion,Other,Mobile
C09140,2025-12-06,MT02,25-34,Fashion,25-34 | Fashion,Metro,Mobile
C09141,2025-12-06,MT03,45+,Cosmetics,45+ | Cosmetics,Metro,Mobile
C09142,2025-12-06,MT03,25-34,Fashion,25-34 | Fashion,Metro,Mobile
C09143,2025-12-06,TT01,25-34,Cosmetics,25-34 | Cosmetics,Metro,Mobile
C09144,2025-12-06,TT01,25-34,Fashion,25-34 | Fashion,Other,Mobile
C09145,2025-12-06,TT01,25-34,Cosmetics,25-34 | Cosmetics,Metro,Mobile
C09146,2025-12-06,TT01,25-34,Cosmetics,25-34 | Cosmetics,Metro,Mobile
C09147,2025-12-06,TT01,25-34,Cosmetics,25-34 | Cosmetics,Metro,Mobile
C09148,2025-12-06,TT01,18-24,Cosmetics,18-24 | Cosmetics,Other,Mobile
C09149,2025-12-06,TT01,18-24,Cosmetics,18-24 | Cosmetics,Metro,Mobile
C09150,2025-12-06,TT02,18-24,Fashion,18-24 | Fashion,Other,Mobile
C09151,2025-12-06,TT02,18-24,Cosmetics,18-24 | Cosmetics,Metro,Mobile
C09152,2025-12-06,EM01,25-34,Fashion,25-34 | Fashion,Other,Desktop
C09153,2025-12-06,EM01,35-44,Cosmetics,35-44 | Cosmetics,Metro,Mobile
C09154,2025-12-06,EM02,25-34,Cosmetics,25-34 | Cosmetics,Metro,Desktop
C09155,2025-12-06,EM02,18-24,Cosmetics,18-24 | Cosmetics,Metro,Mobile
C09156,2025-12-06,OR01,25-34,Fashion,25-34 | Fashion,Other,Mobile
C09157,2025-12-06,OR01,25-34,Fashion,25-34 | Fashion,Metro,Desktop
C09158,2025-12-06,OR01,25-34,Cosmetics,25-34 | Cosmetics,Metro,Desktop
C09159,2025-12-06,OR01,35-44,Fashion,35-44 | Fashion,Other,Mobile
C09160,2025-12-06,OR02,25-34,Fashion,25-34 | Fashion,Metro,Mobile
C09161,2025-12-07,GG01,25-34,Fashion,25-34 | Fashion,Metro,Desktop
C09162,2025-12-07,GG01,45+,Cosmetics,45+ | Cosmetics,Metro,Desktop
C09163,2025-12-07,GG01,45+,Fashion,45+ | Fashion,Other,Mobile
C09164,2025-12-07,GG02,45+,Cosmetics,45+ | Cosmetics,Other,Desktop
C09165,2025-12-07,GG02,35-44,Fashion,35-44 | Fashion,Metro,Mobile
C09166,2025-12-07,GG02,25-34,Fashion,25-34 | Fashion,Metro,Desktop
C09167,2025-12-07,GG03,25-34,Fashion,25-34 | Fashion,Metro,Mobile
C09168,2025-12-07,GG03,18-24,Fashion,18-24 | Fashion,Metro,Mobile
C09169,2025-12-07,GG03,35-44,Cosmetics,35-44 | Cosmetics,Metro,Desktop
C09170,2025-12-07,MT01,35-44,Cosmetics,35-44 | Cosmetics,Metro,Desktop
C09171,2025-12-07,MT02,25-34,Cosmetics,25-34 | Cosmetics,Other,Mobile
C09172,2025-12-07,MT02,45+,Cosmetics,45+ | Cosmetics,Metro,Mobile
C09173,2025-12-07,MT02,45+,Cosmetics,45+ | Cosmetics,Other,Mobile
C09174,2025-12-07,MT02,25-34,Cosmetics,25-34 | Cosmetics,Metro,Mobile
C09175,2025-12-07,MT03,18-24,Cosmetics,18-24 | Cosmetics,Metro,Mobile
C09176,2025-12-07,MT03,25-34,Fashion,25-34 | Fashion,Other,Mobile
C09177,2025-12-07,TT01,18-24,Cosmetics,18-24 | Cosmetics,Other,Mobile
C09178,2025-12-07,TT01,18-24,Cosmetics,18-24 | Cosmetics,Metro,Mobile
C09179,2025-12-07,EM01,25-34,Cosmetics,25-34 | Cosmetics,Other,Mobile
C09180,2025-12-07,OR01,35-44,Fashion,35-44 | Fashion,Metro,Mobile
C09181,2025-12-07,OR01,25-34,Cosmetics,25-34 | Cosmetics,Other,Desktop
C09182,2025-12-07,OR01,25-34,Fashion,25-34 | Fashion,Metro,Desktop
C09183,2025-12-07,OR01,45+,Cosmetics,45+ | Cosmetics,Other,Mobile
C09184,2025-12-07,OR02,35-44,Cosmetics,35-44 | Cosmetics,Metro,Mobile
C09185,2025-12-08,GG01,35-44,Cosmetics,35-44 | Cosmetics,Other,Desktop
C09186,2025-12-08,GG01,35-44,Fashion,35-44 | Fashion,Other,Mobile
C09187,2025-12-08,GG02,45+,Fashion,45+ | Fashion,Metro,Desktop
C09188,2025-12-08,GG03,45+,Fashion,45+ | Fashion,Metro,Mobile
C09189,2025-12-08,MT01,25-34,Cosmetics,25-34 | Cosmetics,Metro,Mobile
C09190,2025-12-08,MT01,45+,Cosmetics,45+ | Cosmetics,Metro,Mobile
C09191,2025-12-08,MT01,25-34,Fashion,25-34 | Fashion,Metro,Mobile
C09192,2025-12-08,MT01,35-44,Fashion,35-44 | Fashion,Other,Mobile
C09193,2025-12-08,MT01,25-34,Fashion,25-34 | Fashion,Metro,Mobile
C09194,2025-12-08,MT01,35-44,Cosmetics,35-44 | Cosmetics,Other,Desktop
C09195,2025-12-08,MT01,35-44,Cosmetics,35-44 | Cosmetics,Other,Mobile
C09196,2025-12-08,MT02,35-44,Fashion,35-44 | Fashion,Metro,Desktop
C09197,2025-12-08,MT02,45+,Fashion,45+ | Fashion,Other,Mobile
C09198,2025-12-08,TT01,25-34,Cosmetics,25-34 | Cosmetics,Other,Mobile
C09199,2025-12-08,TT01,18-24,Cosmetics,18-24 | Cosmetics,Other,Mobile
C09200,2025-12-08,TT01,25-34,Fashion,25-34 | Fashion,Metro,Mobile
C09201,2025-12-08,TT01,18-24,Cosmetics,18-24 | Cosmetics,Other,Mobile
C09202,2025-12-08,TT01,18-24,Cosmetics,18-24 | Cosmetics,Metro,Mobile
C09203,2025-12-08,TT01,35-44,Cosmetics,35-44 | Cosmetics,Other,Mobile
C09204,2025-12-08,TT02,18-24,Cosmetics,18-24 | Cosmetics,Other,Mobile
C09205,2025-12-08,TT02,18-24,Cosmetics,18-24 | Cosmetics,Other,Desktop
C09206,2025-12-08,TT02,25-34,Cosmetics,25-34 | Cosmetics,Metro,Mobile
C09207,2025-12-08,TT02,18-24,Cosmetics,18-24 | Cosmetics,Metro,Mobile
C09208,2025-12-08,TT02,18-24,Cosmetics,18-24 | Cosmetics,Other,Mobile
C09209,2025-12-08,OR01,45+,Cosmetics,45+ | Cosmetics,Metro,Mobile
C09210,2025-12-08,OR01,45+,Cosmetics,45+ | Cosmetics,Other,Mobile
C09211,2025-12-08,OR01,35-44,Fashion,35-44 | Fashion,Other,Mobile
C09212,2025-12-08,OR01,45+,Fashion,45+ | Fashion,Other,Mobile
C09213,2025-12-08,OR01,18-24,Cosmetics,18-24 | Cosmetics,Other,Mobile
C09214,2025-12-08,OR01,25-34,Cosmetics,25-34 | Cosmetics,Other,Mobile
C09215,2025-12-08,OR01,18-24,Cosmetics,18-24 | Cosmetics,Other,Mobile
C09216,2025-12-08,OR01,35-44,Fashion,35-44 | Fashion,Other,Mobile
C09217,2025-12-08,OR01,25-34,Cosmetics,25-34 | Cosmetics,Other,Desktop
C09218,2025-12-08,OR01,35-44,Fashion,35-44 | Fashion,Metro,Mobile
C09219,2025-12-08,OR01,18-24,Cosmetics,18-24 | Cosmetics,Other,Mobile
C09220,2025-12-08,OR02,18-24,Fashion,18-24 | Fashion,Other,Mobile
C09221,2025-12-08,OR02,45+,Cosmetics,45+ | Cosmetics,Metro,Mobile
C09222,2025-12-09,GG01,35-44,Fashion,35-44 | Fashion,Metro,Desktop
C09223,2025-12-09,GG02,25-34,Fashion,25-34 | Fashion,Metro,Desktop
C09224,2025-12-09,GG02,35-44,Cosmetics,35-44 | Cosmetics,Other,Desktop
C09225,2025-12-09,GG02,25-34,Fashion,25-34 | Fashion,Other,Mobile
C09226,2025-12-09,GG03,25-34,Fashion,25-34 | Fashion,Other,Mobile
C09227,2025-12-09,MT01,25-34,Cosmetics,25-34 | Cosmetics,Metro,Mobile
C09228,2025-12-09,MT01,25-34,Fashion,25-34 | Fashion,Metro,Mobile
C09229,2025-12-09,MT01,45+,Fashion,45+ | Fashion,Metro,Mobile
C09230,2025-12-09,MT01,45+,Fashion,45+ | Fashion,Metro,Desktop
C09231,2025-12-09,MT01,45+,Cosmetics,45+ | Cosmetics,Other,Desktop
C09232,2025-12-09,MT02,25-34,Cosmetics,25-34 | Cosmetics,Metro,Mobile
C09233,2025-12-09,MT02,25-34,Cosmetics,25-34 | Cosmetics,Metro,Mobile
C09234,2025-12-09,MT03,25-34,Fashion,25-34 | Fashion,Metro,Mobile
C09235,2025-12-09,MT03,18-24,Fashion,18-24 | Fashion,Metro,Mobile
C09236,2025-12-09,TT01,18-24,Cosmetics,18-24 | Cosmetics,Other,Mobile
C09237,2025-12-09,TT01,18-24,Fashion,18-24 | Fashion,Metro,Mobile
C09238,2025-12-09,TT01,25-34,Cosmetics,25-34 | Cosmetics,Other,Mobile
C09239,2025-12-09,TT02,25-34,Fashion,25-34 | Fashion,Other,Mobile
C09240,2025-12-09,TT02,18-24,Cosmetics,18-24 | Cosmetics,Metro,Mobile
C09241,2025-12-09,TT02,18-24,Cosmetics,18-24 | Cosmetics,Other,Mobile
C09242,2025-12-09,OR01,35-44,Fashion,35-44 | Fashion,Other,Desktop
C09243,2025-12-09,OR01,45+,Fashion,45+ | Fashion,Other,Mobile
C09244,2025-12-09,OR01,35-44,Fashion,35-44 | Fashion,Other,Mobile
C09245,2025-12-10,GG01,45+,Fashion,45+ | Fashion,Other,Mobile
C09246,2025-12-10,GG01,25-34,Cosmetics,25-34 | Cosmetics,Metro,Desktop
C09247,2025-12-10,GG02,35-44,Fashion,35-44 | Fashion,Other,Desktop
C09248,2025-12-10,GG02,35-44,Fashion,35-44 | Fashion,Metro,Desktop
C09249,2025-12-10,GG02,25-34,Fashion,25-34 | Fashion,Metro,Mobile
C09250,2025-12-10,GG03,35-44,Fashion,35-44 | Fashion,Metro,Desktop
C09251,2025-12-10,GG03,25-34,Cosmetics,25-34 | Cosmetics,Metro,Mobile
C09252,2025-12-10,GG03,18-24,Fashion,18-24 | Fashion,Metro,Desktop
C09253,2025-12-10,GG03,35-44,Fashion,35-44 | Fashion,Metro,Desktop
C09254,2025-12-10,GG03,18-24,Fashion,18-24 | Fashion,Other,Mobile
C09255,2025-12-10,GG03,35-44,Cosmetics,35-44 | Cosmetics,Other,Mobile
C09256,2025-12-10,MT01,18-24,Fashion,18-24 | Fashion,Metro,Mobile
C09257,2025-12-10,MT01,18-24,Fashion,18-24 | Fashion,Metro,Desktop
C09258,2025-12-10,MT01,25-34,Fashion,25-34 | Fashion,Metro,Mobile
C09259,2025-12-10,MT02,35-44,Cosmetics,35-44 | Cosmetics,Metro,Desktop
C09260,2025-12-10,MT02,45+,Fashion,45+ | Fashion,Other,Mobile
C09261,2025-12-10,MT02,35-44,Cosmetics,35-44 | Cosmetics,Metro,Mobile
C09262,2025-12-10,TT01,18-24,Cosmetics,18-24 | Cosmetics,Other,Mobile
C09263,2025-12-10,TT01,18-24,Cosmetics,18-24 | Cosmetics,Metro,Mobile
C09264,2025-12-10,TT01,25-34,Fashion,25-34 | Fashion,Metro,Mobile
C09265,2025-12-10,TT01,18-24,Cosmetics,18-24 | Cosmetics,Other,Mobile
C09266,2025-12-10,TT02,18-24,Cosmetics,18-24 | Cosmetics,Other,Mobile
C09267,2025-12-10,TT02,35-44,Cosmetics,35-44 | Cosmetics,Other,Mobile
C09268,2025-12-10,TT02,18-24,Fashion,18-24 | Fashion,Metro,Mobile
C09269,2025-12-10,EM01,35-44,Fashion,35-44 | Fashion,Metro,Mobile
C09270,2025-12-10,OR01,25-34,Fashion,25-34 | Fashion,Other,Desktop
C09271,2025-12-10,OR01,18-24,Cosmetics,18-24 | Cosmetics,Metro,Mobile
C09272,2025-12-10,OR01,25-34,Fashion,25-34 | Fashion,Metro,Mobile
C09273,2025-12-10,OR02,25-34,Cosmetics,25-34 | Cosmetics,Metro,Mobile
C09274,2025-12-10,OR02,25-34,Cosmetics,25-34 | Cosmetics,Metro,Mobile
C09275,2025-12-11,GG01,25-34,Fashion,25-34 | Fashion,Metro,Mobile
C09276,2025-12-11,GG01,35-44,Cosmetics,35-44 | Cosmetics,Other,Desktop
C09277,2025-12-11,GG01,35-44,Cosmetics,35-44 | Cosmetics,Metro,Mobile
C09278,2025-12-11,GG02,25-34,Cosmetics,25-34 | Cosmetics,Metro,Desktop
C09279,2025-12-11,GG02,45+,Cosmetics,45+ | Cosmetics,Metro,Desktop
C09280,2025-12-11,GG02,35-44,Fashion,35-44 | Fashion,Other,Desktop
C09281,2025-12-11,GG02,45+,Fashion,45+ | Fashion,Metro,Desktop
C09282,2025-12-11,GG02,35-44,Fashion,35-44 | Fashion,Metro,Mobile
C09283,2025-12-11,GG02,45+,Fashion,45+ | Fashion,Metro,Desktop
C09284,2025-12-11,GG02,25-34,Fashion,25-34 | Fashion,Other,Desktop
C09285,2025-12-11,GG02,45+,Fashion,45+ | Fashion,Metro,Desktop
C09286,2025-12-11,GG02,25-34,Fashion,25-34 | Fashion,Other,Mobile
C09287,2025-12-11,GG02,18-24,Fashion,18-24 | Fashion,Other,Desktop
C09288,2025-12-11,GG03,25-34,Cosmetics,25-34 | Cosmetics,Other,Desktop
C09289,2025-12-11,GG03,45+,Cosmetics,45+ | Cosmetics,Metro,Desktop
C09290,2025-12-11,GG03,25-34,Cosmetics,25-34 | Cosmetics,Metro,Mobile
C09291,2025-12-11,MT01,35-44,Fashion,35-44 | Fashion,Metro,Mobile
C09292,2025-12-11,MT01,18-24,Cosmetics,18-24 | Cosmetics,Other,Mobile
C09293,2025-12-11,MT02,18-24,Fashion,18-24 | Fashion,Metro,Mobile
C09294,2025-12-11,TT01,35-44,Cosmetics,35-44 | Cosmetics,Metro,Desktop
C09295,2025-12-11,TT01,25-34,Cosmetics,25-34 | Cosmetics,Other,Mobile
C09296,2025-12-11,TT01,18-24,Fashion,18-24 | Fashion,Metro,Mobile
C09297,2025-12-11,TT01,35-44,Cosmetics,35-44 | Cosmetics,Other,Mobile
C09298,2025-12-11,TT01,18-24,Fashion,18-24 | Fashion,Metro,Mobile
C09299,2025-12-11,TT01,18-24,Cosmetics,18-24 | Cosmetics,Metro,Mobile
C09300,2025-12-11,TT02,25-34,Fashion,25-34 | Fashion,Metro,Mobile
C09301,2025-12-11,OR01,35-44,Cosmetics,35-44 | Cosmetics,Other,Mobile
C09302,2025-12-11,OR01,25-34,Cosmetics,25-34 | Cosmetics,Metro,Mobile
C09303,2025-12-11,OR01,35-44,Fashion,35-44 | Fashion,Metro,Desktop
C09304,2025-12-11,OR02,35-44,Fashion,35-44 | Fashion,Metro,Mobile
C09305,2025-12-12,GG01,25-34,Cosmetics,25-34 | Cosmetics,Metro,Mobile
C09306,2025-12-12,GG01,35-44,Fashion,35-44 | Fashion,Metro,Mobile
C09307,2025-12-12,GG01,18-24,Cosmetics,18-24 | Cosmetics,Metro,Mobile
C09308,2025-12-12,GG01,45+,Cosmetics,45+ | Cosmetics,Metro,Mobile
C09309,2025-12-12,GG02,25-34,Fashion,25-34 | Fashion,Other,Desktop
C09310,2025-12-12,GG02,18-24,Cosmetics,18-24 | Cosmetics,Metro,Mobile
C09311,2025-12-12,GG02,45+,Cosmetics,45+ | Cosmetics,Metro,Desktop
C09312,2025-12-12,GG02,45+,Fashion,45+ | Fashion,Metro,Desktop
C09313,2025-12-12,GG02,45+,Cosmetics,45+ | Cosmetics,Other,Desktop
C09314,2025-12-12,MT01,25-34,Fashion,25-34 | Fashion,Other,Mobile
C09315,2025-12-12,MT01,25-34,Cosmetics,25-34 | Cosmetics,Other,Mobile
C09316,2025-12-12,MT01,18-24,Cosmetics,18-24 | Cosmetics,Metro,Mobile
C09317,2025-12-12,MT01,35-44,Cosmetics,35-44 | Cosmetics,Metro,Mobile
C09318,2025-12-12,MT02,35-44,Fashion,35-44 | Fashion,Other,Mobile
C09319,2025-12-12,MT02,25-34,Fashion,25-34 | Fashion,Metro,Mobile
C09320,2025-12-12,MT02,25-34,Fashion,25-34 | Fashion,Metro,Mobile
C09321,2025-12-12,MT02,25-34,Cosmetics,25-34 | Cosmetics,Other,Mobile
C09322,2025-12-12,MT03,35-44,Fashion,35-44 | Fashion,Other,Mobile
C09323,2025-12-12,TT01,25-34,Cosmetics,25-34 | Cosmetics,Other,Mobile
C09324,2025-12-12,TT01,18-24,Cosmetics,18-24 | Cosmetics,Other,Desktop
C09325,2025-12-12,TT01,18-24,Cosmetics,18-24 | Cosmetics,Metro,Mobile
C09326,2025-12-12,TT01,18-24,Fashion,18-24 | Fashion,Other,Mobile
C09327,2025-12-12,TT01,18-24,Cosmetics,18-24 | Cosmetics,Metro,Mobile
C09328,2025-12-12,TT01,18-24,Cosmetics,18-24 | Cosmetics,Metro,Mobile
C09329,2025-12-12,TT01,18-24,Cosmetics,18-24 | Cosmetics,Other,Mobile
C09330,2025-12-12,TT02,25-34,Cosmetics,25-34 | Cosmetics,Other,Mobile
C09331,2025-12-12,TT02,18-24,Cosmetics,18-24 | Cosmetics,Other,Mobile
C09332,2025-12-12,OR01,45+,Cosmetics,45+ | Cosmetics,Other,Mobile
C09333,2025-12-12,OR02,25-34,Cosmetics,25-34 | Cosmetics,Metro,Mobile
C09334,2025-12-12,OR02,35-44,Cosmetics,35-44 | Cosmetics,Other,Mobile
C09335,2025-12-13,GG01,25-34,Fashion,25-34 | Fashion,Other,Desktop
C09336,2025-12-13,GG01,18-24,Fashion,18-24 | Fashion,Metro,Desktop
C09337,2025-12-13,GG02,18-24,Fashion,18-24 | Fashion,Other,Desktop
C09338,2025-12-13,GG02,45+,Cosmetics,45+ | Cosmetics,Other,Mobile
C09339,2025-12-13,GG02,35-44,Fashion,35-44 | Fashion,Metro,Desktop
C09340,2025-12-13,GG02,25-34,Cosmetics,25-34 | Cosmetics,Metro,Desktop
C09341,2025-12-13,GG03,25-34,Fashion,25-34 | Fashion,Metro,Mobile
C09342,2025-12-13,GG03,35-44,Fashion,35-44 | Fashion,Other,Mobile
C09343,2025-12-13,GG03,35-44,Fashion,35-44 | Fashion,Metro,Desktop
C09344,2025-12-13,GG03,25-34,Fashion,25-34 | Fashion,Metro,Desktop
C09345,2025-12-13,GG03,45+,Cosmetics,45+ | Cosmetics,Other,Mobile
C09346,2025-12-13,MT01,18-24,Cosmetics,18-24 | Cosmetics,Metro,Mobile
C09347,2025-12-13,MT01,35-44,Cosmetics,35-44 | Cosmetics,Other,Desktop
C09348,2025-12-13,MT01,25-34,Cosmetics,25-34 | Cosmetics,Metro,Mobile
C09349,2025-12-13,MT01,25-34,Fashion,25-34 | Fashion,Metro,Mobile
C09350,2025-12-13,MT02,35-44,Cosmetics,35-44 | Cosmetics,Other,Mobile
C09351,2025-12-13,MT02,18-24,Fashion,18-24 | Fashion,Other,Mobile
C09352,2025-12-13,MT02,25-34,Fashion,25-34 | Fashion,Metro,Mobile
C09353,2025-12-13,MT02,35-44,Cosmetics,35-44 | Cosmetics,Metro,Mobile
C09354,2025-12-13,MT02,18-24,Fashion,18-24 | Fashion,Other,Mobile
C09355,2025-12-13,MT02,35-44,Fashion,35-44 | Fashion,Metro,Mobile
C09356,2025-12-13,MT02,25-34,Fashion,25-34 | Fashion,Other,Mobile
C09357,2025-12-13,MT03,45+,Cosmetics,45+ | Cosmetics,Other,Mobile
C09358,2025-12-13,TT01,35-44,Cosmetics,35-44 | Cosmetics,Other,Mobile
C09359,2025-12-13,TT01,25-34,Cosmetics,25-34 | Cosmetics,Metro,Mobile
C09360,2025-12-13,TT01,18-24,Cosmetics,18-24 | Cosmetics,Other,Mobile
C09361,2025-12-13,TT01,18-24,Fashion,18-24 | Fashion,Other,Mobile
C09362,2025-12-13,TT01,18-24,Fashion,18-24 | Fashion,Metro,Mobile
C09363,2025-12-13,TT02,25-34,Cosmetics,25-34 | Cosmetics,Metro,Mobile
C09364,2025-12-13,TT02,35-44,Cosmetics,35-44 | Cosmetics,Other,Mobile
C09365,2025-12-13,EM01,45+,Fashion,45+ | Fashion,Metro,Mobile
C09366,2025-12-13,EM01,25-34,Fashion,25-34 | Fashion,Other,Mobile
C09367,2025-12-13,EM02,25-34,Fashion,25-34 | Fashion,Other,Mobile
C09368,2025-12-13,OR01,25-34,Cosmetics,25-34 | Cosmetics,Metro,Mobile
C09369,2025-12-13,OR01,18-24,Cosmetics,18-24 | Cosmetics,Other,Desktop
C09370,2025-12-13,OR01,18-24,Fashion,18-24 | Fashion,Other,Desktop
C09371,2025-12-13,OR01,45+,Cosmetics,45+ | Cosmetics,Other,Desktop
C09372,2025-12-13,OR01,18-24,Cosmetics,18-24 | Cosmetics,Metro,Desktop
C09373,2025-12-13,OR02,25-34,Cosmetics,25-34 | Cosmetics,Other,Mobile
C09374,2025-12-13,OR02,18-24,Fashion,18-24 | Fashion,Metro,Mobile
C09375,2025-12-13,OR02,18-24,Fashion,18-24 | Fashion,Metro,Mobile
C09376,2025-12-14,GG01,25-34,Fashion,25-34 | Fashion,Metro,Mobile
C09377,2025-12-14,GG01,25-34,Fashion,25-34 | Fashion,Other,Desktop
C09378,2025-12-14,GG01,25-34,Cosmetics,25-34 | Cosmetics,Metro,Desktop
C09379,2025-12-14,GG01,18-24,Fashion,18-24 | Fashion,Other,Mobile
C09380,2025-12-14,GG01,25-34,Fashion,25-34 | Fashion,Metro,Mobile
C09381,2025-12-14,GG02,35-44,Fashion,35-44 | Fashion,Other,Desktop
C09382,2025-12-14,GG02,35-44,Fashion,35-44 | Fashion,Metro,Mobile
C09383,2025-12-14,GG02,18-24,Cosmetics,18-24 | Cosmetics,Other,Mobile
C09384,2025-12-14,GG02,35-44,Fashion,35-44 | Fashion,Other,Desktop
C09385,2025-12-14,GG02,35-44,Fashion,35-44 | Fashion,Metro,Mobile
C09386,2025-12-14,GG02,25-34,Cosmetics,25-34 | Cosmetics,Metro,Desktop
C09387,2025-12-14,GG03,25-34,Cosmetics,25-34 | Cosmetics,Metro,Desktop
C09388,2025-12-14,GG03,18-24,Fashion,18-24 | Fashion,Metro,Mobile
C09389,2025-12-14,GG03,25-34,Fashion,25-34 | Fashion,Metro,Mobile
C09390,2025-12-14,GG03,35-44,Fashion,35-44 | Fashion,Other,Desktop
C09391,2025-12-14,MT01,25-34,Cosmetics,25-34 | Cosmetics,Other,Mobile
C09392,2025-12-14,MT01,25-34,Fashion,25-34 | Fashion,Other,Mobile
C09393,2025-12-14,MT03,35-44,Fashion,35-44 | Fashion,Other,Mobile
C09394,2025-12-14,MT03,25-34,Fashion,25-34 | Fashion,Metro,Mobile
C09395,2025-12-14,MT03,25-34,Fashion,25-34 | Fashion,Metro,Mobile
C09396,2025-12-14,TT01,18-24,Cosmetics,18-24 | Cosmetics,Other,Mobile
C09397,2025-12-14,TT01,25-34,Fashion,25-34 | Fashion,Metro,Mobile
C09398,2025-12-14,TT01,25-34,Cosmetics,25-34 | Cosmetics,Other,Mobile
C09399,2025-12-14,TT01,18-24,Cosmetics,18-24 | Cosmetics,Other,Mobile
C09400,2025-12-14,TT01,35-44,Cosmetics,35-44 | Cosmetics,Metro,Mobile
C09401,2025-12-14,TT02,25-34,Fashion,25-34 | Fashion,Other,Mobile
C09402,2025-12-14,TT02,25-34,Cosmetics,25-34 | Cosmetics,Metro,Desktop
C09403,2025-12-14,EM01,18-24,Cosmetics,18-24 | Cosmetics,Other,Mobile
C09404,2025-12-14,EM01,35-44,Cosmetics,35-44 | Cosmetics,Other,Mobile
C09405,2025-12-14,EM01,35-44,Cosmetics,35-44 | Cosmetics,Metro,Mobile
C09406,2025-12-14,EM02,45+,Cosmetics,45+ | Cosmetics,Other,Mobile
C09407,2025-12-14,OR01,35-44,Cosmetics,35-44 | Cosmetics,Metro,Desktop
C09408,2025-12-14,OR01,25-34,Cosmetics,25-34 | Cosmetics,Other,Mobile
C09409,2025-12-14,OR02,45+,Cosmetics,45+ | Cosmetics,Other,Mobile
C09410,2025-12-14,OR02,35-44,Fashion,35-44 | Fashion,Other,Desktop
C09411,2025-12-14,OR02,45+,Cosmetics,45+ | Cosmetics,Other,Mobile
C09412,2025-12-15,GG02,25-34,Cosmetics,25-34 | Cosmetics,Metro,Desktop
C09413,2025-12-15,GG02,35-44,Cosmetics,35-44 | Cosmetics,Metro,Desktop
C09414,2025-12-15,GG02,35-44,Cosmetics,35-44 | Cosmetics,Other,Mobile
C09415,2025-12-15,GG02,45+,Cosmetics,45+ | Cosmetics,Metro,Desktop
C09416,2025-12-15,GG03,35-44,Fashion,35-44 | Fashion,Other,Mobile
C09417,2025-12-15,GG03,45+,Fashion,45+ | Fashion,Metro,Desktop
C09418,2025-12-15,GG03,35-44,Fashion,35-44 | Fashion,Other,Mobile
C09419,2025-12-15,GG03,25-34,Fashion,25-34 | Fashion,Metro,Desktop
C09420,2025-12-15,GG03,25-34,Fashion,25-34 | Fashion,Metro,Desktop
C09421,2025-12-15,MT01,25-34,Fashion,25-34 | Fashion,Metro,Mobile
C09422,2025-12-15,MT01,35-44,Fashion,35-44 | Fashion,Metro,Mobile
C09423,2025-12-15,MT01,25-34,Cosmetics,25-34 | Cosmetics,Other,Mobile
C09424,2025-12-15,MT01,18-24,Fashion,18-24 | Fashion,Metro,Mobile
C09425,2025-12-15,MT02,25-34,Cosmetics,25-34 | Cosmetics,Metro,Mobile
C09426,2025-12-15,MT02,18-24,Cosmetics,18-24 | Cosmetics,Other,Mobile
C09427,2025-12-15,MT02,45+,Fashion,45+ | Fashion,Metro,Desktop
C09428,2025-12-15,TT01,25-34,Fashion,25-34 | Fashion,Metro,Mobile
C09429,2025-12-15,TT01,18-24,Cosmetics,18-24 | Cosmetics,Metro,Mobile
C09430,2025-12-15,TT01,35-44,Cosmetics,35-44 | Cosmetics,Metro,Mobile
C09431,2025-12-15,TT01,18-24,Cosmetics,18-24 | Cosmetics,Other,Mobile
C09432,2025-12-15,TT02,18-24,Cosmetics,18-24 | Cosmetics,Other,Mobile
C09433,2025-12-15,EM01,25-34,Fashion,25-34 | Fashion,Other,Mobile
C09434,2025-12-15,EM01,35-44,Fashion,35-44 | Fashion,Metro,Mobile
C09435,2025-12-15,EM02,25-34,Fashion,25-34 | Fashion,Metro,Mobile
C09436,2025-12-15,OR01,25-34,Fashion,25-34 | Fashion,Metro,Mobile
C09437,2025-12-15,OR01,35-44,Fashion,35-44 | Fashion,Other,Mobile
C09438,2025-12-15,OR01,25-34,Cosmetics,25-34 | Cosmetics,Other,Mobile
C09439,2025-12-15,OR01,45+,Cosmetics,45+ | Cosmetics,Metro,Desktop
C09440,2025-12-15,OR01,18-24,Fashion,18-24 | Fashion,Other,Mobile
C09441,2025-12-15,OR02,25-34,Cosmetics,25-34 | Cosmetics,Metro,Mobile
C09442,2025-12-15,OR02,25-34,Cosmetics,25-34 | Cosmetics,Other,Mobile
C09443,2025-12-15,OR02,18-24,Cosmetics,18-24 | Cosmetics,Other,Mobile
C09444,2025-12-15,OR02,25-34,Cosmetics,25-34 | Cosmetics,Metro,Mobile
C09445,2025-12-16,GG01,25-34,Fashion,25-34 | Fashion,Metro,Mobile
C09446,2025-12-16,GG01,25-34,Fashion,25-34 | Fashion,Metro,Mobile
C09447,2025-12-16,GG01,25-34,Fashion,25-34 | Fashion,Other,Desktop
C09448,2025-12-16,GG02,45+,Fashion,45+ | Fashion,Metro,Mobile
C09449,2025-12-16,GG02,35-44,Fashion,35-44 | Fashion,Metro,Desktop
C09450,2025-12-16,GG02,35-44,Cosmetics,35-44 | Cosmetics,Metro,Mobile
C09451,2025-12-16,GG03,18-24,Fashion,18-24 | Fashion,Other,Mobile
C09452,2025-12-16,GG03,35-44,Cosmetics,35-44 | Cosmetics,Other,Mobile
C09453,2025-12-16,GG03,18-24,Fashion,18-24 | Fashion,Other,Desktop
C09454,2025-12-16,GG03,35-44,Fashion,35-44 | Fashion,Other,Mobile
C09455,2025-12-16,MT01,35-44,Fashion,35-44 | Fashion,Other,Mobile
C09456,2025-12-16,MT03,25-34,Cosmetics,25-34 | Cosmetics,Metro,Mobile
C09457,2025-12-16,TT01,35-44,Cosmetics,35-44 | Cosmetics,Other,Desktop
C09458,2025-12-16,TT01,25-34,Cosmetics,25-34 | Cosmetics,Other,Mobile
C09459,2025-12-16,TT01,18-24,Fashion,18-24 | Fashion,Other,Mobile
C09460,2025-12-16,TT02,18-24,Cosmetics,18-24 | Cosmetics,Metro,Mobile
C09461,2025-12-16,TT02,25-34,Fashion,25-34 | Fashion,Metro,Mobile
C09462,2025-12-16,EM01,35-44,Cosmetics,35-44 | Cosmetics,Other,Mobile
C09463,2025-12-16,EM01,45+,Cosmetics,45+ | Cosmetics,Other,Mobile
C09464,2025-12-16,EM01,35-44,Fashion,35-44 | Fashion,Metro,Mobile
C09465,2025-12-16,EM02,35-44,Cosmetics,35-44 | Cosmetics,Other,Mobile
C09466,2025-12-16,OR01,35-44,Fashion,35-44 | Fashion,Metro,Mobile
C09467,2025-12-16,OR01,45+,Fashion,45+ | Fashion,Metro,Mobile
C09468,2025-12-16,OR01,25-34,Fashion,25-34 | Fashion,Other,Desktop
C09469,2025-12-16,OR02,25-34,Fashion,25-34 | Fashion,Other,Mobile
C09470,2025-12-16,OR02,25-34,Cosmetics,25-34 | Cosmetics,Metro,Mobile
C09471,2025-12-17,GG01,25-34,Cosmetics,25-34 | Cosmetics,Metro,Desktop
C09472,2025-12-17,GG01,25-34,Cosmetics,25-34 | Cosmetics,Other,Desktop
C09473,2025-12-17,GG01,18-24,Fashion,18-24 | Fashion,Metro,Mobile
C09474,2025-12-17,GG01,18-24,Cosmetics,18-24 | Cosmetics,Metro,Desktop
C09475,2025-12-17,GG02,35-44,Cosmetics,35-44 | Cosmetics,Other,Desktop
C09476,2025-12-17,GG02,35-44,Fashion,35-44 | Fashion,Other,Mobile
C09477,2025-12-17,GG02,18-24,Fashion,18-24 | Fashion,Metro,Mobile
C09478,2025-12-17,GG03,35-44,Fashion,35-44 | Fashion,Metro,Desktop
C09479,2025-12-17,GG03,35-44,Cosmetics,35-44 | Cosmetics,Metro,Mobile
C09480,2025-12-17,MT01,18-24,Fashion,18-24 | Fashion,Metro,Mobile
C09481,2025-12-17,MT02,45+,Cosmetics,45+ | Cosmetics,Other,Mobile
C09482,2025-12-17,MT02,18-24,Cosmetics,18-24 | Cosmetics,Metro,Desktop
C09483,2025-12-17,MT02,35-44,Fashion,35-44 | Fashion,Other,Mobile
C09484,2025-12-17,MT02,35-44,Cosmetics,35-44 | Cosmetics,Metro,Mobile
C09485,2025-12-17,MT03,35-44,Cosmetics,35-44 | Cosmetics,Other,Mobile
C09486,2025-12-17,MT03,45+,Cosmetics,45+ | Cosmetics,Other,Mobile
C09487,2025-12-17,TT01,18-24,Fashion,18-24 | Fashion,Metro,Mobile
C09488,2025-12-17,TT01,18-24,Cosmetics,18-24 | Cosmetics,Other,Mobile
C09489,2025-12-17,TT01,25-34,Cosmetics,25-34 | Cosmetics,Metro,Mobile
C09490,2025-12-17,TT01,25-34,Cosmetics,25-34 | Cosmetics,Metro,Mobile
C09491,2025-12-17,TT01,18-24,Cosmetics,18-24 | Cosmetics,Metro,Mobile
C09492,2025-12-17,TT02,18-24,Fashion,18-24 | Fashion,Metro,Mobile
C09493,2025-12-17,TT02,18-24,Cosmetics,18-24 | Cosmetics,Metro,Mobile
C09494,2025-12-17,TT02,18-24,Cosmetics,18-24 | Cosmetics,Other,Mobile
C09495,2025-12-17,EM01,25-34,Cosmetics,25-34 | Cosmetics,Metro,Desktop
C09496,2025-12-17,EM02,25-34,Cosmetics,25-34 | Cosmetics,Other,Mobile
C09497,2025-12-17,OR01,35-44,Fashion,35-44 | Fashion,Metro,Mobile
C09498,2025-12-17,OR01,35-44,Fashion,35-44 | Fashion,Other,Desktop
C09499,2025-12-17,OR02,25-34,Cosmetics,25-34 | Cosmetics,Metro,Mobile
C09500,2025-12-17,OR02,18-24,Cosmetics,18-24 | Cosmetics,Other,Mobile
C09501,2025-12-18,GG01,25-34,Fashion,25-34 | Fashion,Metro,Desktop
C09502,2025-12-18,GG01,45+,Fashion,45+ | Fashion,Metro,Mobile
C09503,2025-12-18,GG01,45+,Fashion,45+ | Fashion,Metro,Desktop
C09504,2025-12-18,GG02,35-44,Cosmetics,35-44 | Cosmetics,Metro,Desktop
C09505,2025-12-18,GG02,35-44,Fashion,35-44 | Fashion,Metro,Desktop
C09506,2025-12-18,GG02,35-44,Fashion,35-44 | Fashion,Metro,Desktop
C09507,2025-12-18,GG02,45+,Cosmetics,45+ | Cosmetics,Metro,Desktop
C09508,2025-12-18,GG03,18-24,Fashion,18-24 | Fashion,Metro,Mobile
C09509,2025-12-18,GG03,25-34,Cosmetics,25-34 | Cosmetics,Metro,Desktop
C09510,2025-12-18,GG03,45+,Fashion,45+ | Fashion,Metro,Mobile
C09511,2025-12-18,MT01,25-34,Fashion,25-34 | Fashion,Other,Mobile
C09512,2025-12-18,MT01,25-34,Fashion,25-34 | Fashion,Other,Mobile
C09513,2025-12-18,MT01,25-34,Cosmetics,25-34 | Cosmetics,Metro,Mobile
C09514,2025-12-18,MT03,18-24,Fashion,18-24 | Fashion,Other,Mobile
C09515,2025-12-18,MT03,25-34,Fashion,25-34 | Fashion,Metro,Mobile
C09516,2025-12-18,TT01,25-34,Fashion,25-34 | Fashion,Other,Mobile
C09517,2025-12-18,TT01,18-24,Fashion,18-24 | Fashion,Other,Mobile
C09518,2025-12-18,TT01,18-24,Cosmetics,18-24 | Cosmetics,Metro,Mobile
C09519,2025-12-18,TT01,18-24,Cosmetics,18-24 | Cosmetics,Other,Mobile
C09520,2025-12-18,TT01,25-34,Cosmetics,25-34 | Cosmetics,Other,Mobile
C09521,2025-12-18,TT01,25-34,Cosmetics,25-34 | Cosmetics,Other,Mobile
C09522,2025-12-18,TT02,18-24,Cosmetics,18-24 | Cosmetics,Other,Mobile
C09523,2025-12-18,TT02,25-34,Cosmetics,25-34 | Cosmetics,Metro,Mobile
C09524,2025-12-18,EM01,25-34,Cosmetics,25-34 | Cosmetics,Other,Desktop
C09525,2025-12-18,OR01,18-24,Fashion,18-24 | Fashion,Other,Desktop
C09526,2025-12-18,OR01,35-44,Fashion,35-44 | Fashion,Metro,Desktop
C09527,2025-12-18,OR02,25-34,Fashion,25-34 | Fashion,Metro,Mobile
C09528,2025-12-18,OR02,35-44,Fashion,35-44 | Fashion,Other,Mobile
C09529,2025-12-19,GG01,45+,Cosmetics,45+ | Cosmetics,Metro,Mobile
C09530,2025-12-19,GG02,35-44,Fashion,35-44 | Fashion,Other,Desktop
C09531,2025-12-19,GG02,25-34,Fashion,25-34 | Fashion,Metro,Mobile
C09532,2025-12-19,GG02,18-24,Fashion,18-24 | Fashion,Metro,Desktop
C09533,2025-12-19,GG02,18-24,Fashion,18-24 | Fashion,Metro,Desktop
C09534,2025-12-19,GG02,25-34,Cosmetics,25-34 | Cosmetics,Other,Desktop
C09535,2025-12-19,GG02,35-44,Fashion,35-44 | Fashion,Metro,Mobile
C09536,2025-12-19,GG03,35-44,Fashion,35-44 | Fashion,Metro,Mobile
C09537,2025-12-19,MT01,18-24,Fashion,18-24 | Fashion,Other,Desktop
C09538,2025-12-19,MT01,25-34,Cosmetics,25-34 | Cosmetics,Metro,Desktop
C09539,2025-12-19,MT01,18-24,Cosmetics,18-24 | Cosmetics,Metro,Mobile
C09540,2025-12-19,MT01,25-34,Cosmetics,25-34 | Cosmetics,Metro,Desktop
C09541,2025-12-19,MT02,18-24,Fashion,18-24 | Fashion,Metro,Desktop
C09542,2025-12-19,MT03,45+,Fashion,45+ | Fashion,Other,Mobile
C09543,2025-12-19,MT03,18-24,Fashion,18-24 | Fashion,Metro,Desktop
C09544,2025-12-19,TT01,18-24,Fashion,18-24 | Fashion,Metro,Mobile
C09545,2025-12-19,TT01,25-34,Cosmetics,25-34 | Cosmetics,Metro,Mobile
C09546,2025-12-19,TT01,25-34,Cosmetics,25-34 | Cosmetics,Metro,Mobile
C09547,2025-12-19,TT01,18-24,Cosmetics,18-24 | Cosmetics,Other,Mobile
C09548,2025-12-19,EM01,25-34,Cosmetics,25-34 | Cosmetics,Metro,Mobile
C09549,2025-12-19,OR01,25-34,Cosmetics,25-34 | Cosmetics,Metro,Mobile
C09550,2025-12-19,OR01,35-44,Fashion,35-44 | Fashion,Metro,Mobile
C09551,2025-12-19,OR01,35-44,Cosmetics,35-44 | Cosmetics,Metro,Mobile
C09552,2025-12-19,OR01,25-34,Fashion,25-34 | Fashion,Metro,Desktop
C09553,2025-12-19,OR01,35-44,Cosmetics,35-44 | Cosmetics,Metro,Mobile
C09554,2025-12-19,OR02,35-44,Cosmetics,35-44 | Cosmetics,Other,Mobile
C09555,2025-12-19,OR02,25-34,Cosmetics,25-34 | Cosmetics,Other,Mobile
C09556,2025-12-19,OR02,25-34,Cosmetics,25-34 | Cosmetics,Metro,Mobile
C09557,2025-12-19,OR02,25-34,Fashion,25-34 | Fashion,Other,Mobile
C09558,2025-12-20,GG01,35-44,Cosmetics,35-44 | Cosmetics,Metro,Mobile
C09559,2025-12-20,GG01,35-44,Cosmetics,35-44 | Cosmetics,Other,Mobile
C09560,2025-12-20,GG01,25-34,Fashion,25-34 | Fashion,Metro,Mobile
C09561,2025-12-20,GG02,25-34,Fashion,25-34 | Fashion,Other,Desktop
C09562,2025-12-20,GG02,25-34,Fashion,25-34 | Fashion,Metro,Mobile
C09563,2025-12-20,GG02,25-34,Fashion,25-34 | Fashion,Other,Desktop
C09564,2025-12-20,GG02,45+,Fashion,45+ | Fashion,Other,Desktop
C09565,2025-12-20,GG02,45+,Fashion,45+ | Fashion,Metro,Desktop
C09566,2025-12-20,GG02,25-34,Fashion,25-34 | Fashion,Metro,Mobile
C09567,2025-12-20,GG03,25-34,Fashion,25-34 | Fashion,Metro,Mobile
C09568,2025-12-20,GG03,35-44,Cosmetics,35-44 | Cosmetics,Other,Desktop
C09569,2025-12-20,GG03,45+,Cosmetics,45+ | Cosmetics,Metro,Desktop
C09570,2025-12-20,MT01,25-34,Cosmetics,25-34 | Cosmetics,Other,Mobile
C09571,2025-12-20,MT01,35-44,Fashion,35-44 | Fashion,Metro,Desktop
C09572,2025-12-20,MT01,18-24,Cosmetics,18-24 | Cosmetics,Metro,Mobile
C09573,2025-12-20,MT01,18-24,Fashion,18-24 | Fashion,Other,Mobile
C09574,2025-12-20,MT01,35-44,Fashion,35-44 | Fashion,Other,Mobile
C09575,2025-12-20,MT02,25-34,Cosmetics,25-34 | Cosmetics,Metro,Desktop
C09576,2025-12-20,MT02,35-44,Cosmetics,35-44 | Cosmetics,Metro,Mobile
C09577,2025-12-20,MT02,25-34,Fashion,25-34 | Fashion,Metro,Desktop
C09578,2025-12-20,MT03,45+,Fashion,45+ | Fashion,Metro,Mobile
C09579,2025-12-20,TT01,18-24,Cosmetics,18-24 | Cosmetics,Other,Mobile
C09580,2025-12-20,TT02,18-24,Cosmetics,18-24 | Cosmetics,Metro,Desktop
C09581,2025-12-20,TT02,25-34,Fashion,25-34 | Fashion,Other,Mobile
C09582,2025-12-20,EM01,25-34,Cosmetics,25-34 | Cosmetics,Other,Mobile
C09583,2025-12-20,EM01,25-34,Cosmetics,25-34 | Cosmetics,Other,Mobile
C09584,2025-12-20,OR01,35-44,Cosmetics,35-44 | Cosmetics,Other,Desktop
C09585,2025-12-20,OR01,25-34,Fashion,25-34 | Fashion,Other,Mobile
C09586,2025-12-20,OR02,18-24,Fashion,18-24 | Fashion,Other,Mobile
C09587,2025-12-20,OR02,18-24,Fashion,18-24 | Fashion,Metro,Mobile
C09588,2025-12-21,GG01,45+,Fashion,45+ | Fashion,Metro,Desktop
C09589,2025-12-21,GG01,45+,Cosmetics,45+ | Cosmetics,Metro,Mobile
C09590,2025-12-21,GG01,45+,Fashion,45+ | Fashion,Metro,Mobile
C09591,2025-12-21,GG01,45+,Cosmetics,45+ | Cosmetics,Metro,Mobile
C09592,2025-12-21,GG02,25-34,Fashion,25-34 | Fashion,Metro,Mobile
C09593,2025-12-21,GG02,18-24,Fashion,18-24 | Fashion,Other,Mobile
C09594,2025-12-21,GG02,18-24,Fashion,18-24 | Fashion,Other,Mobile
C09595,2025-12-21,GG02,25-34,Fashion,25-34 | Fashion,Metro,Mobile
C09596,2025-12-21,GG02,18-24,Fashion,18-24 | Fashion,Metro,Desktop
C09597,2025-12-21,GG02,25-34,Fashion,25-34 | Fashion,Metro,Mobile
C09598,2025-12-21,GG02,45+,Fashion,45+ | Fashion,Metro,Mobile
C09599,2025-12-21,GG02,35-44,Fashion,35-44 | Fashion,Other,Desktop
C09600,2025-12-21,GG02,45+,Cosmetics,45+ | Cosmetics,Metro,Mobile
C09601,2025-12-21,GG03,25-34,Cosmetics,25-34 | Cosmetics,Metro,Mobile
C09602,2025-12-21,MT01,25-34,Fashion,25-34 | Fashion,Metro,Mobile
C09603,2025-12-21,MT01,35-44,Cosmetics,35-44 | Cosmetics,Metro,Mobile
C09604,2025-12-21,MT01,18-24,Cosmetics,18-24 | Cosmetics,Metro,Mobile
C09605,2025-12-21,MT01,18-24,Fashion,18-24 | Fashion,Metro,Mobile
C09606,2025-12-21,MT02,45+,Cosmetics,45+ | Cosmetics,Metro,Desktop
C09607,2025-12-21,MT02,18-24,Cosmetics,18-24 | Cosmetics,Other,Mobile
C09608,2025-12-21,MT03,25-34,Cosmetics,25-34 | Cosmetics,Other,Mobile
C09609,2025-12-21,MT03,35-44,Fashion,35-44 | Fashion,Metro,Desktop
C09610,2025-12-21,MT03,25-34,Fashion,25-34 | Fashion,Metro,Mobile
C09611,2025-12-21,TT01,18-24,Cosmetics,18-24 | Cosmetics,Metro,Mobile
C09612,2025-12-21,TT01,18-24,Cosmetics,18-24 | Cosmetics,Metro,Mobile
C09613,2025-12-21,TT01,18-24,Cosmetics,18-24 | Cosmetics,Other,Mobile
C09614,2025-12-21,TT02,18-24,Fashion,18-24 | Fashion,Metro,Mobile
C09615,2025-12-21,TT02,25-34,Cosmetics,25-34 | Cosmetics,Other,Mobile
C09616,2025-12-21,TT02,18-24,Cosmetics,18-24 | Cosmetics,Other,Mobile
C09617,2025-12-21,TT02,18-24,Fashion,18-24 | Fashion,Other,Mobile
C09618,2025-12-21,TT02,18-24,Cosmetics,18-24 | Cosmetics,Other,Mobile
C09619,2025-12-21,EM01,45+,Fashion,45+ | Fashion,Other,Mobile
C09620,2025-12-21,EM01,45+,Fashion,45+ | Fashion,Metro,Mobile
C09621,2025-12-21,EM02,35-44,Fashion,35-44 | Fashion,Metro,Mobile
C09622,2025-12-21,OR01,18-24,Cosmetics,18-24 | Cosmetics,Metro,Mobile
C09623,2025-12-21,OR01,25-34,Fashion,25-34 | Fashion,Other,Mobile
C09624,2025-12-21,OR01,45+,Fashion,45+ | Fashion,Metro,Mobile
C09625,2025-12-21,OR01,25-34,Fashion,25-34 | Fashion,Metro,Desktop
C09626,2025-12-21,OR01,25-34,Fashion,25-34 | Fashion,Metro,Mobile
C09627,2025-12-21,OR02,35-44,Fashion,35-44 | Fashion,Other,Mobile
C09628,2025-12-22,GG01,25-34,Cosmetics,25-34 | Cosmetics,Other,Mobile
C09629,2025-12-22,GG01,45+,Fashion,45+ | Fashion,Metro,Mobile
C09630,2025-12-22,GG02,25-34,Fashion,25-34 | Fashion,Metro,Mobile
C09631,2025-12-22,GG02,25-34,Cosmetics,25-34 | Cosmetics,Other,Desktop
C09632,2025-12-22,GG02,45+,Cosmetics,45+ | Cosmetics,Other,Mobile
C09633,2025-12-22,GG02,25-34,Fashion,25-34 | Fashion,Other,Mobile
C09634,2025-12-22,GG02,35-44,Fashion,35-44 | Fashion,Metro,Desktop
C09635,2025-12-22,GG03,45+,Cosmetics,45+ | Cosmetics,Other,Mobile
C09636,2025-12-22,GG03,18-24,Fashion,18-24 | Fashion,Other,Mobile
C09637,2025-12-22,GG03,45+,Fashion,45+ | Fashion,Metro,Desktop
C09638,2025-12-22,GG03,25-34,Fashion,25-34 | Fashion,Other,Mobile
C09639,2025-12-22,GG03,25-34,Fashion,25-34 | Fashion,Other,Mobile
C09640,2025-12-22,GG03,18-24,Fashion,18-24 | Fashion,Other,Mobile
C09641,2025-12-22,GG03,45+,Cosmetics,45+ | Cosmetics,Metro,Mobile
C09642,2025-12-22,MT01,25-34,Cosmetics,25-34 | Cosmetics,Other,Desktop
C09643,2025-12-22,MT01,25-34,Fashion,25-34 | Fashion,Other,Mobile
C09644,2025-12-22,MT01,25-34,Fashion,25-34 | Fashion,Metro,Mobile
C09645,2025-12-22,MT01,18-24,Fashion,18-24 | Fashion,Metro,Mobile
C09646,2025-12-22,MT01,18-24,Cosmetics,18-24 | Cosmetics,Metro,Desktop
C09647,2025-12-22,MT01,35-44,Cosmetics,35-44 | Cosmetics,Metro,Mobile
C09648,2025-12-22,MT01,25-34,Fashion,25-34 | Fashion,Metro,Mobile
C09649,2025-12-22,MT02,45+,Fashion,45+ | Fashion,Other,Mobile
C09650,2025-12-22,MT02,45+,Cosmetics,45+ | Cosmetics,Other,Mobile
C09651,2025-12-22,MT02,18-24,Cosmetics,18-24 | Cosmetics,Metro,Mobile
C09652,2025-12-22,MT03,35-44,Cosmetics,35-44 | Cosmetics,Metro,Mobile
C09653,2025-12-22,MT03,45+,Fashion,45+ | Fashion,Metro,Desktop
C09654,2025-12-22,TT01,25-34,Fashion,25-34 | Fashion,Other,Mobile
C09655,2025-12-22,TT01,18-24,Cosmetics,18-24 | Cosmetics,Metro,Mobile
C09656,2025-12-22,TT01,25-34,Cosmetics,25-34 | Cosmetics,Other,Mobile
C09657,2025-12-22,TT01,35-44,Cosmetics,35-44 | Cosmetics,Other,Mobile
C09658,2025-12-22,TT02,18-24,Fashion,18-24 | Fashion,Other,Mobile
C09659,2025-12-22,TT02,18-24,Fashion,18-24 | Fashion,Other,Mobile
C09660,2025-12-22,TT02,25-34,Cosmetics,25-34 | Cosmetics,Metro,Mobile
C09661,2025-12-22,EM01,25-34,Fashion,25-34 | Fashion,Other,Mobile
C09662,2025-12-22,OR01,25-34,Fashion,25-34 | Fashion,Other,Mobile
C09663,2025-12-22,OR02,18-24,Fashion,18-24 | Fashion,Metro,Mobile
C09664,2025-12-23,GG01,45+,Cosmetics,45+ | Cosmetics,Other,Mobile
C09665,2025-12-23,GG01,25-34,Cosmetics,25-34 | Cosmetics,Metro,Desktop
C09666,2025-12-23,GG02,45+,Fashion,45+ | Fashion,Other,Mobile
C09667,2025-12-23,GG02,35-44,Fashion,35-44 | Fashion,Other,Mobile
C09668,2025-12-23,GG02,25-34,Fashion,25-34 | Fashion,Metro,Mobile
C09669,2025-12-23,GG02,35-44,Fashion,35-44 | Fashion,Metro,Mobile
C09670,2025-12-23,GG03,45+,Cosmetics,45+ | Cosmetics,Metro,Desktop
C09671,2025-12-23,GG03,25-34,Cosmetics,25-34 | Cosmetics,Other,Mobile
C09672,2025-12-23,GG03,25-34,Fashion,25-34 | Fashion,Metro,Mobile
C09673,2025-12-23,GG03,25-34,Cosmetics,25-34 | Cosmetics,Other,Mobile
C09674,2025-12-23,MT01,35-44,Fashion,35-44 | Fashion,Metro,Mobile
C09675,2025-12-23,MT01,25-34,Cosmetics,25-34 | Cosmetics,Metro,Mobile
C09676,2025-12-23,MT01,25-34,Cosmetics,25-34 | Cosmetics,Metro,Mobile
C09677,2025-12-23,MT02,25-34,Cosmetics,25-34 | Cosmetics,Metro,Mobile
C09678,2025-12-23,MT02,35-44,Cosmetics,35-44 | Cosmetics,Metro,Mobile
C09679,2025-12-23,MT02,45+,Fashion,45+ | Fashion,Metro,Mobile
C09680,2025-12-23,MT03,18-24,Fashion,18-24 | Fashion,Metro,Mobile
C09681,2025-12-23,TT01,18-24,Cosmetics,18-24 | Cosmetics,Other,Mobile
C09682,2025-12-23,TT01,18-24,Fashion,18-24 | Fashion,Metro,Mobile
C09683,2025-12-23,TT02,35-44,Cosmetics,35-44 | Cosmetics,Other,Mobile
C09684,2025-12-23,TT02,25-34,Cosmetics,25-34 | Cosmetics,Metro,Mobile
C09685,2025-12-23,EM02,35-44,Fashion,35-44 | Fashion,Metro,Desktop
C09686,2025-12-23,OR01,25-34,Cosmetics,25-34 | Cosmetics,Metro,Mobile
C09687,2025-12-23,OR01,25-34,Fashion,25-34 | Fashion,Other,Mobile
C09688,2025-12-23,OR01,25-34,Cosmetics,25-34 | Cosmetics,Other,Desktop
C09689,2025-12-23,OR02,25-34,Cosmetics,25-34 | Cosmetics,Other,Mobile
C09690,2025-12-23,OR02,25-34,Cosmetics,25-34 | Cosmetics,Other,Mobile
C09691,2025-12-24,GG01,45+,Fashion,45+ | Fashion,Metro,Mobile
C09692,2025-12-24,GG01,18-24,Cosmetics,18-24 | Cosmetics,Other,Desktop
C09693,2025-12-24,GG02,18-24,Cosmetics,18-24 | Cosmetics,Other,Desktop
C09694,2025-12-24,GG02,18-24,Fashion,18-24 | Fashion,Metro,Mobile
C09695,2025-12-24,GG02,18-24,Cosmetics,18-24 | Cosmetics,Other,Mobile
C09696,2025-12-24,GG02,45+,Cosmetics,45+ | Cosmetics,Other,Mobile
C09697,2025-12-24,GG02,35-44,Fashion,35-44 | Fashion,Other,Desktop
C09698,2025-12-24,GG03,25-34,Cosmetics,25-34 | Cosmetics,Other,Mobile
C09699,2025-12-24,GG03,35-44,Cosmetics,35-44 | Cosmetics,Other,Mobile
C09700,2025-12-24,MT01,18-24,Fashion,18-24 | Fashion,Other,Mobile
C09701,2025-12-24,MT01,45+,Cosmetics,45+ | Cosmetics,Other,Mobile
C09702,2025-12-24,MT01,18-24,Cosmetics,18-24 | Cosmetics,Metro,Mobile
C09703,2025-12-24,MT01,18-24,Cosmetics,18-24 | Cosmetics,Metro,Mobile
C09704,2025-12-24,MT02,18-24,Fashion,18-24 | Fashion,Metro,Desktop
C09705,2025-12-24,MT02,25-34,Fashion,25-34 | Fashion,Other,Mobile
C09706,2025-12-24,MT03,35-44,Cosmetics,35-44 | Cosmetics,Other,Mobile
C09707,2025-12-24,MT03,18-24,Cosmetics,18-24 | Cosmetics,Metro,Mobile
C09708,2025-12-24,TT01,18-24,Cosmetics,18-24 | Cosmetics,Other,Mobile
C09709,2025-12-24,TT01,25-34,Fashion,25-34 | Fashion,Other,Mobile
C09710,2025-12-24,TT01,18-24,Fashion,18-24 | Fashion,Other,Mobile
C09711,2025-12-24,TT02,18-24,Fashion,18-24 | Fashion,Other,Mobile
C09712,2025-12-24,TT02,25-34,Cosmetics,25-34 | Cosmetics,Metro,Mobile
C09713,2025-12-24,EM01,45+,Fashion,45+ | Fashion,Other,Desktop
C09714,2025-12-24,OR01,25-34,Fashion,25-34 | Fashion,Other,Mobile
C09715,2025-12-24,OR01,25-34,Fashion,25-34 | Fashion,Other,Mobile
C09716,2025-12-24,OR01,35-44,Fashion,35-44 | Fashion,Metro,Mobile
C09717,2025-12-24,OR01,35-44,Cosmetics,35-44 | Cosmetics,Other,Mobile
C09718,2025-12-24,OR01,35-44,Cosmetics,35-44 | Cosmetics,Metro,Mobile
C09719,2025-12-24,OR01,25-34,Cosmetics,25-34 | Cosmetics,Metro,Desktop
C09720,2025-12-24,OR02,45+,Fashion,45+ | Fashion,Other,Mobile
C09721,2025-12-25,GG01,45+,Cosmetics,45+ | Cosmetics,Metro,Mobile
C09722,2025-12-25,GG01,45+,Fashion,45+ | Fashion,Metro,Desktop
C09723,2025-12-25,GG02,25-34,Cosmetics,25-34 | Cosmetics,Other,Mobile
C09724,2025-12-25,GG02,25-34,Cosmetics,25-34 | Cosmetics,Other,Desktop
C09725,2025-12-25,GG02,35-44,Fashion,35-44 | Fashion,Metro,Mobile
C09726,2025-12-25,GG02,45+,Fashion,45+ | Fashion,Metro,Desktop
C09727,2025-12-25,GG03,18-24,Fashion,18-24 | Fashion,Other,Mobile
C09728,2025-12-25,GG03,45+,Fashion,45+ | Fashion,Other,Mobile
C09729,2025-12-25,GG03,45+,Cosmetics,45+ | Cosmetics,Other,Mobile
C09730,2025-12-25,GG03,18-24,Cosmetics,18-24 | Cosmetics,Other,Mobile
C09731,2025-12-25,GG03,35-44,Fashion,35-44 | Fashion,Metro,Desktop
C09732,2025-12-25,MT01,35-44,Fashion,35-44 | Fashion,Other,Mobile
C09733,2025-12-25,MT02,35-44,Cosmetics,35-44 | Cosmetics,Metro,Mobile
C09734,2025-12-25,MT02,25-34,Cosmetics,25-34 | Cosmetics,Metro,Mobile
C09735,2025-12-25,MT02,35-44,Cosmetics,35-44 | Cosmetics,Metro,Mobile
C09736,2025-12-25,MT03,25-34,Cosmetics,25-34 | Cosmetics,Other,Desktop
C09737,2025-12-25,MT03,25-34,Cosmetics,25-34 | Cosmetics,Other,Mobile
C09738,2025-12-25,TT01,18-24,Cosmetics,18-24 | Cosmetics,Metro,Desktop
C09739,2025-12-25,TT01,25-34,Cosmetics,25-34 | Cosmetics,Metro,Mobile
C09740,2025-12-25,TT01,25-34,Cosmetics,25-34 | Cosmetics,Metro,Mobile
C09741,2025-12-25,TT01,18-24,Cosmetics,18-24 | Cosmetics,Metro,Mobile
C09742,2025-12-25,TT01,25-34,Cosmetics,25-34 | Cosmetics,Other,Desktop
C09743,2025-12-25,TT01,35-44,Fashion,35-44 | Fashion,Metro,Mobile
C09744,2025-12-25,TT01,25-34,Fashion,25-34 | Fashion,Other,Mobile
C09745,2025-12-25,TT02,18-24,Cosmetics,18-24 | Cosmetics,Other,Mobile
C09746,2025-12-25,TT02,25-34,Fashion,25-34 | Fashion,Other,Mobile
C09747,2025-12-25,TT02,25-34,Cosmetics,25-34 | Cosmetics,Other,Mobile
C09748,2025-12-25,EM01,35-44,Cosmetics,35-44 | Cosmetics,Metro,Desktop
C09749,2025-12-25,EM02,25-34,Fashion,25-34 | Fashion,Other,Desktop
C09750,2025-12-25,OR01,45+,Fashion,45+ | Fashion,Metro,Mobile
C09751,2025-12-25,OR01,18-24,Cosmetics,18-24 | Cosmetics,Metro,Mobile
C09752,2025-12-25,OR01,35-44,Fashion,35-44 | Fashion,Other,Mobile
C09753,2025-12-25,OR01,35-44,Cosmetics,35-44 | Cosmetics,Metro,Mobile
C09754,2025-12-25,OR02,25-34,Fashion,25-34 | Fashion,Metro,Desktop
C09755,2025-12-25,OR02,35-44,Fashion,35-44 | Fashion,Other,Desktop
C09756,2025-12-26,GG01,18-24,Cosmetics,18-24 | Cosmetics,Other,Desktop
C09757,2025-12-26,GG02,25-34,Fashion,25-34 | Fashion,Other,Mobile
C09758,2025-12-26,GG02,25-34,Fashion,25-34 | Fashion,Metro,Mobile
C09759,2025-12-26,GG02,45+,Fashion,45+ | Fashion,Other,Desktop
C09760,2025-12-26,GG02,45+,Fashion,45+ | Fashion,Other,Mobile
C09761,2025-12-26,GG02,45+,Fashion,45+ | Fashion,Metro,Desktop
C09762,2025-12-26,GG02,25-34,Cosmetics,25-34 | Cosmetics,Other,Desktop
C09763,2025-12-26,GG02,25-34,Fashion,25-34 | Fashion,Metro,Desktop
C09764,2025-12-26,GG03,45+,Fashion,45+ | Fashion,Other,Mobile
C09765,2025-12-26,GG03,45+,Fashion,45+ | Fashion,Other,Mobile
C09766,2025-12-26,MT01,18-24,Cosmetics,18-24 | Cosmetics,Metro,Desktop
C09767,2025-12-26,MT01,25-34,Cosmetics,25-34 | Cosmetics,Other,Mobile
C09768,2025-12-26,MT01,25-34,Fashion,25-34 | Fashion,Metro,Mobile
C09769,2025-12-26,MT01,35-44,Cosmetics,35-44 | Cosmetics,Other,Mobile
C09770,2025-12-26,MT01,25-34,Cosmetics,25-34 | Cosmetics,Metro,Mobile
C09771,2025-12-26,TT01,18-24,Cosmetics,18-24 | Cosmetics,Other,Mobile
C09772,2025-12-26,TT01,25-34,Cosmetics,25-34 | Cosmetics,Other,Mobile
C09773,2025-12-26,TT01,25-34,Cosmetics,25-34 | Cosmetics,Metro,Mobile
C09774,2025-12-26,TT01,18-24,Fashion,18-24 | Fashion,Metro,Mobile
C09775,2025-12-26,TT01,25-34,Cosmetics,25-34 | Cosmetics,Metro,Mobile
C09776,2025-12-26,TT01,18-24,Cosmetics,18-24 | Cosmetics,Other,Mobile
C09777,2025-12-26,TT02,18-24,Cosmetics,18-24 | Cosmetics,Metro,Mobile
C09778,2025-12-26,TT02,25-34,Fashion,25-34 | Fashion,Other,Mobile
C09779,2025-12-26,OR01,25-34,Fashion,25-34 | Fashion,Metro,Mobile
C09780,2025-12-26,OR01,18-24,Fashion,18-24 | Fashion,Other,Desktop
C09781,2025-12-26,OR01,35-44,Fashion,35-44 | Fashion,Metro,Mobile
C09782,2025-12-26,OR01,35-44,Cosmetics,35-44 | Cosmetics,Metro,Mobile
C09783,2025-12-26,OR01,45+,Fashion,45+ | Fashion,Metro,Desktop
C09784,2025-12-26,OR01,35-44,Fashion,35-44 | Fashion,Metro,Desktop
C09785,2025-12-26,OR02,25-34,Cosmetics,25-34 | Cosmetics,Metro,Mobile
C09786,2025-12-26,OR02,18-24,Fashion,18-24 | Fashion,Other,Mobile
C09787,2025-12-26,OR02,25-34,Cosmetics,25-34 | Cosmetics,Other,Mobile
C09788,2025-12-27,GG01,35-44,Fashion,35-44 | Fashion,Other,Mobile
C09789,2025-12-27,GG01,18-24,Cosmetics,18-24 | Cosmetics,Other,Mobile
C09790,2025-12-27,GG01,45+,Cosmetics,45+ | Cosmetics,Metro,Desktop
C09791,2025-12-27,GG02,25-34,Fashion,25-34 | Fashion,Other,Mobile
C09792,2025-12-27,GG02,25-34,Fashion,25-34 | Fashion,Metro,Desktop
C09793,2025-12-27,GG02,45+,Cosmetics,45+ | Cosmetics,Other,Mobile
C09794,2025-12-27,GG02,18-24,Fashion,18-24 | Fashion,Other,Desktop
C09795,2025-12-27,GG03,35-44,Fashion,35-44 | Fashion,Other,Desktop
C09796,2025-12-27,GG03,18-24,Cosmetics,18-24 | Cosmetics,Metro,Mobile
C09797,2025-12-27,MT01,35-44,Cosmetics,35-44 | Cosmetics,Other,Mobile
C09798,2025-12-27,MT01,35-44,Cosmetics,35-44 | Cosmetics,Metro,Desktop
C09799,2025-12-27,MT01,25-34,Fashion,25-34 | Fashion,Other,Mobile
C09800,2025-12-27,MT02,25-34,Fashion,25-34 | Fashion,Metro,Mobile
C09801,2025-12-27,MT02,45+,Cosmetics,45+ | Cosmetics,Metro,Mobile
C09802,2025-12-27,MT02,18-24,Cosmetics,18-24 | Cosmetics,Metro,Desktop
C09803,2025-12-27,MT03,35-44,Fashion,35-44 | Fashion,Other,Mobile
C09804,2025-12-27,TT01,18-24,Fashion,18-24 | Fashion,Metro,Mobile
C09805,2025-12-27,TT01,25-34,Cosmetics,25-34 | Cosmetics,Metro,Mobile
C09806,2025-12-27,TT01,25-34,Cosmetics,25-34 | Cosmetics,Metro,Desktop
C09807,2025-12-27,TT01,18-24,Cosmetics,18-24 | Cosmetics,Other,Mobile
C09808,2025-12-27,TT02,18-24,Cosmetics,18-24 | Cosmetics,Other,Mobile
C09809,2025-12-27,EM01,35-44,Cosmetics,35-44 | Cosmetics,Metro,Mobile
C09810,2025-12-27,OR01,45+,Fashion,45+ | Fashion,Other,Mobile
C09811,2025-12-27,OR01,35-44,Fashion,35-44 | Fashion,Other,Desktop
C09812,2025-12-27,OR01,25-34,Cosmetics,25-34 | Cosmetics,Other,Mobile
C09813,2025-12-27,OR01,45+,Cosmetics,45+ | Cosmetics,Metro,Desktop
C09814,2025-12-27,OR01,45+,Cosmetics,45+ | Cosmetics,Other,Mobile
C09815,2025-12-27,OR01,18-24,Fashion,18-24 | Fashion,Other,Mobile
C09816,2025-12-27,OR02,18-24,Cosmetics,18-24 | Cosmetics,Other,Mobile
C09817,2025-12-28,GG01,45+,Cosmetics,45+ | Cosmetics,Metro,Mobile
C09818,2025-12-28,GG01,35-44,Fashion,35-44 | Fashion,Other,Desktop
C09819,2025-12-28,GG01,45+,Cosmetics,45+ | Cosmetics,Other,Mobile
C09820,2025-12-28,GG02,35-44,Fashion,35-44 | Fashion,Metro,Desktop
C09821,2025-12-28,GG02,45+,Cosmetics,45+ | Cosmetics,Metro,Desktop
C09822,2025-12-28,GG02,45+,Fashion,45+ | Fashion,Metro,Desktop
C09823,2025-12-28,GG03,18-24,Fashion,18-24 | Fashion,Metro,Mobile
C09824,2025-12-28,GG03,35-44,Fashion,35-44 | Fashion,Other,Desktop
C09825,2025-12-28,MT01,18-24,Cosmetics,18-24 | Cosmetics,Other,Mobile
C09826,2025-12-28,MT01,35-44,Fashion,35-44 | Fashion,Metro,Mobile
C09827,2025-12-28,MT01,35-44,Cosmetics,35-44 | Cosmetics,Other,Mobile
C09828,2025-12-28,MT01,35-44,Fashion,35-44 | Fashion,Metro,Mobile
C09829,2025-12-28,MT01,18-24,Fashion,18-24 | Fashion,Metro,Mobile
C09830,2025-12-28,MT01,35-44,Fashion,35-44 | Fashion,Metro,Mobile
C09831,2025-12-28,MT02,45+,Cosmetics,45+ | Cosmetics,Metro,Mobile
C09832,2025-12-28,MT02,25-34,Cosmetics,25-34 | Cosmetics,Metro,Mobile
C09833,2025-12-28,MT02,45+,Fashion,45+ | Fashion,Other,Mobile
C09834,2025-12-28,MT03,25-34,Cosmetics,25-34 | Cosmetics,Other,Mobile
C09835,2025-12-28,MT03,25-34,Cosmetics,25-34 | Cosmetics,Other,Desktop
C09836,2025-12-28,TT01,18-24,Fashion,18-24 | Fashion,Other,Mobile
C09837,2025-12-28,TT01,18-24,Fashion,18-24 | Fashion,Other,Mobile
C09838,2025-12-28,TT02,18-24,Fashion,18-24 | Fashion,Metro,Mobile
C09839,2025-12-28,TT02,25-34,Fashion,25-34 | Fashion,Metro,Mobile
C09840,2025-12-28,TT02,25-34,Cosmetics,25-34 | Cosmetics,Metro,Mobile
C09841,2025-12-28,EM01,45+,Fashion,45+ | Fashion,Other,Desktop
C09842,2025-12-28,EM02,35-44,Cosmetics,35-44 | Cosmetics,Metro,Desktop
C09843,2025-12-28,OR01,35-44,Cosmetics,35-44 | Cosmetics,Other,Desktop
C09844,2025-12-28,OR01,18-24,Cosmetics,18-24 | Cosmetics,Metro,Desktop
C09845,2025-12-28,OR01,45+,Cosmetics,45+ | Cosmetics,Other,Mobile
C09846,2025-12-28,OR01,35-44,Cosmetics,35-44 | Cosmetics,Metro,Mobile
C09847,2025-12-28,OR02,25-34,Cosmetics,25-34 | Cosmetics,Other,Mobile
C09848,2025-12-28,OR02,18-24,Fashion,18-24 | Fashion,Other,Mobile
C09849,2025-12-28,OR02,35-44,Cosmetics,35-44 | Cosmetics,Metro,Mobile
C09850,2025-12-29,GG01,18-24,Fashion,18-24 | Fashion,Metro,Mobile
C09851,2025-12-29,GG01,25-34,Fashion,25-34 | Fashion,Metro,Mobile
C09852,2025-12-29,GG02,35-44,Cosmetics,35-44 | Cosmetics,Other,Desktop
C09853,2025-12-29,GG02,45+,Fashion,45+ | Fashion,Metro,Desktop
C09854,2025-12-29,GG02,18-24,Fashion,18-24 | Fashion,Metro,Mobile
C09855,2025-12-29,GG02,25-34,Cosmetics,25-34 | Cosmetics,Other,Desktop
C09856,2025-12-29,GG02,18-24,Cosmetics,18-24 | Cosmetics,Metro,Mobile
C09857,2025-12-29,GG03,25-34,Cosmetics,25-34 | Cosmetics,Metro,Mobile
C09858,2025-12-29,GG03,35-44,Fashion,35-44 | Fashion,Other,Desktop
C09859,2025-12-29,GG03,35-44,Fashion,35-44 | Fashion,Metro,Mobile
C09860,2025-12-29,GG03,25-34,Fashion,25-34 | Fashion,Metro,Desktop
C09861,2025-12-29,MT01,35-44,Cosmetics,35-44 | Cosmetics,Other,Mobile
C09862,2025-12-29,MT02,18-24,Fashion,18-24 | Fashion,Other,Mobile
C09863,2025-12-29,MT02,35-44,Fashion,35-44 | Fashion,Metro,Mobile
C09864,2025-12-29,MT02,35-44,Fashion,35-44 | Fashion,Metro,Mobile
C09865,2025-12-29,MT02,35-44,Fashion,35-44 | Fashion,Metro,Mobile
C09866,2025-12-29,TT01,18-24,Fashion,18-24 | Fashion,Metro,Mobile
C09867,2025-12-29,TT01,25-34,Cosmetics,25-34 | Cosmetics,Metro,Mobile
C09868,2025-12-29,TT02,25-34,Cosmetics,25-34 | Cosmetics,Metro,Mobile
C09869,2025-12-29,TT02,18-24,Cosmetics,18-24 | Cosmetics,Other,Mobile
C09870,2025-12-29,TT02,25-34,Fashion,25-34 | Fashion,Metro,Mobile
C09871,2025-12-29,TT02,45+,Cosmetics,45+ | Cosmetics,Metro,Mobile
C09872,2025-12-29,TT02,18-24,Cosmetics,18-24 | Cosmetics,Other,Mobile
C09873,2025-12-29,EM01,25-34,Cosmetics,25-34 | Cosmetics,Metro,Desktop
C09874,2025-12-29,EM01,35-44,Cosmetics,35-44 | Cosmetics,Metro,Mobile
C09875,2025-12-29,OR01,25-34,Cosmetics,25-34 | Cosmetics,Metro,Desktop
C09876,2025-12-29,OR01,45+,Fashion,45+ | Fashion,Other,Mobile
C09877,2025-12-29,OR01,25-34,Cosmetics,25-34 | Cosmetics,Other,Mobile
C09878,2025-12-29,OR01,25-34,Cosmetics,25-34 | Cosmetics,Other,Mobile
C09879,2025-12-29,OR02,18-24,Fashion,18-24 | Fashion,Other,Desktop
C09880,2025-12-29,OR02,18-24,Cosmetics,18-24 | Cosmetics,Metro,Mobile
C09881,2025-12-29,OR02,25-34,Cosmetics,25-34 | Cosmetics,Other,Mobile
C09882,2025-12-29,OR02,18-24,Cosmetics,18-24 | Cosmetics,Other,Mobile
C09883,2025-12-29,OR02,18-24,Cosmetics,18-24 | Cosmetics,Other,Mobile
C09884,2025-12-30,GG01,25-34,Fashion,25-34 | Fashion,Metro,Desktop
C09885,2025-12-30,GG01,18-24,Fashion,18-24 | Fashion,Metro,Mobile
C09886,2025-12-30,GG01,25-34,Fashion,25-34 | Fashion,Other,Desktop
C09887,2025-12-30,GG01,25-34,Fashion,25-34 | Fashion,Metro,Desktop
C09888,2025-12-30,GG01,25-34,Cosmetics,25-34 | Cosmetics,Metro,Mobile
C09889,2025-12-30,GG02,45+,Cosmetics,45+ | Cosmetics,Metro,Mobile
C09890,2025-12-30,GG02,45+,Fashion,45+ | Fashion,Other,Desktop
C09891,2025-12-30,GG03,18-24,Fashion,18-24 | Fashion,Metro,Desktop
C09892,2025-12-30,GG03,25-34,Cosmetics,25-34 | Cosmetics,Other,Mobile
C09893,2025-12-30,GG03,45+,Cosmetics,45+ | Cosmetics,Metro,Mobile
C09894,2025-12-30,MT01,45+,Cosmetics,45+ | Cosmetics,Other,Mobile
C09895,2025-12-30,MT02,18-24,Cosmetics,18-24 | Cosmetics,Other,Desktop
C09896,2025-12-30,MT02,25-34,Fashion,25-34 | Fashion,Metro,Mobile
C09897,2025-12-30,MT02,18-24,Fashion,18-24 | Fashion,Metro,Mobile
C09898,2025-12-30,MT02,18-24,Fashion,18-24 | Fashion,Metro,Mobile
C09899,2025-12-30,TT01,18-24,Fashion,18-24 | Fashion,Other,Mobile
C09900,2025-12-30,TT01,25-34,Cosmetics,25-34 | Cosmetics,Metro,Mobile
C09901,2025-12-30,TT02,18-24,Cosmetics,18-24 | Cosmetics,Metro,Mobile
C09902,2025-12-30,TT02,18-24,Cosmetics,18-24 | Cosmetics,Other,Mobile
C09903,2025-12-30,EM01,25-34,Fashion,25-34 | Fashion,Metro,Desktop
C09904,2025-12-30,OR01,25-34,Fashion,25-34 | Fashion,Metro,Desktop
C09905,2025-12-30,OR01,18-24,Cosmetics,18-24 | Cosmetics,Metro,Mobile
C09906,2025-12-30,OR01,18-24,Fashion,18-24 | Fashion,Other,Desktop
C09907,2025-12-30,OR02,45+,Cosmetics,45+ | Cosmetics,Metro,Desktop
C09908,2025-12-30,OR02,18-24,Cosmetics,18-24 | Cosmetics,Metro,Desktop
C09909,2025-12-31,GG01,25-34,Fashion,25-34 | Fashion,Metro,Mobile
C09910,2025-12-31,GG01,45+,Fashion,45+ | Fashion,Metro,Mobile
C09911,2025-12-31,GG01,25-34,Fashion,25-34 | Fashion,Metro,Mobile
C09912,2025-12-31,GG01,45+,Fashion,45+ | Fashion,Metro,Desktop
C09913,2025-12-31,GG02,18-24,Cosmetics,18-24 | Cosmetics,Metro,Mobile
C09914,2025-12-31,GG02,18-24,Fashion,18-24 | Fashion,Metro,Desktop
C09915,2025-12-31,GG02,25-34,Cosmetics,25-34 | Cosmetics,Other,Mobile
C09916,2025-12-31,GG02,25-34,Cosmetics,25-34 | Cosmetics,Other,Mobile
C09917,2025-12-31,GG03,25-34,Cosmetics,25-34 | Cosmetics,Other,Desktop
C09918,2025-12-31,GG03,18-24,Fashion,18-24 | Fashion,Other,Mobile
C09919,2025-12-31,GG03,45+,Cosmetics,45+ | Cosmetics,Other,Mobile
C09920,2025-12-31,MT01,25-34,Cosmetics,25-34 | Cosmetics,Metro,Mobile
C09921,2025-12-31,MT01,35-44,Fashion,35-44 | Fashion,Other,Mobile
C09922,2025-12-31,MT01,35-44,Fashion,35-44 | Fashion,Other,Mobile
C09923,2025-12-31,MT01,35-44,Cosmetics,35-44 | Cosmetics,Other,Mobile
C09924,2025-12-31,MT02,35-44,Cosmetics,35-44 | Cosmetics,Other,Mobile
C09925,2025-12-31,MT02,45+,Cosmetics,45+ | Cosmetics,Metro,Mobile
C09926,2025-12-31,MT02,35-44,Fashion,35-44 | Fashion,Metro,Mobile
C09927,2025-12-31,MT03,18-24,Fashion,18-24 | Fashion,Metro,Mobile
C09928,2025-12-31,MT03,25-34,Cosmetics,25-34 | Cosmetics,Other,Mobile
C09929,2025-12-31,TT01,18-24,Cosmetics,18-24 | Cosmetics,Metro,Mobile
C09930,2025-12-31,TT01,25-34,Fashion,25-34 | Fashion,Other,Mobile
C09931,2025-12-31,TT01,18-24,Fashion,18-24 | Fashion,Other,Mobile
C09932,2025-12-31,TT02,25-34,Cosmetics,25-34 | Cosmetics,Metro,Mobile
C09933,2025-12-31,TT02,18-24,Cosmetics,18-24 | Cosmetics,Metro,Mobile
C09934,2025-12-31,EM01,45+,Fashion,45+ | Fashion,Metro,Mobile
C09935,2025-12-31,EM01,25-34,Fashion,25-34 | Fashion,Metro,Desktop
C09936,2025-12-31,EM01,35-44,Cosmetics,35-44 | Cosmetics,Metro,Mobile
C09937,2025-12-31,EM02,25-34,Cosmetics,25-34 | Cosmetics,Other,Desktop
C09938,2025-12-31,OR01,35-44,Fashion,35-44 | Fashion,Metro,Mobile
C09939,2025-12-31,OR01,18-24,Cosmetics,18-24 | Cosmetics,Metro,Mobile
C09940,2025-12-31,OR01,45+,Cosmetics,45+ | Cosmetics,Metro,Desktop
C09941,2025-12-31,OR01,25-34,Cosmetics,25-34 | Cosmetics,Other,Mobile
C09942,2025-12-31,OR01,25-34,Cosmetics,25-34 | Cosmetics,Metro,Mobile
C09943,2025-12-31,OR01,18-24,Fashion,18-24 | Fashion,Metro,Desktop
C09944,2025-12-31,OR01,25-34,Fashion,25-34 | Fashion,Other,Desktop
C09945,2025-12-31,OR01,35-44,Fashion,35-44 | Fashion,Other,Desktop
C09946,2025-12-31,OR02,35-44,Cosmetics,35-44 | Cosmetics,Metro,Mobile
C09947,2025-12-31,OR02,25-34,Fashion,25-34 | Fashion,Other,Mobile
