date,campaign_id,spend,impressions,clicks,leads,conversions,new_customers,revenue,cogs
2025-01-01,EM01,71.53,661,20,9,1,1,1105.83,628.31
2025-01-01,EM02,10.59,424,11,3,0,0,0.0,0.0
2025-01-01,EM03,32.73,1523,27,1,0,0,0.0,0.0
2025-01-01,GG01,239.49,437,40,11,4,4,3563.88,1837.06
2025-01-01,GG02,1219.39,2759,92,17,3,3,1438.35,691.84
2025-01-01,GG03,210.68,1641,19,3,1,1,724.46,402.48
2025-01-01,MT01,2136.52,32869,332,42,9,9,4452.92,2348.68
2025-01-01,MT02,845.59,9391,109,14,3,3,1409.66,783.15
2025-01-01,MT03,32.46,915,13,1,0,0,0.0,0.0
2025-01-01,OR01,0.0,250,7,1,0,0,0.0,0.0
2025-01-01,OR02,0.0,2063,21,3,0,0,0.0,0.0
2025-01-01,TT01,278.66,1816,37,3,2,2,421.65,236.12
2025-01-01,TT02,217.82,1261,22,2,1,1,0.0,0.0
2025-01-02,EM01,9.52,116,3,1,0,0,0.0,0.0
2025-01-02,EM02,17.89,782,19,6,0,0,0.0,0.0
2025-01-02,EM03,21.87,778,16,1,0,0,0.0,0.0
2025-01-02,GG01,172.42,378,32,10,3,3,2746.53,1415.74
2025-01-02,GG02,767.47,1624,58,10,2,2,3310.22,1760.76
2025-01-02,GG03,505.37,4235,57,8,3,3,2560.31,1382.3
2025-01-02,MT01,188.07,3718,32,5,1,1,378.28,180.54
2025-01-02,MT02,233.7,3328,32,5,1,1,654.33,363.52
2025-01-02,MT03,6.85,139,2,0,0,0,0.0,0.0
2025-01-02,OR01,0.0,6608,209,43,6,6,3371.83,1687.24
2025-01-02,OR02,0.0,12237,117,13,2,2,2812.6,1496.06
2025-01-02,TT01,480.69,3103,64,7,5,5,1655.24,1002.03
2025-01-02,TT02,437.96,3933,59,6,3,3,2480.98,1590.37
2025-01-03,EM01,62.12,447,15,6,1,1,1074.92,610.75
2025-01-03,EM02,21.7,919,21,6,0,0,0.0,0.0
2025-01-03,EM03,8.9,372,7,0,0,0,0.0,0.0
2025-01-03,GG01,166.3,371,31,6,3,3,2515.94,1296.88
2025-01-03,GG02,1501.35,3008,95,20,3,3,1386.26,737.37
2025-01-03,GG03,373.77,5226,53,8,3,3,2166.48,1138.63
2025-01-03,MT01,816.85,10185,104,12,3,3,1409.33,727.17
2025-01-03,MT02,383.97,4531,52,7,1,1,757.02,353.28
2025-01-03,MT03,27.25,655,10,1,0,0,0.0,0.0
2025-01-03,OR01,0.0,5002,126,23,4,4,2332.06,1138.85
2025-01-03,OR02,0.0,6053,52,6,1,1,570.13,254.74
2025-01-03,TT01,448.57,2402,57,5,3,3,1192.47,733.52
2025-01-03,TT02,324.94,3277,41,5,2,2,847.39,517.22
2025-01-04,EM01,4.81,37,1,0,0,0,0.0,0.0
2025-01-04,EM02,40.85,1358,38,11,1,1,0.0,0.0
2025-01-04,EM03,14.07,475,9,0,0,0,0.0,0.0
2025-01-04,GG01,86.22,285,22,6,2,2,1045.04,497.87
2025-01-04,GG02,1674.99,3116,128,29,5,5,3174.79,1572.3
2025-01-04,GG03,468.62,3551,44,7,2,2,1501.11,833.95
2025-01-04,MT01,774.63,11806,109,14,3,3,1287.38,614.43
2025-01-04,MT02,132.21,1632,17,3,0,0,0.0,0.0
2025-01-04,MT03,290.63,6325,107,11,5,4,4010.98,2328.64
2025-01-04,OR01,0.0,3098,95,17,3,3,1885.95,915.18
2025-01-04,OR02,0.0,7041,67,9,1,1,0.0,0.0
2025-01-04,TT01,376.01,2651,59,6,3,3,1901.26,1234.16
2025-01-04,TT02,476.92,4444,56,6,2,2,952.94,610.86
2025-01-05,EM01,53.85,387,13,7,1,1,0.0,0.0
2025-01-05,EM02,43.9,1542,44,15,1,1,547.87,304.37
2025-01-05,EM03,16.59,554,12,1,0,0,0.0,0.0
2025-01-05,GG01,55.5,179,12,3,1,1,726.16,314.42
2025-01-05,GG02,1655.75,2856,121,24,4,4,1889.69,1005.16
2025-01-05,GG03,485.33,4206,58,10,3,3,2740.73,1522.63
2025-01-05,MT01,479.49,7609,75,9,2,2,1496.27,850.15
2025-01-05,MT02,205.74,1844,23,4,1,1,652.55,362.53
2025-01-05,MT03,144.83,3286,51,6,2,2,749.04,408.96
2025-01-05,OR01,0.0,668,20,3,0,0,0.0,0.0
2025-01-05,OR02,0.0,5490,62,8,1,0,831.67,442.38
2025-01-05,TT01,326.54,1826,43,4,2,2,912.49,608.33
2025-01-05,TT02,299.64,1914,30,3,1,1,446.39,240.37
2025-01-06,EM01,69.28,611,19,9,2,2,1024.64,560.35
2025-01-06,EM02,11.11,336,9,3,0,0,0.0,0.0
2025-01-06,EM03,38.22,1285,28,2,0,0,0.0,0.0
2025-01-06,GG01,250.73,480,44,11,5,5,2700.2,1332.37
2025-01-06,GG02,1359.53,3417,107,20,3,3,1280.67,645.39
2025-01-06,GG03,708.91,6485,84,11,4,4,2738.25,1487.49
2025-01-06,MT01,780.8,13143,122,15,4,4,1486.38,709.4
2025-01-06,MT02,284.15,3258,36,5,1,1,1254.11,696.73
2025-01-06,MT03,165.09,3778,54,6,2,2,1120.74,659.26
2025-01-06,OR01,0.0,3974,123,20,5,5,2976.7,1461.57
2025-01-06,OR02,0.0,9836,90,9,2,2,1279.35,655.67
2025-01-06,TT01,687.48,4993,111,10,7,7,3304.21,2133.34
2025-01-06,TT02,365.68,2721,40,4,2,2,712.7,383.77
2025-01-07,EM01,65.68,628,17,6,1,1,471.85,268.1
2025-01-07,EM02,6.46,251,6,2,0,0,0.0,0.0
2025-01-07,EM03,30.4,1023,22,1,0,0,0.0,0.0
2025-01-07,GG01,77.01,193,17,5,2,2,1624.07,796.78
2025-01-07,GG02,1582.47,3212,116,21,4,4,2973.23,1489.51
2025-01-07,GG03,133.3,1582,21,4,1,1,1588.37,882.43
2025-01-07,MT01,17.42,319,3,0,0,0,0.0,0.0
2025-01-07,MT02,42.64,469,5,1,0,0,0.0,0.0
2025-01-07,MT03,2.96,54,1,0,0,0,0.0,0.0
2025-01-07,OR01,0.0,5064,147,23,5,5,4027.74,2067.71
2025-01-07,OR02,0.0,18508,175,19,4,4,2152.03,1063.08
2025-01-07,TT01,181.17,1153,24,2,1,1,219.69,123.03
2025-01-07,TT02,77.6,636,11,1,0,0,0.0,0.0
2025-01-08,EM01,68.04,581,16,7,1,1,450.03,255.7
2025-01-08,EM02,5.47,169,4,1,0,0,0.0,0.0
2025-01-08,EM03,20.01,797,14,1,0,0,0.0,0.0
2025-01-08,GG01,18.48,59,4,1,0,0,0.0,0.0
2025-01-08,GG02,380.91,970,31,6,1,1,299.5,133.82
2025-01-08,GG03,581.08,6002,77,10,3,3,1319.76,733.2
2025-01-08,MT01,719.82,12743,107,13,3,3,1414.27,674.99
2025-01-08,MT02,1320.96,13898,156,28,5,5,3816.23,2030.17
2025-01-08,MT03,153.3,3392,49,5,2,2,1115.61,656.24
2025-01-08,OR01,0.0,2293,61,11,2,2,1346.38,670.49
2025-01-08,OR02,0.0,4461,43,5,1,1,249.35,111.41
2025-01-08,TT01,153.25,995,22,2,1,1,211.76,118.59
2025-01-08,TT02,195.34,1792,25,2,1,1,552.56,354.21
2025-01-09,EM01,95.79,643,22,11,2,2,1333.25,757.53
2025-01-09,EM02,24.04,806,17,5,0,0,0.0,0.0
2025-01-09,EM03,3.07,107,2,0,0,0,0.0,0.0
2025-01-09,GG01,70.09,178,13,4,1,1,800.95,412.86
2025-01-09,GG02,1593.69,4534,113,24,4,4,2927.9,1468.99
2025-01-09,GG03,51.57,611,7,1,0,0,0.0,0.0
2025-01-09,MT01,470.53,7613,71,10,1,1,344.82,164.57
2025-01-09,MT02,417.91,4004,46,8,2,2,920.03,482.0
2025-01-09,MT03,145.1,3316,51,6,2,2,1290.21,758.94
2025-01-09,OR01,0.0,3025,89,16,3,3,1374.02,601.13
2025-01-09,OR02,0.0,14157,135,16,3,3,772.33,345.08
2025-01-09,TT01,522.7,3709,78,7,4,4,824.44,461.68
2025-01-09,TT02,185.18,1444,24,3,1,1,289.3,155.78
2025-01-10,EM01,54.92,500,15,6,1,1,456.74,217.99
2025-01-10,EM02,16.06,512,12,4,0,0,0.0,0.0
2025-01-10,EM03,13.51,513,9,1,0,0,0.0,0.0
2025-01-10,GG01,186.76,471,37,9,3,3,2573.5,1280.29
2025-01-10,GG02,780.52,1766,64,15,2,2,824.59,368.44
2025-01-10,GG03,342.96,4098,44,7,2,2,1564.02,835.32
2025-01-10,MT01,879.29,17148,159,22,4,4,2337.72,1297.24
2025-01-10,MT02,214.92,2340,30,5,1,1,297.76,138.95
2025-01-10,MT03,242.5,3943,67,6,3,3,1797.51,1057.35
2025-01-10,OR01,0.0,2951,89,15,2,2,576.08,252.03
2025-01-10,OR02,0.0,2129,22,3,0,0,0.0,0.0
2025-01-10,TT01,129.1,678,17,2,1,1,233.47,130.74
2025-01-10,TT02,186.25,1722,26,2,1,1,0.0,0.0
2025-01-11,EM01,17.35,185,5,2,0,0,0.0,0.0
2025-01-11,EM02,26.7,789,20,6,0,0,0.0,0.0
2025-01-11,EM03,1.61,47,1,0,0,0,0.0,0.0
2025-01-11,GG01,56.33,170,13,3,1,1,756.33,389.86
2025-01-11,GG02,1742.84,3621,132,27,4,4,2021.97,1043.2
2025-01-11,GG03,1141.14,10138,125,19,6,6,5026.95,2730.37
2025-01-11,MT01,857.12,16392,148,16,4,4,2792.61,1521.37
2025-01-11,MT02,540.63,7935,73,10,2,2,1392.39,773.54
2025-01-11,MT03,84.08,1966,29,3,1,1,909.01,534.71
2025-01-11,OR01,0.0,5444,180,30,8,8,5978.76,2980.37
2025-01-11,OR02,0.0,1379,13,1,0,0,0.0,0.0
2025-01-11,TT01,315.41,2098,53,4,2,2,453.98,302.66
2025-01-11,TT02,270.12,2400,33,3,1,1,268.68,172.23
2025-01-12,EM01,21.28,211,6,3,0,0,0.0,0.0
2025-01-12,EM02,48.83,1145,32,9,1,0,515.93,240.77
2025-01-12,EM03,55.07,1941,33,2,0,0,0.0,0.0
2025-01-12,GG01,60.39,200,15,4,1,1,438.41,189.83
2025-01-12,GG02,2108.72,4572,156,29,5,5,3984.8,1999.96
2025-01-12,GG03,138.92,1366,21,4,1,1,2866.57,1592.54
2025-01-12,MT01,684.79,13100,102,12,2,2,989.19,472.11
2025-01-12,MT02,506.52,5697,61,10,2,2,1171.22,624.99
2025-01-12,MT03,212.58,5228,67,7,2,1,1294.51,729.27
2025-01-12,OR01,0.0,2527,64,11,2,2,474.67,207.67
2025-01-12,OR02,0.0,2463,28,3,0,0,0.0,0.0
2025-01-12,TT01,487.57,3639,73,6,4,4,674.84,377.91
2025-01-12,TT02,19.76,129,2,0,0,0,0.0,0.0
2025-01-13,EM01,131.29,916,31,14,2,2,2313.55,1223.87
2025-01-13,EM02,39.52,1323,33,10,1,0,428.64,200.03
2025-01-13,EM03,31.92,1241,27,1,0,0,0.0,0.0
2025-01-13,GG01,114.47,319,25,8,2,2,2933.97,1512.36
2025-01-13,GG02,1087.57,2041,83,15,3,3,2994.71,1546.89
2025-01-13,GG03,293.37,3346,46,7,2,2,942.55,523.64
2025-01-13,MT01,283.96,5065,38,4,1,1,831.31,472.34
2025-01-13,MT02,117.24,1547,14,2,0,0,0.0,0.0
2025-01-13,MT03,4.75,150,2,0,0,0,0.0,0.0
2025-01-13,OR01,0.0,2352,81,18,2,2,1708.16,847.23
2025-01-13,OR02,0.0,8119,72,8,1,1,655.96,293.09
2025-01-13,TT01,698.41,4390,96,10,5,5,1673.23,999.72
2025-01-13,TT02,83.8,678,10,1,0,0,0.0,0.0
2025-01-14,EM01,37.25,356,11,5,1,1,365.56,174.47
2025-01-14,EM02,111.09,3664,90,28,3,3,2815.2,1527.27
2025-01-14,EM03,40.28,1020,24,2,0,0,0.0,0.0
2025-01-14,GG01,182.28,442,35,10,5,4,3559.75,1806.75
2025-01-14,GG02,1251.15,2688,98,18,3,3,1521.2,786.35
2025-01-14,GG03,366.03,3226,37,5,2,2,1363.35,757.41
2025-01-14,MT01,544.98,10100,99,14,2,2,975.6,465.63
2025-01-14,MT02,706.4,8145,84,14,3,3,2149.41,1194.11
2025-01-14,MT03,112.55,2758,45,5,2,2,725.11,358.29
2025-01-14,OR01,0.0,6007,204,32,6,6,3171.06,1450.67
2025-01-14,OR02,0.0,22552,181,26,4,4,2303.34,1159.8
2025-01-14,TT01,119.76,990,22,2,1,1,404.61,226.58
2025-01-14,TT02,346.74,3074,41,5,2,2,568.27,305.99
2025-01-15,EM01,54.03,522,15,7,1,1,1231.94,699.97
2025-01-15,EM02,13.99,434,11,4,0,0,0.0,0.0
2025-01-15,EM03,34.24,977,25,1,0,0,0.0,0.0
2025-01-15,GG01,122.46,286,20,4,2,1,473.33,204.95
2025-01-15,GG02,1378.33,3293,107,21,4,4,2871.66,1424.23
2025-01-15,GG03,122.45,1044,14,2,0,0,0.0,0.0
2025-01-15,MT01,619.45,10090,97,11,3,3,1227.56,585.89
2025-01-15,MT02,1151.1,15131,150,23,6,6,4499.97,2421.06
2025-01-15,MT03,29.56,910,11,1,0,0,0.0,0.0
2025-01-15,OR01,0.0,2009,57,9,1,1,822.11,428.18
2025-01-15,OR02,0.0,17230,145,20,3,3,1087.11,485.73
2025-01-15,TT01,547.74,4805,89,8,5,5,1349.33,755.63
2025-01-15,TT02,231.06,2410,32,3,1,1,0.0,0.0
2025-01-16,EM01,3.96,32,1,1,0,0,0.0,0.0
2025-01-16,EM02,43.91,1248,32,10,1,0,682.46,379.14
2025-01-16,EM03,29.98,1016,21,1,0,0,0.0,0.0
2025-01-16,GG01,50.05,128,12,3,1,1,635.61,327.63
2025-01-16,GG02,413.3,853,31,6,1,1,508.64,227.26
2025-01-16,GG03,194.76,1984,24,4,1,1,1200.92,667.18
2025-01-16,MT01,868.43,13433,119,16,3,3,980.45,467.94
2025-01-16,MT02,188.26,1685,19,3,0,0,0.0,0.0
2025-01-16,MT03,191.46,4879,69,8,2,2,1613.12,948.89
2025-01-16,OR01,0.0,2474,75,12,2,2,2007.3,1045.47
2025-01-16,OR02,0.0,9804,101,13,2,2,1477.0,785.64
2025-01-16,TT01,296.04,2480,47,4,2,2,507.88,338.59
2025-01-16,TT02,148.01,1016,16,2,0,0,0.0,0.0
2025-01-17,EM01,14.69,89,3,1,0,0,0.0,0.0
2025-01-17,EM02,40.81,1574,38,12,1,1,1011.5,561.94
2025-01-17,EM03,54.98,1475,30,1,0,0,0.0,0.0
2025-01-17,GG01,40.61,142,10,2,1,1,695.96,301.35
2025-01-17,GG02,1319.35,3150,111,21,4,4,3141.28,1634.39
2025-01-17,GG03,257.35,2134,29,5,1,1,628.46,293.28
2025-01-17,MT01,1042.04,14322,123,17,3,3,1866.99,1011.76
2025-01-17,MT02,67.91,736,8,1,0,0,0.0,0.0
2025-01-17,MT03,126.81,3116,43,4,1,1,425.68,250.4
2025-01-17,OR01,0.0,5932,169,32,5,4,1965.03,991.45
2025-01-17,OR02,0.0,1845,17,2,0,0,0.0,0.0
2025-01-17,TT01,109.17,889,19,2,1,1,722.54,481.69
2025-01-17,TT02,171.99,1198,20,2,0,0,0.0,0.0
2025-01-18,EM01,59.82,539,16,7,1,1,333.69,159.26
2025-01-18,EM02,77.65,2479,61,18,2,1,1181.28,551.26
2025-01-18,EM03,28.37,928,20,1,0,0,0.0,0.0
2025-01-18,GG01,283.9,540,49,11,6,5,4634.57,2216.09
2025-01-18,GG02,2183.21,4344,182,33,7,7,4564.04,2367.01
2025-01-18,GG03,453.88,4695,57,7,2,2,1410.71,783.73
2025-01-18,MT01,544.44,10462,79,8,2,2,767.88,366.48
2025-01-18,MT02,1832.77,20035,217,34,7,7,3614.57,1848.17
2025-01-18,MT03,241.32,4775,71,7,3,2,1452.42,807.07
2025-01-18,OR01,0.0,4080,123,21,4,4,2496.23,1158.09
2025-01-18,OR02,0.0,13681,123,16,3,3,1837.05,820.81
2025-01-18,TT01,63.68,427,10,1,0,0,0.0,0.0
2025-01-18,TT02,856.2,6525,100,10,3,3,1018.01,548.16
2025-01-19,EM01,39.55,365,9,4,0,0,0.0,0.0
2025-01-19,EM02,104.07,4576,98,27,3,2,1979.29,1028.46
2025-01-19,EM03,41.8,1093,27,1,0,0,0.0,0.0
2025-01-19,GG01,44.8,145,10,2,1,1,1753.75,903.99
2025-01-19,GG02,955.69,2006,65,11,2,2,441.26,197.16
2025-01-19,GG03,14.52,162,2,0,0,0,0.0,0.0
2025-01-19,MT01,649.6,10459,98,10,3,3,1732.71,913.67
2025-01-19,MT02,342.63,4788,52,7,2,2,1465.0,813.89
2025-01-19,MT03,157.92,4334,67,7,3,2,474.59,234.51
2025-01-19,OR01,0.0,3003,104,19,3,3,3081.72,1605.06
2025-01-19,OR02,0.0,7020,65,5,1,1,1104.09,587.28
2025-01-19,TT01,178.25,1003,22,2,1,1,319.51,178.93
2025-01-19,TT02,659.3,4502,72,8,3,3,905.15,557.1
2025-01-20,EM01,20.47,201,6,3,0,0,0.0,0.0
2025-01-20,EM02,1.5,38,1,0,0,0,0.0,0.0
2025-01-20,EM03,5.63,218,4,0,0,0,0.0,0.0
2025-01-20,GG01,230.41,518,42,12,5,4,4835.06,2456.73
2025-01-20,GG02,754.42,1809,55,12,2,2,3142.54,1671.57
2025-01-20,GG03,359.87,4166,51,8,3,3,2887.64,1578.0
2025-01-20,MT01,14.99,233,2,0,0,0,0.0,0.0
2025-01-20,MT02,290.87,4465,41,5,1,1,810.49,450.27
2025-01-20,MT03,35.11,624,11,1,0,0,0.0,0.0
2025-01-20,OR01,0.0,3613,126,23,4,3,2594.22,1235.47
2025-01-20,OR02,0.0,7036,74,8,2,1,780.49,348.73
2025-01-20,TT01,323.7,1890,45,4,2,2,837.0,468.72
2025-01-20,TT02,475.13,3561,62,5,3,3,1769.5,1060.91
2025-01-21,EM01,115.99,840,30,14,3,3,1598.89,883.13
2025-01-21,EM02,47.61,1628,39,12,1,0,0.0,0.0
2025-01-21,EM03,30.8,1010,20,1,0,0,0.0,0.0
2025-01-21,GG01,124.74,342,28,7,3,2,2420.37,1201.68
2025-01-21,GG02,1328.49,2365,102,20,3,3,1442.13,740.93
2025-01-21,GG03,372.98,3588,45,6,2,2,1320.28,686.66
2025-01-21,MT01,1116.23,19166,169,22,5,5,3460.99,1852.76
2025-01-21,MT02,163.56,2334,26,4,1,1,407.68,190.25
2025-01-21,MT03,44.26,1250,16,1,0,0,0.0,0.0
2025-01-21,OR01,0.0,1097,39,8,1,1,913.56,475.81
2025-01-21,OR02,0.0,4171,43,7,1,1,979.75,521.15
2025-01-21,TT01,359.23,2657,58,5,3,3,1178.21,739.38
2025-01-21,TT02,346.89,3691,50,5,2,2,842.52,453.67
2025-01-22,EM01,84.22,761,26,11,2,2,763.77,433.96
2025-01-22,EM02,44.37,1392,36,12,1,0,1448.98,804.99
2025-01-22,EM03,34.12,1004,19,1,0,0,0.0,0.0
2025-01-22,GG01,43.14,77,7,2,0,0,0.0,0.0
2025-01-22,GG02,411.04,871,29,6,1,1,463.93,207.29
2025-01-22,GG03,523.42,4536,63,9,3,3,3172.43,1717.1
2025-01-22,MT01,667.71,12486,117,15,3,3,1575.56,895.21
2025-01-22,MT02,706.19,9322,101,11,3,3,1166.13,603.18
2025-01-22,MT03,156.91,3886,56,6,2,2,1102.11,624.23
2025-01-22,OR01,0.0,8055,192,36,7,5,4594.18,2216.73
2025-01-22,OR02,0.0,6936,75,10,2,2,1531.54,747.67
2025-01-22,TT01,503.08,3234,69,7,3,3,454.43,254.48
2025-01-22,TT02,67.86,465,8,1,0,0,0.0,0.0
2025-01-23,EM01,32.86,293,8,4,0,0,0.0,0.0
2025-01-23,EM02,44.65,1584,41,11,1,0,302.22,141.03
2025-01-23,EM03,19.88,803,14,1,0,0,0.0,0.0
2025-01-23,GG01,68.09,205,15,4,1,1,385.13,166.76
2025-01-23,GG02,793.95,1830,58,13,2,2,1456.34,774.64
2025-01-23,GG03,521.02,6458,70,11,3,3,1750.07,944.13
2025-01-23,MT01,1396.18,23011,210,27,6,6,2958.36,1528.28
2025-01-23,MT02,1322.48,13182,153,23,5,5,1635.52,763.24
2025-01-23,MT03,85.01,1439,22,3,1,1,278.22,137.48
2025-01-23,OR01,0.0,4614,154,28,5,4,4055.14,2080.87
2025-01-23,OR02,0.0,1226,13,1,0,0,0.0,0.0
2025-01-23,TT01,45.51,314,6,1,0,0,0.0,0.0
2025-01-23,TT02,417.24,3500,52,5,3,3,794.13,427.61
2025-01-24,EM01,33.0,313,9,4,0,0,0.0,0.0
2025-01-24,EM02,41.58,1529,38,12,1,1,366.75,171.15
2025-01-24,EM03,18.59,543,13,1,0,0,0.0,0.0
2025-01-24,GG01,159.63,404,31,8,3,2,2557.45,1283.91
2025-01-24,GG02,99.69,203,7,1,0,0,0.0,0.0
2025-01-24,GG03,924.89,8303,102,14,5,5,3124.64,1658.22
2025-01-24,MT01,563.08,7964,74,10,2,2,768.58,366.82
2025-01-24,MT02,370.97,5070,54,8,2,2,1733.58,963.1
2025-01-24,MT03,163.04,4041,54,6,2,0,991.27,557.28
2025-01-24,OR01,0.0,5363,168,35,5,4,4759.18,2377.17
2025-01-24,OR02,0.0,4922,40,5,0,0,0.0,0.0
2025-01-24,TT01,270.61,2051,46,4,2,2,899.27,575.63
2025-01-24,TT02,385.05,3318,49,4,2,2,341.33,183.79
2025-01-25,EM01,102.37,864,25,12,2,2,2098.7,1140.84
2025-01-25,EM02,54.36,2148,47,13,1,1,0.0,0.0
2025-01-25,EM03,3.57,110,2,0,0,0,0.0,0.0
2025-01-25,GG01,13.05,37,3,1,0,0,0.0,0.0
2025-01-25,GG02,811.0,1830,62,12,2,2,1750.31,931.02
2025-01-25,GG03,984.97,9897,109,18,4,4,2672.35,1413.72
2025-01-25,MT01,1137.44,14335,147,17,4,4,908.51,433.6
2025-01-25,MT02,63.45,685,8,1,0,0,0.0,0.0
2025-01-25,MT03,192.87,4649,68,7,3,3,1981.61,1165.66
2025-01-25,OR01,0.0,5690,153,24,5,5,2968.88,1481.92
2025-01-25,OR02,0.0,5885,58,7,1,1,374.86,167.49
2025-01-25,TT01,382.76,2582,56,5,3,3,663.8,371.73
2025-01-25,TT02,645.4,3896,65,7,3,3,956.22,559.1
2025-01-26,EM01,40.31,385,11,5,1,1,673.96,382.93
2025-01-26,EM02,95.9,3061,70,22,2,1,1710.03,922.1
2025-01-26,EM03,24.95,932,18,1,0,0,0.0,0.0
2025-01-26,GG01,172.24,378,33,8,3,1,3434.65,1703.58
2025-01-26,GG02,619.8,1512,46,8,2,2,1141.96,510.24
2025-01-26,GG03,313.77,3876,46,9,2,2,929.62,474.7
2025-01-26,MT01,1073.57,24268,172,20,4,4,3065.89,1741.98
2025-01-26,MT02,233.37,2916,33,6,1,1,461.91,215.56
2025-01-26,MT03,15.78,353,6,1,0,0,0.0,0.0
2025-01-26,OR01,0.0,5849,159,24,6,5,4977.42,2548.2
2025-01-26,OR02,0.0,8485,92,12,2,2,528.17,235.99
2025-01-26,TT01,675.77,4623,101,8,4,4,1997.82,1187.41
2025-01-26,TT02,207.0,1462,22,2,1,1,687.13,440.47
2025-01-27,EM01,4.72,39,1,1,0,0,0.0,0.0
2025-01-27,EM02,131.8,3107,87,25,3,1,2201.0,1155.79
2025-01-27,EM03,55.64,1828,33,2,0,0,0.0,0.0
2025-01-27,GG01,216.98,706,51,12,5,4,3083.87,1568.99
2025-01-27,GG02,1078.25,2817,82,17,3,3,1933.63,994.75
2025-01-27,GG03,604.38,5641,64,9,3,3,669.02,312.21
2025-01-27,MT01,469.15,11389,89,14,2,2,1442.29,785.5
2025-01-27,MT02,517.5,7037,65,11,2,2,951.75,444.16
2025-01-27,MT03,238.97,4939,74,7,4,2,1508.76,798.2
2025-01-27,OR01,0.0,2071,67,12,2,0,1973.63,1027.93
2025-01-27,OR02,0.0,215,2,0,0,0,0.0,0.0
2025-01-27,TT01,320.74,2438,49,4,2,2,337.92,189.24
2025-01-27,TT02,441.08,3777,52,5,2,2,639.69,390.0
2025-01-28,EM01,46.21,425,12,5,1,1,1227.98,697.71
2025-01-28,EM02,45.09,1681,41,13,1,0,1283.64,713.13
2025-01-28,EM03,35.56,1359,24,1,0,0,0.0,0.0
2025-01-28,GG01,55.17,171,14,3,1,1,1388.94,715.95
2025-01-28,GG02,1678.61,3697,126,21,4,4,2302.89,1082.7
2025-01-28,GG03,298.31,2991,37,5,2,2,598.77,332.65
2025-01-28,MT01,594.73,11603,89,11,2,2,1104.81,591.99
2025-01-28,MT02,375.04,4776,53,8,2,2,756.92,420.51
2025-01-28,MT03,100.48,2416,38,3,1,0,594.03,349.43
2025-01-28,OR01,0.0,4542,144,26,4,2,3503.73,1782.55
2025-01-28,OR02,0.0,16688,138,17,3,3,1793.06,918.16
2025-01-28,TT01,563.03,3183,84,8,5,5,1386.52,832.44
2025-01-28,TT02,175.42,1635,24,2,1,1,351.46,189.25
2025-01-29,EM01,46.32,389,12,5,1,1,744.48,423.0
2025-01-29,EM02,33.88,909,27,9,1,1,799.52,444.18
2025-01-29,EM03,47.07,1575,32,2,0,0,0.0,0.0
2025-01-29,GG01,143.01,360,30,8,3,0,1175.89,509.15
2025-01-29,GG02,416.47,788,31,7,1,1,0.0,0.0
2025-01-29,GG03,678.74,7287,88,14,4,4,3063.79,1675.61
2025-01-29,MT01,611.22,8958,85,9,2,2,947.63,519.45
2025-01-29,MT02,600.44,6197,75,12,2,2,1267.45,653.51
2025-01-29,MT03,210.61,5368,84,9,4,3,1179.29,582.71
2025-01-29,OR01,0.0,3271,99,18,3,3,2714.96,1329.47
2025-01-29,OR02,0.0,13161,124,16,3,1,2832.61,1420.28
2025-01-29,TT01,656.96,4777,92,8,5,5,955.98,597.06
2025-01-29,TT02,714.09,3395,55,5,2,2,1084.14,662.37
2025-01-30,EM01,52.79,456,14,6,1,1,741.65,421.39
2025-01-30,EM02,80.95,3393,88,26,3,1,868.16,456.12
2025-01-30,EM03,32.0,1299,19,1,0,0,0.0,0.0
2025-01-30,GG01,125.18,381,27,7,2,0,1759.27,906.84
2025-01-30,GG02,438.85,946,34,6,1,1,793.66,422.16
2025-01-30,GG03,238.7,2091,27,4,1,1,531.84,248.19
2025-01-30,MT01,85.76,1124,11,1,0,0,0.0,0.0
2025-01-30,MT02,190.85,2957,28,4,1,1,1110.19,616.77
2025-01-30,MT03,208.45,6302,81,9,4,2,3298.8,1914.3
2025-01-30,OR01,0.0,5991,192,34,5,4,3619.92,1818.06
2025-01-30,OR02,0.0,9074,89,10,2,2,1111.39,556.58
2025-01-30,TT01,273.5,2122,44,4,2,2,301.47,168.82
2025-01-30,TT02,192.24,1617,22,2,1,1,256.85,138.31
2025-01-31,EM01,44.69,382,11,5,1,1,591.3,282.21
2025-01-31,EM02,45.07,1331,30,9,1,0,394.03,183.88
2025-01-31,EM03,8.63,342,6,0,0,0,0.0,0.0
2025-01-31,GG01,90.94,238,18,4,2,2,1092.83,519.51
2025-01-31,GG02,751.49,1828,63,13,2,2,1261.58,635.43
2025-01-31,GG03,227.28,2426,29,4,1,1,1399.51,777.5
2025-01-31,MT01,323.16,4811,38,5,1,1,1281.55,728.16
2025-01-31,MT02,108.06,1354,15,2,0,0,0.0,0.0
2025-01-31,MT03,188.51,4786,68,8,2,0,1386.81,685.25
2025-01-31,OR01,0.0,3603,101,19,3,2,2425.3,1230.87
2025-01-31,OR02,0.0,10170,130,15,4,2,749.22,334.75
2025-01-31,TT01,148.06,911,22,2,1,1,497.18,331.45
2025-01-31,TT02,574.78,4587,70,6,4,4,1316.58,758.06
2025-02-01,EM01,16.52,108,4,2,0,0,0.0,0.0
2025-02-01,EM02,49.76,1790,47,14,2,1,985.43,547.46
2025-02-01,EM03,16.47,483,10,0,0,0,0.0,0.0
2025-02-01,GG01,74.57,271,17,4,2,1,1381.78,674.17
2025-02-01,GG02,774.51,1491,59,11,2,2,1435.96,763.81
2025-02-01,GG03,306.61,4017,47,6,2,2,2420.07,1344.48
2025-02-01,MT01,625.81,7557,74,8,2,2,660.59,315.28
2025-02-01,MT02,730.1,11349,112,16,3,3,1622.96,835.06
2025-02-01,MT03,150.25,3102,43,4,2,2,805.81,474.01
2025-02-01,OR01,0.0,12771,286,52,9,6,4283.31,2061.26
2025-02-01,OR02,0.0,1125,12,2,0,0,0.0,0.0
2025-02-01,TT01,403.3,3217,78,8,5,5,870.94,524.85
2025-02-01,TT02,436.22,4077,57,5,3,3,1177.45,634.01
2025-02-02,EM01,43.48,491,12,6,1,1,502.52,285.52
2025-02-02,EM02,97.01,2915,77,22,3,1,2284.84,1173.96
2025-02-02,EM03,16.83,511,11,1,0,0,0.0,0.0
2025-02-02,GG01,197.71,405,32,8,4,3,2715.7,1347.78
2025-02-02,GG02,1393.47,2981,98,23,4,4,3271.56,1670.24
2025-02-02,GG03,215.58,2068,28,5,1,1,352.65,164.57
2025-02-02,MT01,914.79,17995,132,18,3,3,1054.33,503.21
2025-02-02,MT02,1438.73,22037,217,35,7,7,4355.86,2395.71
2025-02-02,MT03,104.6,2414,32,3,1,1,363.71,213.95
2025-02-02,OR01,0.0,5297,166,29,6,6,4554.46,2312.36
2025-02-02,OR02,0.0,5771,55,7,1,1,545.04,243.53
2025-02-02,TT01,411.51,2631,66,6,3,3,1106.85,674.54
2025-02-02,TT02,8.02,69,1,0,0,0,0.0,0.0
2025-02-03,EM01,3.9,32,1,0,0,0,0.0,0.0
2025-02-03,EM02,39.09,1304,27,8,1,1,687.77,382.09
2025-02-03,EM03,24.25,840,19,1,0,0,0.0,0.0
2025-02-03,GG01,224.68,698,45,10,5,2,2765.66,1301.36
2025-02-03,GG02,980.27,1827,70,15,2,2,2370.01,1260.64
2025-02-03,GG03,463.1,5310,62,9,3,3,1832.21,990.86
2025-02-03,MT01,467.12,7313,65,8,1,1,826.15,469.4
2025-02-03,MT02,528.97,6658,70,10,3,3,2104.85,1114.83
2025-02-03,MT03,127.5,3371,47,4,2,1,1163.99,575.15
2025-02-03,OR01,0.0,4204,134,25,4,2,2806.8,1426.99
2025-02-03,OR02,0.0,5035,42,6,1,1,836.01,444.69
2025-02-03,TT01,321.21,2977,61,6,3,3,2037.34,1333.3
2025-02-03,TT02,29.53,274,4,0,0,0,0.0,0.0
2025-02-04,EM01,67.34,479,16,7,1,1,480.64,273.09
2025-02-04,EM02,7.21,293,7,2,0,0,0.0,0.0
2025-02-04,EM03,10.95,331,7,0,0,0,0.0,0.0
2025-02-04,GG01,11.93,40,3,1,0,0,0.0,0.0
2025-02-04,GG02,1442.12,3614,105,19,4,4,2033.34,985.81
2025-02-04,GG03,530.72,6012,67,10,3,3,1447.96,771.41
2025-02-04,MT01,760.96,17309,129,15,3,3,2759.0,1535.82
2025-02-04,MT02,590.76,7795,82,15,3,3,1154.35,641.31
2025-02-04,MT03,177.15,3942,55,5,2,2,789.89,442.96
2025-02-04,OR01,0.0,5133,143,24,4,2,1277.54,558.93
2025-02-04,OR02,0.0,9024,90,11,2,1,1330.92,678.29
2025-02-04,TT01,373.93,2981,59,5,3,3,1439.47,886.3
2025-02-04,TT02,521.4,4728,73,8,3,3,1211.59,712.13
2025-02-05,EM01,38.05,266,8,4,0,0,0.0,0.0
2025-02-05,EM02,26.15,1025,23,8,1,0,815.74,453.19
2025-02-05,EM03,12.06,413,8,0,0,0,0.0,0.0
2025-02-05,GG01,315.71,960,71,17,8,6,4418.31,2090.1
2025-02-05,GG02,240.61,426,17,3,0,0,0.0,0.0
2025-02-05,GG03,164.37,1879,19,3,1,1,971.7,539.83
2025-02-05,MT01,324.8,3781,41,5,1,1,554.89,264.83
2025-02-05,MT02,6.69,86,1,0,0,0,0.0,0.0
2025-02-05,MT03,122.57,3412,48,5,2,1,582.98,288.06
2025-02-05,OR01,0.0,6882,265,47,7,7,5335.09,2757.02
2025-02-05,OR02,0.0,10055,91,11,2,2,1103.86,537.22
2025-02-05,TT01,371.71,3066,65,5,4,4,1511.69,961.75
2025-02-05,TT02,168.89,1343,21,2,1,1,174.19,93.8
2025-02-06,EM01,4.48,31,1,0,0,0,0.0,0.0
2025-02-06,EM02,24.16,816,18,6,0,0,0.0,0.0
2025-02-06,EM03,6.27,241,5,0,0,0,0.0,0.0
2025-02-06,GG01,111.67,291,23,4,2,2,2464.44,1270.34
2025-02-06,GG02,1613.43,5305,145,33,5,5,3155.34,1600.46
2025-02-06,GG03,747.93,8398,101,16,4,4,2965.55,1588.49
2025-02-06,MT01,976.24,12883,121,15,3,3,922.59,440.33
2025-02-06,MT02,1414.4,18103,197,26,6,6,3091.26,1519.93
2025-02-06,MT03,108.69,3055,45,4,2,0,1328.39,748.88
2025-02-06,OR01,0.0,3780,111,24,4,1,2880.24,1402.03
2025-02-06,OR02,0.0,4323,41,6,1,1,351.48,157.04
2025-02-06,TT01,949.47,7237,144,12,8,8,3109.37,1886.2
2025-02-06,TT02,408.96,2845,44,4,2,2,749.78,403.73
2025-02-07,EM01,46.23,447,11,5,1,1,875.77,497.6
2025-02-07,EM02,58.48,2146,54,17,2,0,1122.6,583.12
2025-02-07,EM03,8.29,335,6,0,0,0,0.0,0.0
2025-02-07,GG01,83.15,239,18,6,2,2,1077.99,555.67
2025-02-07,GG02,1049.83,1887,74,15,3,3,1820.96,897.56
2025-02-07,GG03,249.54,2101,26,4,1,1,957.56,531.98
2025-02-07,MT01,1300.13,30231,236,26,6,6,4380.95,2327.72
2025-02-07,MT02,297.03,5100,49,6,2,2,393.26,183.52
2025-02-07,MT03,129.98,2447,36,4,1,0,524.79,308.7
2025-02-07,OR01,0.0,4985,164,29,5,2,4095.18,2029.29
2025-02-07,OR02,0.0,10340,104,11,2,2,1073.83,522.04
2025-02-07,TT01,95.56,782,16,2,1,1,721.84,481.22
2025-02-07,TT02,294.16,2261,36,4,1,1,410.74,263.29
2025-02-08,EM01,111.68,803,24,10,2,2,1065.98,551.44
2025-02-08,EM02,93.5,3874,88,27,3,2,1113.13,519.46
2025-02-08,EM03,17.69,625,11,1,0,0,0.0,0.0
2025-02-08,GG01,116.71,319,23,6,2,2,2228.65,1148.79
2025-02-08,GG02,917.17,1617,69,11,3,3,2435.04,1295.23
2025-02-08,GG03,307.82,2610,37,5,1,1,957.26,531.81
2025-02-08,MT01,390.75,5837,54,6,1,1,852.7,484.49
2025-02-08,MT02,413.36,5258,59,9,2,2,1551.62,810.64
2025-02-08,MT03,368.68,6159,99,11,4,2,1386.6,744.43
2025-02-08,OR01,0.0,7863,201,42,5,2,2439.63,1251.21
2025-02-08,OR02,0.0,15758,169,21,5,3,2642.03,1347.46
2025-02-08,TT01,48.41,317,8,1,0,0,0.0,0.0
2025-02-08,TT02,375.51,5155,63,6,3,3,1541.61,988.21
2025-02-09,EM01,58.43,584,17,8,1,1,1292.59,734.43
2025-02-09,EM02,13.45,398,10,3,0,0,0.0,0.0
2025-02-09,EM03,23.93,852,16,1,0,0,0.0,0.0
2025-02-09,GG01,311.37,842,67,19,6,5,4421.35,2190.17
2025-02-09,GG02,3210.68,8640,268,57,7,7,5903.39,3103.33
2025-02-09,GG03,473.57,4319,54,8,2,2,2455.82,1364.34
2025-02-09,MT01,515.22,8092,72,10,2,2,1035.73,588.49
2025-02-09,MT02,176.18,1927,23,4,1,1,687.9,382.17
2025-02-09,MT03,249.52,5887,91,8,4,3,2255.86,1295.96
2025-02-09,OR01,0.0,4306,141,29,5,3,4493.46,2300.02
2025-02-09,OR02,0.0,5612,55,6,1,1,1005.82,535.01
2025-02-09,TT01,434.46,2613,65,5,3,3,401.84,225.03
2025-02-09,TT02,409.99,2769,41,4,2,2,499.6,269.02
2025-02-10,EM01,65.87,502,14,6,1,1,599.04,285.91
2025-02-10,EM02,86.06,2688,68,20,2,2,1607.82,893.24
2025-02-10,EM03,34.64,1372,28,1,0,0,0.0,0.0
2025-02-10,GG01,67.19,200,17,4,2,1,1470.78,720.27
2025-02-10,GG02,692.15,1537,59,13,2,2,834.92,444.11
2025-02-10,GG03,323.79,3740,42,6,2,2,1268.47,665.71
2025-02-10,MT01,57.1,775,7,1,0,0,0.0,0.0
2025-02-10,MT02,278.24,3024,39,5,1,1,372.69,173.92
2025-02-10,MT03,305.39,8164,118,12,6,4,2111.39,1125.11
2025-02-10,OR01,0.0,5700,172,34,6,6,3057.39,1527.52
2025-02-10,OR02,0.0,21534,172,22,4,3,2124.41,1113.54
2025-02-10,TT01,151.32,1114,24,2,1,1,488.53,273.58
2025-02-10,TT02,354.6,3177,51,5,2,2,786.92,423.73
2025-02-11,EM01,81.0,628,20,9,1,1,224.43,107.11
2025-02-11,EM02,43.53,1625,39,13,1,1,328.76,153.42
2025-02-11,EM03,58.41,1770,31,2,0,0,0.0,0.0
2025-02-11,GG01,47.72,143,12,3,1,1,1073.93,553.57
2025-02-11,GG02,68.13,178,6,1,0,0,0.0,0.0
2025-02-11,GG03,348.64,2932,36,6,1,1,932.87,518.26
2025-02-11,MT01,532.99,7367,75,10,2,2,834.82,445.09
2025-02-11,MT02,243.65,3244,35,6,1,1,0.0,0.0
2025-02-11,MT03,297.06,6499,95,7,4,2,2183.73,1207.6
2025-02-11,OR01,0.0,10553,321,56,10,9,6186.83,3071.07
2025-02-11,OR02,0.0,4458,55,8,1,1,396.87,177.33
2025-02-11,TT01,451.25,2618,67,6,3,3,525.05,294.03
2025-02-11,TT02,155.12,1476,21,2,1,1,0.0,0.0
2025-02-12,EM01,44.77,396,12,5,1,1,437.75,208.92
2025-02-12,EM02,56.0,1585,36,11,1,1,950.54,528.08
2025-02-12,EM03,6.48,202,4,0,0,0,0.0,0.0
2025-02-12,GG01,103.19,258,20,5,2,2,1530.9,756.8
2025-02-12,GG02,718.92,1253,43,8,1,1,728.06,387.26
2025-02-12,GG03,1094.18,7946,120,20,6,6,3134.87,1631.16
2025-02-12,MT01,609.33,9039,86,10,3,3,2223.16,1263.16
2025-02-12,MT02,820.59,10034,118,18,4,4,1542.72,719.94
2025-02-12,MT03,221.78,4440,71,7,3,2,1951.75,1057.48
2025-02-12,OR01,0.0,5466,158,27,5,4,3052.18,1424.9
2025-02-12,OR02,0.0,10331,105,14,2,2,1574.96,808.72
2025-02-12,TT01,259.36,1845,45,4,2,2,1059.8,673.41
2025-02-12,TT02,398.23,3287,43,4,2,2,352.42,225.91
2025-02-13,EM01,54.02,480,14,5,1,1,687.96,390.89
2025-02-13,EM02,28.81,1223,31,10,1,0,331.64,154.77
2025-02-13,EM03,36.92,1840,30,1,0,0,0.0,0.0
2025-02-13,GG01,4.22,12,1,0,0,0,0.0,0.0
2025-02-13,GG02,1287.17,2046,81,15,3,3,3206.12,1705.39
2025-02-13,GG03,133.39,1536,19,3,1,1,465.56,217.26
2025-02-13,MT01,795.26,13751,108,13,2,2,1306.52,623.57
2025-02-13,MT02,459.77,5772,55,9,2,2,292.28,136.4
2025-02-13,MT03,111.35,2565,39,4,1,0,754.66,443.92
2025-02-13,OR01,0.0,4530,126,23,4,2,1909.14,889.12
2025-02-13,OR02,0.0,2746,28,3,0,0,0.0,0.0
2025-02-13,TT01,62.62,525,10,1,0,0,0.0,0.0
2025-02-13,TT02,115.33,810,13,1,0,0,0.0,0.0
2025-02-14,EM01,70.9,563,16,8,1,1,1705.31,968.93
2025-02-14,EM02,16.0,686,16,6,0,0,0.0,0.0
2025-02-14,EM03,6.88,210,5,0,0,0,0.0,0.0
2025-02-14,GG01,103.11,267,21,5,2,1,1072.12,518.85
2025-02-14,GG02,1012.71,1682,75,13,3,3,886.03,471.29
2025-02-14,GG03,653.49,6784,82,12,4,4,3701.8,2031.15
2025-02-14,MT01,365.16,5289,56,7,1,1,926.03,526.16
2025-02-14,MT02,750.01,11055,116,16,4,4,2693.29,1437.17
2025-02-14,MT03,160.26,3809,59,6,3,2,220.12,108.77
2025-02-14,OR01,0.0,3918,112,19,4,4,2470.8,1206.5
2025-02-14,OR02,0.0,9204,95,12,2,0,1696.74,844.63
2025-02-14,TT01,21.42,147,3,0,0,0,0.0,0.0
2025-02-14,TT02,319.08,2354,33,3,1,1,674.04,432.08
2025-02-15,EM01,22.83,178,6,3,0,0,0.0,0.0
2025-02-15,EM02,8.11,220,6,2,0,0,0.0,0.0
2025-02-15,EM03,45.81,1380,27,2,0,0,0.0,0.0
2025-02-15,GG01,204.29,631,47,10,6,4,2827.76,1362.17
2025-02-15,GG02,924.01,1729,63,12,2,2,1145.61,609.36
2025-02-15,GG03,580.28,4448,53,8,3,3,4683.66,2550.23
2025-02-15,MT01,127.53,2255,21,3,0,0,0.0,0.0
2025-02-15,MT02,565.35,7725,83,12,3,3,1394.82,724.08
2025-02-15,MT03,303.52,6784,90,10,4,0,1809.01,970.94
2025-02-15,OR01,0.0,3471,116,22,4,3,3352.81,1681.17
2025-02-15,OR02,0.0,27370,248,28,5,4,1712.99,765.38
2025-02-15,TT01,527.14,2676,78,7,5,5,1070.99,599.76
2025-02-15,TT02,335.09,2500,37,3,2,2,967.26,520.84
2025-02-16,EM01,8.09,62,2,1,0,0,0.0,0.0
2025-02-16,EM02,19.1,792,19,6,0,0,0.0,0.0
2025-02-16,EM03,39.54,1269,24,1,0,0,0.0,0.0
2025-02-16,GG01,199.57,589,45,13,5,3,3441.55,1743.5
2025-02-16,GG02,1143.34,2671,88,14,4,4,2175.88,1106.58
2025-02-16,GG03,465.37,4413,46,7,2,2,1954.63,1085.9
2025-02-16,MT01,1260.91,21338,188,25,5,5,2286.58,1183.92
2025-02-16,MT02,593.14,7983,86,14,3,3,2350.27,1237.71
2025-02-16,MT03,40.68,864,13,1,0,0,0.0,0.0
2025-02-16,OR01,0.0,4648,136,26,4,3,4151.09,2162.02
2025-02-16,OR02,0.0,7837,73,8,1,0,681.12,362.3
2025-02-16,TT01,530.84,3317,82,7,4,4,1168.25,689.26
2025-02-16,TT02,266.51,1590,29,3,1,1,644.99,413.45
2025-02-17,EM01,33.71,200,8,4,0,0,0.0,0.0
2025-02-17,EM02,44.68,1301,39,11,1,0,895.61,497.56
2025-02-17,EM03,18.31,662,11,1,0,0,0.0,0.0
2025-02-17,GG01,218.92,748,54,13,5,4,3007.12,1420.07
2025-02-17,GG02,705.79,1651,60,11,3,3,1778.02,945.75
2025-02-17,GG03,201.79,2118,24,4,1,1,1085.27,602.93
2025-02-17,MT01,110.49,1749,17,2,0,0,0.0,0.0
2025-02-17,MT02,587.6,6178,68,12,2,2,1221.87,645.08
2025-02-17,MT03,148.56,3323,52,5,3,1,1777.68,1004.68
2025-02-17,OR01,0.0,4262,115,23,4,2,1843.3,891.2
2025-02-17,OR02,0.0,24543,245,27,5,3,2660.13,1388.74
2025-02-17,TT01,235.81,1777,41,4,2,2,378.01,211.69
2025-02-17,TT02,120.58,942,16,1,0,0,0.0,0.0
2025-02-18,EM01,124.44,877,28,13,2,2,240.85,114.95
2025-02-18,EM02,50.39,1510,37,12,1,1,616.05,342.25
2025-02-18,EM03,21.86,977,20,1,0,0,0.0,0.0
2025-02-18,GG01,151.87,370,29,7,3,1,1694.23,807.44
2025-02-18,GG02,716.07,1612,57,11,2,2,1242.1,660.69
2025-02-18,GG03,407.69,3302,43,6,2,2,1835.46,1019.7
2025-02-18,MT01,787.87,13275,114,12,3,3,1737.67,895.76
2025-02-18,MT02,92.46,931,10,1,0,0,0.0,0.0
2025-02-18,MT03,106.86,2401,40,4,2,0,1323.59,719.97
2025-02-18,OR01,0.0,3428,110,18,3,2,1358.56,638.47
2025-02-18,OR02,0.0,25614,255,26,6,4,4098.39,2062.78
2025-02-18,TT01,326.62,2266,57,4,3,3,895.26,544.67
2025-02-18,TT02,407.32,3312,53,6,2,2,671.3,361.47
2025-02-19,EM01,50.91,509,15,7,1,1,577.29,328.0
2025-02-19,EM02,49.48,1732,50,14,2,1,1381.47,734.35
2025-02-19,EM03,65.03,2060,38,2,0,0,0.0,0.0
2025-02-19,GG01,208.42,529,46,12,6,2,3069.62,1416.63
2025-02-19,GG02,1005.94,2544,84,14,3,3,2586.54,1346.43
2025-02-19,GG03,503.66,5275,64,10,3,3,2904.02,1550.88
2025-02-19,MT01,1347.29,17304,138,17,4,4,3416.4,1874.34
2025-02-19,MT02,503.84,4806,59,9,2,2,902.75,421.28
2025-02-19,MT03,296.62,5785,97,9,4,2,1660.75,917.15
2025-02-19,OR01,0.0,3938,123,19,5,2,5430.66,2755.49
2025-02-19,OR02,0.0,8055,76,9,2,1,900.13,402.19
2025-02-19,TT01,12.26,98,2,0,0,0,0.0,0.0
2025-02-19,TT02,554.82,4086,65,6,3,3,1267.57,812.54
2025-02-20,EM01,50.03,479,13,6,1,1,1124.9,639.15
2025-02-20,EM02,124.25,4297,97,31,3,1,2468.2,1286.18
2025-02-20,EM03,17.91,444,11,1,0,0,0.0,0.0
2025-02-20,GG01,122.09,241,20,6,2,2,1554.93,765.23
2025-02-20,GG02,403.15,767,32,7,1,1,482.91,215.77
2025-02-20,GG03,335.63,2756,36,5,1,1,0.0,0.0
2025-02-20,MT01,809.99,12857,109,12,3,3,1595.78,868.89
2025-02-20,MT02,151.78,2048,21,2,1,1,368.57,172.0
2025-02-20,MT03,280.21,6168,107,11,5,2,4226.18,2451.95
2025-02-20,OR01,0.0,11435,320,50,10,5,4089.39,1961.21
2025-02-20,OR02,0.0,4117,37,5,1,1,527.21,280.43
2025-02-20,TT01,551.93,3609,94,8,4,4,895.9,535.84
2025-02-20,TT02,204.39,1583,26,3,1,1,243.4,131.06
2025-02-21,EM01,118.87,961,27,11,2,2,1206.38,641.79
2025-02-21,EM02,43.93,1377,35,11,1,0,274.62,128.15
2025-02-21,EM03,28.69,742,15,1,0,0,0.0,0.0
2025-02-21,GG01,92.9,330,25,6,2,1,706.44,305.87
2025-02-21,GG02,399.19,868,32,7,1,1,0.0,0.0
2025-02-21,GG03,428.38,5253,60,12,2,2,1091.33,606.29
2025-02-21,MT01,622.52,11836,99,12,2,2,1346.96,765.31
2025-02-21,MT02,301.93,3314,37,6,1,1,394.19,183.95
2025-02-21,MT03,134.24,2894,41,4,2,1,1053.59,520.6
2025-02-21,OR01,0.0,3683,124,19,4,2,1731.44,757.5
2025-02-21,OR02,0.0,14021,120,12,3,2,2354.0,1197.27
2025-02-21,TT01,738.37,5537,122,10,6,6,2240.94,1299.81
2025-02-21,TT02,320.17,2486,38,4,2,2,624.67,336.36
2025-02-22,EM01,89.23,584,19,8,2,2,1528.09,803.12
2025-02-22,EM02,81.88,2645,67,22,2,1,1523.25,846.24
2025-02-22,EM03,5.79,216,4,0,0,0,0.0,0.0
2025-02-22,GG01,180.58,622,44,11,6,3,2872.67,1329.72
2025-02-22,GG02,1343.11,3403,104,26,4,4,1979.42,1024.59
2025-02-22,GG03,34.35,412,5,1,0,0,0.0,0.0
2025-02-22,MT01,19.19,313,3,0,0,0,0.0,0.0
2025-02-22,MT02,594.19,7233,77,10,3,3,1494.16,754.66
2025-02-22,MT03,72.03,1250,21,2,1,0,0.0,0.0
2025-02-22,OR01,0.0,7345,208,44,7,6,5775.03,2934.05
2025-02-22,OR02,0.0,8817,87,9,2,2,939.25,465.54
2025-02-22,TT01,609.19,4437,99,9,4,4,1870.18,1181.23
2025-02-22,TT02,38.42,292,4,0,0,0,0.0,0.0
2025-02-23,EM01,18.53,160,5,2,0,0,0.0,0.0
2025-02-23,EM02,82.26,1963,48,16,2,0,1771.91,984.39
2025-02-23,EM03,27.3,945,18,1,0,0,0.0,0.0
2025-02-23,GG01,177.53,445,35,8,3,1,1481.33,732.14
2025-02-23,GG02,1195.01,2269,84,17,3,3,2455.7,1306.23
2025-02-23,GG03,535.15,4264,50,8,2,2,806.64,448.13
2025-02-23,MT01,503.44,6777,62,7,1,1,1209.52,687.23
2025-02-23,MT02,484.03,5400,66,9,2,2,1488.38,826.88
2025-02-23,MT03,404.79,6678,111,13,5,1,3684.29,2122.37
2025-02-23,OR01,0.0,8399,238,42,6,4,4349.89,2144.46
2025-02-23,OR02,0.0,18550,214,27,5,2,2844.81,1418.67
2025-02-23,TT01,545.79,4560,87,7,5,5,1178.56,725.72
2025-02-23,TT02,153.85,1046,17,2,0,0,0.0,0.0
2025-02-24,EM01,24.55,181,5,2,0,0,0.0,0.0
2025-02-24,EM02,52.77,1575,41,12,1,0,649.33,360.74
2025-02-24,EM03,11.07,293,6,0,0,0,0.0,0.0
2025-02-24,GG01,152.56,421,36,9,4,2,2407.9,1117.03
2025-02-24,GG02,1054.59,2698,93,16,3,3,2167.26,1104.84
2025-02-24,GG03,371.29,3336,42,6,2,2,2473.12,1373.95
2025-02-24,MT01,1541.57,23984,225,25,6,6,2164.76,1033.18
2025-02-24,MT02,722.41,6841,85,13,3,3,3108.35,1726.86
2025-02-24,MT03,100.18,1982,37,4,1,0,1374.71,808.65
2025-02-24,OR01,0.0,4461,151,30,5,2,4401.7,2248.89
2025-02-24,OR02,0.0,15360,139,16,3,2,1650.03,818.38
2025-02-24,TT01,592.0,3655,88,7,4,4,1108.1,620.54
2025-02-24,TT02,222.83,1713,23,2,1,1,1014.88,650.56
2025-02-25,EM01,20.38,161,5,2,0,0,0.0,0.0
2025-02-25,EM02,131.8,3951,103,28,3,0,1438.57,671.34
2025-02-25,EM03,33.82,951,21,1,0,0,0.0,0.0
2025-02-25,GG01,304.08,764,58,15,6,4,2919.62,1365.67
2025-02-25,GG02,272.81,782,29,6,1,1,2091.36,1112.42
2025-02-25,GG03,189.29,1752,25,4,1,1,931.96,517.75
2025-02-25,MT01,333.64,5125,43,5,1,1,846.46,480.94
2025-02-25,MT02,501.16,6837,80,11,2,2,918.58,428.67
2025-02-25,MT03,146.54,3314,53,5,2,1,1138.09,629.01
2025-02-25,OR01,0.0,5079,145,24,5,2,3539.71,1759.71
2025-02-25,OR02,0.0,401,4,1,0,0,0.0,0.0
2025-02-25,TT01,216.46,1407,37,4,2,2,0.0,0.0
2025-02-25,TT02,186.04,1711,23,2,1,1,257.8,138.82
2025-02-26,EM01,81.66,780,24,13,2,2,664.52,317.15
2025-02-26,EM02,12.72,394,10,3,0,0,0.0,0.0
2025-02-26,EM03,7.26,299,6,0,0,0,0.0,0.0
2025-02-26,GG01,283.83,903,62,16,7,3,4993.9,2455.27
2025-02-26,GG02,1141.84,2159,78,17,3,3,1550.42,755.46
2025-02-26,GG03,179.72,1682,20,3,1,1,1397.01,776.12
2025-02-26,MT01,216.23,4625,36,5,1,1,432.26,206.31
2025-02-26,MT02,759.54,8270,91,15,3,3,1649.96,874.06
2025-02-26,MT03,142.01,2586,46,4,2,0,1839.09,1049.31
2025-02-26,OR01,0.0,5127,156,29,5,2,4871.13,2463.71
2025-02-26,OR02,0.0,3715,34,4,1,0,585.14,311.24
2025-02-26,TT01,84.36,632,14,1,1,1,0.0,0.0
2025-02-26,TT02,186.21,1507,23,2,1,1,319.13,171.84
2025-02-27,EM01,21.1,190,5,2,0,0,0.0,0.0
2025-02-27,EM02,98.01,3253,90,29,3,1,1512.61,787.18
2025-02-27,EM03,4.91,152,3,0,0,0,0.0,0.0
2025-02-27,GG01,162.07,463,36,9,4,2,2087.11,957.88
2025-02-27,GG02,283.49,657,23,4,0,0,0.0,0.0
2025-02-27,GG03,235.17,2337,27,5,1,1,1018.31,565.73
2025-02-27,MT01,587.77,10192,88,10,3,3,2004.57,1044.12
2025-02-27,MT02,287.89,3668,35,6,1,1,588.22,326.79
2025-02-27,MT03,472.86,7613,134,13,6,3,2888.07,1610.54
2025-02-27,OR01,0.0,4678,148,26,6,4,5870.51,2991.07
2025-02-27,OR02,0.0,7809,60,7,1,1,278.82,124.58
2025-02-27,TT01,561.4,4041,100,10,6,6,1577.36,921.64
2025-02-27,TT02,313.96,2252,34,3,1,1,649.72,416.49
2025-02-28,EM01,54.13,504,14,6,1,1,1186.97,674.41
2025-02-28,EM02,17.42,438,13,3,0,0,0.0,0.0
2025-02-28,EM03,9.43,352,7,0,0,0,0.0,0.0
2025-02-28,GG01,310.96,741,65,17,7,7,3416.79,1650.44
2025-02-28,GG02,2284.93,4337,173,38,5,5,5346.47,2843.87
2025-02-28,GG03,363.52,5124,54,9,2,2,2044.58,1135.88
2025-02-28,MT01,872.11,13377,131,16,3,3,2041.95,1127.63
2025-02-28,MT02,372.69,3579,54,8,2,2,2113.19,1174.0
2025-02-28,MT03,470.09,11405,159,15,7,3,3506.56,1989.6
2025-02-28,OR01,0.0,3712,103,16,3,2,716.72,338.38
2025-02-28,OR02,0.0,10384,103,14,2,2,630.08,281.52
2025-02-28,TT01,724.7,5334,110,9,5,5,2003.62,1274.6
2025-02-28,TT02,173.06,2035,28,3,1,1,318.81,171.67
2025-03-01,EM01,105.68,877,29,13,2,2,1555.98,884.08
2025-03-01,EM02,10.06,304,8,3,0,0,0.0,0.0
2025-03-01,EM03,1.48,62,1,0,0,0,0.0,0.0
2025-03-01,GG01,140.64,345,32,8,3,3,1920.16,959.7
2025-03-01,GG02,1415.09,4423,133,24,5,5,3698.21,1835.51
2025-03-01,GG03,796.47,7867,93,13,5,5,3224.26,1762.34
2025-03-01,MT01,1916.25,22160,248,32,7,7,4032.1,2223.26
2025-03-01,MT02,406.48,6411,58,8,2,2,724.83,338.25
2025-03-01,MT03,242.07,5595,84,9,3,1,1524.03,836.7
2025-03-01,OR01,0.0,3796,124,27,4,3,3101.66,1615.45
2025-03-01,OR02,0.0,10174,102,13,2,2,1226.29,618.1
2025-03-01,TT01,723.51,4053,98,8,5,5,1577.03,925.73
2025-03-01,TT02,332.71,2140,35,3,2,2,569.24,364.89
2025-03-02,EM01,79.7,755,24,11,2,2,1103.74,526.79
2025-03-02,EM02,32.22,1099,29,9,1,0,1286.74,714.86
2025-03-02,EM03,16.01,461,10,1,0,0,0.0,0.0
2025-03-02,GG01,182.39,520,35,8,3,3,2385.8,1193.54
2025-03-02,GG02,2159.54,5395,175,33,6,6,4652.5,2359.73
2025-03-02,GG03,397.47,3549,44,7,2,2,1359.07,755.04
2025-03-02,MT01,304.88,4868,43,4,1,1,362.51,173.01
2025-03-02,MT02,930.64,10839,132,17,4,4,2243.18,1246.21
2025-03-02,MT03,129.46,3528,56,6,2,2,795.04,392.84
2025-03-02,OR01,0.0,6118,180,36,8,3,5952.35,2993.45
2025-03-02,OR02,0.0,14523,160,20,4,2,1716.52,854.9
2025-03-02,TT01,163.47,1156,24,2,1,1,424.4,282.94
2025-03-02,TT02,566.18,4067,71,7,4,4,1695.62,967.52
2025-03-03,EM01,27.71,276,7,3,0,0,0.0,0.0
2025-03-03,EM02,56.68,1601,48,15,2,0,998.69,466.06
2025-03-03,EM03,26.31,1011,18,1,0,0,0.0,0.0
2025-03-03,GG01,217.22,761,60,16,6,1,4573.35,2283.05
2025-03-03,GG02,1261.32,2671,82,14,3,3,1710.15,821.64
2025-03-03,GG03,1385.04,13388,136,21,7,7,4994.0,2703.97
2025-03-03,MT01,1264.74,20865,174,22,5,5,1878.35,896.48
2025-03-03,MT02,803.0,9094,94,14,3,3,1283.92,599.16
2025-03-03,MT03,152.9,3433,47,6,2,0,1946.66,1145.09
2025-03-03,OR01,0.0,4704,137,21,5,3,3663.19,1907.9
2025-03-03,OR02,0.0,6444,54,6,1,0,385.12,172.07
2025-03-03,TT01,16.49,140,3,0,0,0,0.0,0.0
2025-03-03,TT02,547.2,3912,70,6,3,3,1106.19,595.64
2025-03-04,EM01,84.21,691,20,10,1,1,804.89,457.33
2025-03-04,EM02,32.99,1203,29,8,1,0,1119.13,621.74
2025-03-04,EM03,44.62,1578,30,1,0,0,0.0,0.0
2025-03-04,GG01,100.5,304,27,7,3,1,1964.62,927.06
2025-03-04,GG02,1349.54,2899,103,20,3,3,1483.19,788.93
2025-03-04,GG03,1214.59,12663,155,25,7,7,6584.46,3623.75
2025-03-04,MT01,314.63,4292,42,5,1,1,0.0,0.0
2025-03-04,MT02,791.3,9984,101,14,4,4,970.87,497.7
2025-03-04,MT03,267.47,6727,104,10,4,2,1794.22,966.26
2025-03-04,OR01,0.0,1858,53,9,1,1,475.14,207.87
2025-03-04,OR02,0.0,28377,357,38,8,3,3558.05,1721.59
2025-03-04,TT01,325.39,2884,62,6,3,3,1042.14,649.27
2025-03-04,TT02,473.9,4291,64,6,2,2,637.62,343.33
2025-03-05,EM01,8.26,76,2,1,0,0,0.0,0.0
2025-03-05,EM02,65.93,2296,59,16,2,0,535.58,249.94
2025-03-05,EM03,23.16,675,14,1,0,0,0.0,0.0
2025-03-05,GG01,358.31,861,71,17,8,2,4899.28,2417.71
2025-03-05,GG02,932.01,1843,76,16,3,3,2291.1,1167.35
2025-03-05,GG03,248.49,3007,38,5,2,2,1371.33,761.86
2025-03-05,MT01,881.52,14366,129,14,3,3,2607.55,1461.51
2025-03-05,MT02,486.88,6189,72,10,3,3,2354.25,1242.7
2025-03-05,MT03,81.23,1584,27,3,1,1,378.88,187.21
2025-03-05,OR01,0.0,4882,128,26,4,3,4144.12,2062.78
2025-03-05,OR02,0.0,7948,78,10,1,1,443.94,198.35
2025-03-05,TT01,457.93,1883,52,4,3,3,2017.03,1344.69
2025-03-05,TT02,280.16,2001,33,3,1,1,0.0,0.0
2025-03-06,EM01,34.52,268,9,4,0,0,0.0,0.0
2025-03-06,EM02,103.81,3642,85,29,3,1,1546.12,781.04
2025-03-06,EM03,22.73,866,16,1,0,0,0.0,0.0
2025-03-06,GG01,295.44,797,52,12,5,4,4563.61,2319.52
2025-03-06,GG02,1302.74,2541,93,18,3,3,3646.59,1939.67
2025-03-06,GG03,334.22,3755,45,6,2,2,2236.19,1242.33
2025-03-06,MT01,1180.82,15638,159,21,4,4,1758.56,927.86
2025-03-06,MT02,81.68,945,10,2,0,0,0.0,0.0
2025-03-06,MT03,223.46,5751,80,8,4,2,2536.34,1462.24
2025-03-06,OR01,0.0,1933,55,11,1,1,0.0,0.0
2025-03-06,OR02,0.0,16661,151,18,3,1,1119.96,500.42
2025-03-06,TT01,315.88,2186,44,5,3,3,728.75,466.71
2025-03-06,TT02,99.43,555,11,1,0,0,0.0,0.0
2025-03-07,EM01,92.25,944,27,13,2,2,1494.7,849.26
2025-03-07,EM02,145.39,5240,131,42,5,0,2624.82,1307.2
2025-03-07,EM03,5.11,176,3,0,0,0,0.0,0.0
2025-03-07,GG01,114.12,365,25,6,3,0,1037.54,501.65
2025-03-07,GG02,1003.22,1920,64,14,3,3,2001.3,1032.64
2025-03-07,GG03,269.77,2977,36,5,2,2,832.92,388.7
2025-03-07,MT01,253.01,4225,37,5,1,1,659.62,314.82
2025-03-07,MT02,456.62,5507,64,9,2,2,911.02,425.15
2025-03-07,MT03,330.5,6853,96,10,4,2,1744.56,962.8
2025-03-07,OR01,0.0,9510,280,49,10,3,5742.0,2766.87
2025-03-07,OR02,0.0,4281,43,6,1,0,649.84,290.36
2025-03-07,TT01,99.44,694,15,1,0,0,0.0,0.0
2025-03-07,TT02,618.31,5679,73,7,3,3,810.17,436.24
2025-03-08,EM01,9.19,71,2,1,0,0,0.0,0.0
2025-03-08,EM02,125.24,4227,109,38,3,1,1596.11,827.69
2025-03-08,EM03,57.78,1473,34,2,0,0,0.0,0.0
2025-03-08,GG01,157.05,358,29,7,3,1,1642.71,773.94
2025-03-08,GG02,602.57,1542,50,10,2,2,256.39,114.56
2025-03-08,GG03,404.39,4054,52,7,3,3,1818.3,1010.17
2025-03-08,MT01,1357.86,15630,165,18,4,4,3149.29,1748.84
2025-03-08,MT02,928.05,12424,139,17,7,7,2194.65,1024.17
2025-03-08,MT03,277.17,5931,97,10,4,0,3029.47,1692.69
2025-03-08,OR01,0.0,2930,93,21,3,3,2032.71,970.12
2025-03-08,OR02,0.0,10426,117,15,3,1,2062.41,1016.62
2025-03-08,TT01,614.36,4059,84,8,4,4,1317.8,788.58
2025-03-08,TT02,194.68,2329,28,3,1,1,0.0,0.0
2025-03-09,EM01,37.49,339,9,5,0,0,0.0,0.0
2025-03-09,EM02,49.63,1686,42,15,1,0,364.51,170.1
2025-03-09,EM03,26.79,1009,16,1,0,0,0.0,0.0
2025-03-09,GG01,62.34,125,11,2,1,1,758.08,390.76
2025-03-09,GG02,1692.38,3264,115,30,4,4,3068.4,1632.11
2025-03-09,GG03,596.74,5370,72,11,3,3,1735.06,930.23
2025-03-09,MT01,407.46,7565,64,8,2,2,1198.74,649.88
2025-03-09,MT02,1086.54,10298,129,18,4,4,2632.77,1410.01
2025-03-09,MT03,287.27,5970,95,11,5,2,2107.59,1239.76
2025-03-09,OR01,0.0,5503,153,29,5,4,3918.58,1938.73
2025-03-09,OR02,0.0,5309,60,8,1,0,851.79,453.08
2025-03-09,TT01,459.26,3052,71,6,4,4,651.9,420.88
2025-03-09,TT02,814.68,5317,84,7,4,4,808.16,435.17
2025-03-10,EM01,39.46,568,15,7,1,1,587.1,280.21
2025-03-10,EM02,99.58,2964,87,23,3,1,2336.94,1207.02
2025-03-10,EM03,8.27,304,5,0,0,0,0.0,0.0
2025-03-10,GG01,155.77,406,28,6,3,3,1381.91,656.59
2025-03-10,GG02,418.39,962,38,9,1,1,281.47,125.76
2025-03-10,GG03,245.91,2427,29,4,1,1,1530.22,850.12
2025-03-10,MT01,1172.53,19255,184,18,5,5,2794.05,1555.65
2025-03-10,MT02,334.28,3658,42,6,1,1,369.24,172.31
2025-03-10,MT03,218.44,4621,73,7,3,0,2278.57,1261.66
2025-03-10,OR01,0.0,3911,111,17,3,2,2485.89,1188.3
2025-03-10,OR02,0.0,27533,280,37,7,4,3977.71,2002.37
2025-03-10,TT01,157.91,1048,24,2,1,1,0.0,0.0
2025-03-10,TT02,431.48,5649,65,7,4,4,1519.67,818.28
2025-03-11,EM01,114.28,992,31,15,3,3,2296.47,1205.97
2025-03-11,EM02,34.06,1146,30,8,1,0,0.0,0.0
2025-03-11,EM03,11.18,335,6,0,0,0,0.0,0.0
2025-03-11,GG01,183.99,688,50,13,5,3,3703.23,1908.88
2025-03-11,GG02,1661.68,3157,100,21,3,3,1231.61,655.11
2025-03-11,GG03,1513.59,10310,145,20,6,6,3231.32,1684.94
2025-03-11,MT01,53.18,916,8,1,0,0,0.0,0.0
2025-03-11,MT02,60.54,821,8,1,0,0,0.0,0.0
2025-03-11,MT03,185.64,5170,66,7,3,1,711.26,394.57
2025-03-11,OR01,0.0,5176,170,33,5,4,4204.53,2100.93
2025-03-11,OR02,0.0,1934,18,2,0,0,0.0,0.0
2025-03-11,TT01,274.21,1985,46,3,3,3,1170.84,655.67
2025-03-11,TT02,446.29,3434,51,6,2,2,1047.34,632.72
2025-03-12,EM01,73.63,585,17,7,1,1,704.61,400.34
2025-03-12,EM02,77.94,2681,62,17,2,0,1606.36,892.42
2025-03-12,EM03,41.18,1071,22,1,0,0,0.0,0.0
2025-03-12,GG01,81.17,202,16,4,2,2,1464.18,754.74
2025-03-12,GG02,13.17,28,1,0,0,0,0.0,0.0
2025-03-12,GG03,97.0,1200,15,2,0,0,0.0,0.0
2025-03-12,MT01,391.13,7030,64,8,2,2,1409.08,758.37
2025-03-12,MT02,280.52,3153,30,6,1,1,297.09,138.64
2025-03-12,MT03,399.78,6949,110,12,5,2,3815.49,2090.97
2025-03-12,OR01,0.0,619,19,3,0,0,0.0,0.0
2025-03-12,OR02,0.0,16004,155,21,3,0,1285.97,618.97
2025-03-12,TT01,352.26,2446,55,5,3,3,1164.81,776.54
2025-03-12,TT02,67.52,661,9,1,0,0,0.0,0.0
2025-03-13,EM01,134.58,945,29,12,2,2,856.25,408.66
2025-03-13,EM02,145.94,5722,115,29,4,1,1281.66,712.03
2025-03-13,EM03,6.93,236,5,0,0,0,0.0,0.0
2025-03-13,GG01,263.25,618,64,17,5,2,3574.81,1789.27
2025-03-13,GG02,1460.14,3165,115,31,4,4,2262.71,1117.79
2025-03-13,GG03,251.6,3208,40,7,2,2,1352.51,717.52
2025-03-13,MT01,668.59,13678,113,11,3,3,2423.1,1322.85
2025-03-13,MT02,723.92,8454,98,13,4,4,3393.66,1855.93
2025-03-13,MT03,562.86,6850,107,9,5,3,2277.44,1203.81
2025-03-13,OR01,0.0,5472,179,34,5,1,3051.65,1432.33
2025-03-13,OR02,0.0,21573,231,30,5,3,2642.34,1308.02
2025-03-13,TT01,362.05,2206,54,5,3,3,1688.62,1097.61
2025-03-13,TT02,943.29,8784,125,13,6,6,2266.69,1339.47
2025-03-14,EM01,58.28,463,13,6,1,1,359.26,171.46
2025-03-14,EM02,57.16,1960,53,17,2,1,872.02,406.94
2025-03-14,EM03,2.18,129,2,0,0,0,0.0,0.0
2025-03-14,GG01,148.29,394,31,8,3,3,1953.55,956.24
2025-03-14,GG02,1845.28,4208,145,29,6,6,3946.77,1946.09
2025-03-14,GG03,477.15,5068,61,10,2,2,2025.12,1125.07
2025-03-14,MT01,925.3,16662,137,16,3,3,1022.56,488.04
2025-03-14,MT02,379.01,4919,57,8,2,2,670.37,312.84
2025-03-14,MT03,93.28,2160,35,3,1,0,407.54,201.38
2025-03-14,OR01,0.0,3969,114,21,4,3,3271.63,1592.83
2025-03-14,OR02,0.0,7217,64,7,1,0,538.59,240.65
2025-03-14,TT01,429.25,2897,67,7,4,4,661.29,415.28
2025-03-14,TT02,6.6,66,1,0,0,0,0.0,0.0
2025-03-15,EM01,104.31,718,25,13,2,2,1369.55,778.16
2025-03-15,EM02,16.99,764,18,4,0,0,0.0,0.0
2025-03-15,EM03,35.76,1380,25,1,0,0,0.0,0.0
2025-03-15,GG01,128.72,378,28,6,3,2,1976.35,982.95
2025-03-15,GG02,921.5,2062,70,15,2,2,2176.18,1157.54
2025-03-15,GG03,295.47,3553,42,6,2,2,1440.27,774.25
2025-03-15,MT01,244.29,3151,29,3,0,0,0.0,0.0
2025-03-15,MT02,387.22,3900,48,8,2,2,1706.92,948.29
2025-03-15,MT03,216.57,4607,75,8,3,2,1304.24,644.45
2025-03-15,OR01,0.0,6048,182,29,5,2,4437.91,2070.0
2025-03-15,OR02,0.0,17901,160,15,4,3,1343.94,632.08
2025-03-15,TT01,19.35,137,3,0,0,0,0.0,0.0
2025-03-15,TT02,103.74,905,15,1,0,0,0.0,0.0
2025-03-16,EM01,36.29,274,10,5,1,1,592.34,336.56
2025-03-16,EM02,26.08,808,21,6,0,0,0.0,0.0
2025-03-16,EM03,42.74,1313,23,1,0,0,0.0,0.0
2025-03-16,GG01,145.29,380,31,6,4,1,2497.2,1227.48
2025-03-16,GG02,308.24,622,22,4,1,1,488.31,218.18
2025-03-16,GG03,318.64,3270,41,6,2,2,1163.42,617.33
2025-03-16,MT01,956.0,17750,133,18,4,4,2408.8,1296.12
2025-03-16,MT02,96.31,1074,11,2,0,0,0.0,0.0
2025-03-16,MT03,220.37,5585,80,9,3,1,1208.31,676.27
2025-03-16,OR01,0.0,4097,117,21,4,3,3316.52,1708.86
2025-03-16,OR02,0.0,10730,115,15,2,1,1253.64,633.93
2025-03-16,TT01,166.91,1294,31,3,1,1,327.47,183.39
2025-03-16,TT02,1228.4,8452,125,9,6,6,1420.46,846.77
2025-03-17,EM01,182.13,1338,39,16,3,3,1967.51,1086.21
2025-03-17,EM02,58.73,2208,52,18,2,1,1131.45,588.29
2025-03-17,EM03,34.17,1440,23,1,0,0,0.0,0.0
2025-03-17,GG01,414.43,887,76,19,7,6,3110.39,1544.06
2025-03-17,GG02,259.19,621,20,4,0,0,0.0,0.0
2025-03-17,GG03,289.74,3594,44,7,2,2,1260.16,652.83
2025-03-17,MT01,282.97,4585,40,4,1,1,235.29,112.3
2025-03-17,MT02,201.75,2214,24,4,1,1,311.47,145.35
2025-03-17,MT03,102.47,2517,33,3,1,0,701.7,346.72
2025-03-17,OR01,0.0,5720,176,41,6,3,3074.45,1345.08
2025-03-17,OR02,0.0,18540,204,24,5,2,3044.74,1360.41
2025-03-17,TT01,300.65,1876,41,4,2,2,988.95,659.29
2025-03-17,TT02,485.83,3392,59,6,3,3,1108.16,596.7
2025-03-18,EM01,141.72,1066,32,15,2,2,1156.48,657.09
2025-03-18,EM02,75.53,2460,60,18,2,1,1144.46,596.94
2025-03-18,EM03,56.04,2013,34,2,0,0,0.0,0.0
2025-03-18,GG01,137.96,379,34,8,4,1,3696.09,1905.2
2025-03-18,GG02,1451.12,2788,90,17,3,3,2541.04,1351.62
2025-03-18,GG03,238.6,2038,24,3,1,1,1388.44,771.36
2025-03-18,MT01,996.01,13801,150,18,3,3,1036.97,494.92
2025-03-18,MT02,341.37,3704,42,7,1,1,0.0,0.0
2025-03-18,MT03,218.78,4347,71,7,3,0,1395.03,757.04
2025-03-18,OR01,0.0,5332,156,24,5,2,2662.26,1306.13
2025-03-18,OR02,0.0,15107,136,16,3,1,1910.16,972.35
2025-03-18,TT01,373.19,3225,53,5,3,3,532.97,298.46
2025-03-18,TT02,390.84,2665,48,5,2,2,1239.64,762.08
2025-03-19,EM01,103.13,891,26,13,2,2,1102.69,526.28
2025-03-19,EM02,171.98,4623,133,46,4,2,2165.4,1203.0
2025-03-19,EM03,12.36,393,8,0,0,0,0.0,0.0
2025-03-19,GG01,100.14,216,17,4,2,2,1106.34,524.94
2025-03-19,GG02,1240.33,2491,82,16,3,3,1850.11,959.9
2025-03-19,GG03,558.69,4529,55,9,2,2,1575.97,875.53
2025-03-19,MT01,1225.86,15685,151,18,3,3,1048.59,500.47
2025-03-19,MT02,206.45,2569,30,4,1,1,1416.86,787.14
2025-03-19,MT03,83.51,1302,25,2,1,0,934.05,549.44
2025-03-19,OR01,0.0,8841,256,37,7,3,5406.86,2668.61
2025-03-19,OR02,0.0,2457,25,3,0,0,0.0,0.0
2025-03-19,TT01,277.57,2310,51,4,3,3,1035.92,690.61
2025-03-19,TT02,355.42,2589,43,4,2,2,562.97,360.88
2025-03-20,EM01,66.11,516,16,6,1,1,1185.28,673.46
2025-03-20,EM02,74.9,2252,56,19,2,0,822.92,436.18
2025-03-20,EM03,25.34,837,18,1,0,0,0.0,0.0
2025-03-20,GG01,320.28,711,65,19,7,4,4244.83,2084.89
2025-03-20,GG02,1360.66,2931,109,22,4,4,2766.62,1437.1
2025-03-20,GG03,549.53,5209,67,10,3,3,2211.44,1192.59
2025-03-20,MT01,615.97,10178,104,11,3,3,1772.95,908.73
2025-03-20,MT02,901.4,13457,140,20,5,5,3536.57,1870.7
2025-03-20,MT03,178.48,4705,70,6,3,0,1651.41,881.96
2025-03-20,OR01,0.0,5164,146,27,4,3,2603.78,1292.49
2025-03-20,OR02,0.0,4763,46,5,1,0,296.73,132.58
2025-03-20,TT01,566.88,4710,93,9,5,5,1532.03,857.94
2025-03-20,TT02,364.81,2793,40,4,2,2,587.5,316.35
2025-03-21,EM01,77.73,706,19,10,1,1,562.29,268.36
2025-03-21,EM02,43.56,2284,56,16,3,0,1352.62,711.6
2025-03-21,EM03,20.72,558,12,1,0,0,0.0,0.0
2025-03-21,GG01,139.72,419,32,8,4,4,5039.48,2597.68
2025-03-21,GG02,1328.48,2981,111,23,4,4,2941.17,1542.07
2025-03-21,GG03,1185.86,9621,115,17,6,6,4524.43,2440.17
2025-03-21,MT01,143.81,2388,24,3,0,0,0.0,0.0
2025-03-21,MT02,402.41,4738,53,8,2,2,1235.19,686.21
2025-03-21,MT03,242.05,3673,72,6,4,0,1877.31,1104.3
2025-03-21,OR01,0.0,6117,182,36,8,6,7879.96,4104.15
2025-03-21,OR02,0.0,5424,49,7,1,0,414.32,185.12
2025-03-21,TT01,120.07,1263,22,2,1,1,261.87,146.65
2025-03-21,TT02,380.43,3053,46,5,2,2,871.34,525.27
2025-03-22,EM01,48.67,456,13,6,1,1,1027.68,583.91
2025-03-22,EM02,141.99,3884,98,32,3,1,1771.09,923.9
2025-03-22,EM03,14.47,445,9,0,0,0,0.0,0.0
2025-03-22,GG01,201.25,514,47,10,5,3,2482.61,1224.5
2025-03-22,GG02,535.17,1119,40,9,1,1,0.0,0.0
2025-03-22,GG03,974.0,8685,87,15,4,4,3650.85,2028.25
2025-03-22,MT01,1050.36,16474,153,18,4,4,1362.62,774.21
2025-03-22,MT02,316.96,4522,47,7,1,1,430.29,239.05
2025-03-22,MT03,260.93,7122,110,11,6,2,3858.92,2235.15
2025-03-22,OR01,0.0,9191,307,58,8,5,5113.91,2585.08
2025-03-22,OR02,0.0,25865,301,34,6,1,3330.34,1650.16
2025-03-22,TT01,400.99,2743,52,4,3,3,1843.62,1158.19
2025-03-22,TT02,245.17,1763,29,3,1,1,465.62,250.72
2025-03-23,EM01,136.4,1113,35,18,3,3,1399.1,719.37
2025-03-23,EM02,143.59,4472,131,45,5,0,2371.76,1205.91
2025-03-23,EM03,115.06,3128,70,4,1,0,0.0,0.0
2025-03-23,GG01,139.76,295,25,6,3,0,1837.05,946.93
2025-03-23,GG02,453.36,1011,33,7,1,1,487.93,218.01
2025-03-23,GG03,364.64,3791,45,8,2,2,1925.04,1069.47
2025-03-23,MT01,218.11,3084,30,4,0,0,0.0,0.0
2025-03-23,MT02,221.87,2792,31,4,1,1,858.52,400.64
2025-03-23,MT03,165.0,3387,51,5,3,1,1941.38,1042.63
2025-03-23,OR01,0.0,7351,200,36,6,4,2047.48,895.77
2025-03-23,OR02,0.0,10646,104,13,2,2,547.05,244.42
2025-03-23,TT01,603.82,4027,77,7,4,4,1265.2,708.52
2025-03-23,TT02,767.8,6422,91,9,4,4,1350.85,790.95
2025-03-24,EM01,47.72,361,11,4,1,1,451.06,215.28
2025-03-24,EM02,37.17,1476,37,15,1,0,741.58,411.99
2025-03-24,EM03,7.8,205,4,0,0,0,0.0,0.0
2025-03-24,GG01,131.42,399,35,9,5,1,2714.78,1243.11
2025-03-24,GG02,1206.32,2452,96,24,4,4,3506.64,1840.14
2025-03-24,GG03,79.03,768,9,1,0,0,0.0,0.0
2025-03-24,MT01,147.24,2698,24,3,0,0,0.0,0.0
2025-03-24,MT02,259.22,3485,35,5,1,1,383.94,179.17
2025-03-24,MT03,79.71,1667,29,3,1,1,482.55,238.44
2025-03-24,OR01,0.0,6933,188,33,5,2,3858.0,1840.95
2025-03-24,OR02,0.0,8073,79,9,2,1,961.61,429.65
2025-03-24,TT01,235.57,1677,35,3,2,2,725.47,406.26
2025-03-24,TT02,170.69,1494,21,2,1,1,211.39,113.83
2025-03-25,EM01,19.97,139,5,2,0,0,0.0,0.0
2025-03-25,EM02,131.4,4768,122,37,4,1,3002.72,1635.48
2025-03-25,EM03,20.72,653,15,1,0,0,0.0,0.0
2025-03-25,GG01,127.99,281,25,8,3,2,2100.96,1012.68
2025-03-25,GG02,468.53,1061,36,6,1,1,988.78,525.95
2025-03-25,GG03,431.21,4887,62,9,3,3,2559.73,1422.08
2025-03-25,MT01,579.03,9282,89,10,2,2,1260.64,664.05
2025-03-25,MT02,698.43,7846,81,11,3,3,2304.9,1280.5
2025-03-25,MT03,237.33,6302,93,9,5,1,2988.42,1587.84
2025-03-25,OR01,0.0,8121,211,43,6,5,4928.71,2498.22
2025-03-25,OR02,0.0,9141,98,11,2,2,2148.96,1110.85
2025-03-25,TT01,518.8,3364,79,7,4,4,1389.91,844.38
2025-03-25,TT02,741.77,5701,95,9,4,4,863.16,528.13
2025-03-26,EM01,8.08,84,2,1,0,0,0.0,0.0
2025-03-26,EM02,30.38,1274,32,10,1,0,579.11,270.25
2025-03-26,EM03,18.48,694,12,0,0,0,0.0,0.0
2025-03-26,GG01,116.32,254,23,5,2,2,1523.37,748.0
2025-03-26,GG02,437.85,903,31,6,1,1,0.0,0.0
2025-03-26,GG03,381.84,4001,50,8,2,2,1249.34,653.74
2025-03-26,MT01,1981.28,38271,287,41,5,5,2846.57,1580.63
2025-03-26,MT02,792.35,7887,93,13,3,3,2026.96,1084.17
2025-03-26,MT03,179.78,3795,58,6,2,1,2054.99,1167.31
2025-03-26,OR01,0.0,5103,168,31,6,4,4848.78,2466.96
2025-03-26,OR02,0.0,6982,77,11,1,1,494.17,220.8
2025-03-26,TT01,143.93,1011,20,2,1,1,667.87,445.25
2025-03-26,TT02,528.62,3686,59,5,3,3,126.63,68.19
2025-03-27,EM01,43.32,390,12,7,1,1,398.2,190.05
2025-03-27,EM02,63.13,2082,49,18,1,1,902.48,501.38
2025-03-27,EM03,23.04,1015,17,1,0,0,0.0,0.0
2025-03-27,GG01,420.51,1041,73,18,7,1,3813.71,1817.95
2025-03-27,GG02,2112.57,4209,140,31,5,5,4201.36,2147.62
2025-03-27,GG03,505.62,4045,52,8,2,2,833.72,463.18
2025-03-27,MT01,1105.25,15400,133,16,3,3,845.9,403.73
2025-03-27,MT02,632.52,8963,101,15,3,3,2180.79,1137.18
2025-03-27,MT03,147.38,2940,53,5,2,1,749.48,370.33
2025-03-27,OR01,0.0,5962,189,34,7,4,2813.97,1409.04
2025-03-27,OR02,0.0,13879,146,18,3,0,2417.33,1250.83
2025-03-27,TT01,589.79,3432,81,8,3,3,1292.99,795.47
2025-03-27,TT02,266.61,2348,35,3,1,1,312.14,168.07
2025-03-28,EM01,31.37,248,7,4,0,0,0.0,0.0
2025-03-28,EM02,112.62,3077,82,25,4,0,2558.56,1303.02
2025-03-28,EM03,90.42,3152,59,3,1,0,290.92,149.01
2025-03-28,GG01,44.76,123,10,2,1,0,0.0,0.0
2025-03-28,GG02,2242.23,5520,187,35,6,6,3264.18,1706.88
2025-03-28,GG03,436.75,4027,49,7,2,2,857.58,443.14
2025-03-28,MT01,457.3,7468,81,9,2,2,1164.75,555.91
2025-03-28,MT02,265.09,2370,31,4,1,1,0.0,0.0
2025-03-28,MT03,278.78,4739,78,8,3,1,1468.79,807.53
2025-03-28,OR01,0.0,5649,187,34,7,5,4835.74,2479.88
2025-03-28,OR02,0.0,12007,143,17,3,2,2249.49,1112.49
2025-03-28,TT01,339.9,2473,43,4,2,2,992.48,618.97
2025-03-28,TT02,670.45,4682,71,7,3,3,1265.41,757.63
2025-03-29,EM01,97.88,788,23,9,2,2,1640.07,900.11
2025-03-29,EM02,89.9,3292,81,27,3,0,2355.11,1308.4
2025-03-29,EM03,28.27,1121,21,1,0,0,0.0,0.0
2025-03-29,GG01,174.89,319,29,7,3,0,2527.68,1302.93
2025-03-29,GG02,597.37,1725,58,11,2,2,1292.39,641.75
2025-03-29,GG03,271.56,2959,33,4,2,2,1363.5,757.5
2025-03-29,MT01,732.16,11571,99,14,3,3,2016.46,1114.89
2025-03-29,MT02,561.81,7061,75,10,3,3,2567.29,1368.77
2025-03-29,MT03,96.75,1984,30,3,1,0,730.73,429.84
2025-03-29,OR01,0.0,2487,92,17,3,2,2532.5,1278.81
2025-03-29,OR02,0.0,3677,42,5,1,0,512.06,228.79
2025-03-29,TT01,1412.62,9025,184,17,9,9,2139.66,1254.61
2025-03-29,TT02,565.01,3607,61,7,3,3,1905.63,1184.99
2025-03-30,EM01,6.88,66,2,1,0,0,0.0,0.0
2025-03-30,EM02,44.71,1374,34,10,1,1,770.6,428.11
2025-03-30,EM03,25.39,995,18,1,0,0,0.0,0.0
2025-03-30,GG01,303.28,683,51,14,5,1,4481.57,2234.25
2025-03-30,GG02,767.39,1666,61,14,2,2,1095.18,559.42
2025-03-30,GG03,1087.84,10347,126,18,6,6,3999.73,2051.49
2025-03-30,MT01,207.67,3004,27,3,0,0,0.0,0.0
2025-03-30,MT02,1304.49,15116,184,28,6,6,3216.64,1633.06
2025-03-30,MT03,86.39,2185,30,3,2,1,1215.37,665.54
2025-03-30,OR01,0.0,4248,117,21,5,4,3770.65,1937.31
2025-03-30,OR02,0.0,19747,176,23,4,2,1536.93,686.71
2025-03-30,TT01,422.99,2284,60,6,3,3,1112.35,685.63
2025-03-30,TT02,371.28,2730,40,4,2,2,260.74,140.4
2025-03-31,EM01,44.98,374,11,5,1,1,399.56,190.7
2025-03-31,EM02,116.22,3321,93,30,3,1,1970.46,1064.29
2025-03-31,EM03,42.63,1235,27,1,0,0,0.0,0.0
2025-03-31,GG01,191.75,441,38,8,4,3,4479.93,2249.54
2025-03-31,GG02,349.82,799,33,8,1,1,0.0,0.0
2025-03-31,GG03,983.98,9876,107,17,4,4,1566.2,816.92
2025-03-31,MT01,625.05,6808,72,9,2,2,1432.72,753.55
2025-03-31,MT02,508.76,6251,66,9,2,2,1092.75,587.98
2025-03-31,MT03,207.15,4569,73,7,4,3,1588.69,895.89
2025-03-31,OR01,0.0,3953,137,24,4,3,3148.39,1548.52
2025-03-31,OR02,0.0,29777,323,45,8,3,4585.7,2233.33
2025-03-31,TT01,467.8,3255,71,6,4,4,1145.17,728.97
2025-03-31,TT02,300.75,2686,41,4,2,2,673.81,362.82
2025-04-01,EM01,11.77,80,3,1,0,0,0.0,0.0
2025-04-01,EM02,108.4,2901,87,22,3,0,2829.93,1515.36
2025-04-01,EM03,123.19,3338,72,4,1,0,421.01,215.64
2025-04-01,GG01,329.65,934,65,17,8,3,5375.39,2666.69
2025-04-01,GG02,513.63,1199,44,9,1,1,404.67,215.25
2025-04-01,GG03,677.63,5943,71,11,4,4,4997.75,2776.53
2025-04-01,MT01,458.96,8183,78,8,2,2,1205.66,575.43
2025-04-01,MT02,101.28,1145,14,2,0,0,0.0,0.0
2025-04-01,MT03,263.83,5699,89,9,4,1,1005.38,537.0
2025-04-01,OR01,0.0,10502,295,46,10,4,5131.73,2370.68
2025-04-01,OR02,0.0,12059,137,16,4,1,2795.5,1439.69
2025-04-01,TT01,442.01,3428,71,6,4,4,975.45,603.12
2025-04-01,TT02,664.14,4665,70,7,3,3,1463.13,907.37
2025-04-02,EM01,123.9,890,25,10,2,2,1239.65,660.78
2025-04-02,EM02,62.52,2534,64,21,2,0,1479.3,786.23
2025-04-02,EM03,82.04,2793,53,2,1,0,598.73,365.08
2025-04-02,GG01,186.95,416,35,9,4,1,1642.95,757.52
2025-04-02,GG02,991.08,3132,103,20,4,4,2429.22,1142.48
2025-04-02,GG03,208.29,1988,26,3,1,1,640.12,298.72
2025-04-02,MT01,681.67,12356,113,12,3,3,755.02,360.35
2025-04-02,MT02,641.1,7893,92,13,4,4,2027.29,1043.66
2025-04-02,MT03,364.7,5752,96,10,5,2,2930.76,1667.22
2025-04-02,OR01,0.0,5746,198,34,7,2,4910.76,2431.78
2025-04-02,OR02,0.0,12235,123,17,3,1,3447.81,1722.68
2025-04-02,TT01,217.75,1267,30,3,1,1,0.0,0.0
2025-04-02,TT02,684.76,4164,75,8,4,4,696.59,375.09
2025-04-03,EM01,18.48,158,5,2,0,0,0.0,0.0
2025-04-03,EM02,83.01,2582,66,19,2,0,1330.48,689.15
2025-04-03,EM03,133.35,3813,93,5,2,0,1779.29,1084.93
2025-04-03,GG01,106.48,276,23,5,2,2,1152.98,558.66
2025-04-03,GG02,1173.62,2446,75,16,2,2,489.99,260.63
2025-04-03,GG03,378.8,4008,48,6,2,2,3188.28,1771.27
2025-04-03,MT01,888.83,15464,141,18,4,4,2525.35,1370.66
2025-04-03,MT02,944.12,9529,119,20,4,4,2252.86,1233.81
2025-04-03,MT03,194.73,5421,80,8,4,3,2543.9,1413.61
2025-04-03,OR01,0.0,9105,323,49,9,6,8080.46,4090.65
2025-04-03,OR02,0.0,16523,176,19,3,1,2217.54,1127.71
2025-04-03,TT01,462.61,3575,75,7,3,3,769.37,430.85
2025-04-03,TT02,227.1,2371,33,3,2,2,525.86,283.16
2025-04-04,EM01,138.21,1325,37,18,4,4,2474.29,1272.69
2025-04-04,EM02,167.25,4647,123,44,4,2,3043.41,1599.72
2025-04-04,EM03,63.69,2118,41,2,1,0,752.89,459.08
2025-04-04,GG01,35.02,65,6,2,0,0,0.0,0.0
2025-04-04,GG02,387.67,1059,37,7,1,1,1336.43,710.87
2025-04-04,GG03,1219.54,11078,145,22,7,7,4571.95,2539.96
2025-04-04,MT01,449.93,7461,77,8,2,2,1036.06,494.49
2025-04-04,MT02,831.76,10541,102,14,3,3,2169.39,1205.22
2025-04-04,MT03,133.36,3409,52,5,3,1,1693.54,996.2
2025-04-04,OR01,0.0,7512,235,41,7,5,4348.65,2188.67
2025-04-04,OR02,0.0,21970,233,27,5,1,1404.1,627.36
2025-04-04,TT01,756.5,4730,112,10,6,6,2830.94,1787.02
2025-04-04,TT02,225.38,1972,29,3,1,1,296.55,159.68
2025-04-05,EM01,89.78,887,25,11,2,2,1377.1,745.7
2025-04-05,EM02,28.87,1070,26,7,1,1,772.77,360.63
2025-04-05,EM03,96.51,3612,64,3,1,0,427.82,219.13
2025-04-05,GG01,283.67,733,51,12,6,2,3297.55,1647.22
2025-04-05,GG02,1221.12,2432,72,15,2,2,735.42,328.59
2025-04-05,GG03,345.35,3624,47,7,2,2,1120.39,598.83
2025-04-05,MT01,1053.11,16376,133,15,4,4,797.49,380.62
2025-04-05,MT02,470.6,5322,56,8,2,2,929.88,516.6
2025-04-05,MT03,157.16,3072,44,4,2,2,604.93,298.9
2025-04-05,OR01,0.0,5116,147,29,7,5,3056.78,1453.51
2025-04-05,OR02,0.0,24800,220,26,4,2,1267.35,638.76
2025-04-05,TT01,385.11,3040,63,5,3,3,1838.69,1194.24
2025-04-05,TT02,521.4,3718,50,5,3,3,361.89,194.87
2025-04-06,EM01,101.08,660,20,9,2,2,1372.6,779.89
2025-04-06,EM02,169.62,4999,121,41,5,1,2377.08,1174.31
2025-04-06,EM03,39.83,1392,30,1,0,0,0.0,0.0
2025-04-06,GG01,169.25,433,38,11,4,1,3442.73,1740.2
2025-04-06,GG02,666.17,1840,63,10,2,2,1347.29,666.91
2025-04-06,GG03,558.75,5715,71,13,3,3,1167.38,648.55
2025-04-06,MT01,311.72,4955,43,5,1,1,261.44,124.78
2025-04-06,MT02,682.17,8669,91,15,3,3,2190.75,1135.9
2025-04-06,MT03,232.1,5535,89,9,4,0,2053.92,1080.14
2025-04-06,OR01,0.0,8156,292,58,9,4,5562.72,2853.98
2025-04-06,OR02,0.0,21355,172,21,4,1,1938.29,953.37
2025-04-06,TT01,249.12,1841,45,4,3,3,1207.83,676.38
2025-04-06,TT02,208.92,1848,26,3,1,1,566.66,305.13
2025-04-07,EM01,121.92,940,25,11,2,2,1523.51,865.63
2025-04-07,EM02,202.87,5794,154,50,6,3,4330.0,2309.9
2025-04-07,EM03,16.2,551,10,0,0,0,0.0,0.0
2025-04-07,GG01,78.27,178,15,3,1,1,539.71,233.69
2025-04-07,GG02,794.52,1491,54,10,1,1,837.0,445.21
2025-04-07,GG03,354.92,3889,39,6,2,2,1339.88,744.38
2025-04-07,MT01,564.98,9734,81,10,2,2,787.15,447.25
2025-04-07,MT02,1062.95,8407,108,17,4,4,2024.64,1006.81
2025-04-07,MT03,298.32,5832,96,9,5,1,2787.12,1562.34
2025-04-07,OR01,0.0,6534,207,35,7,3,6195.29,3030.94
2025-04-07,OR02,0.0,3655,34,4,1,0,587.8,312.66
2025-04-07,TT01,421.84,3035,62,5,3,3,735.37,411.82
2025-04-07,TT02,874.45,6588,88,8,5,5,2420.31,1496.85
2025-04-08,EM01,4.33,40,1,0,0,0,0.0,0.0
2025-04-08,EM02,176.79,5206,115,38,4,2,1476.23,688.91
2025-04-08,EM03,67.72,2368,45,2,1,0,370.78,189.91
2025-04-08,GG01,317.24,910,81,22,9,7,8100.45,4068.26
2025-04-08,GG02,613.25,1423,49,9,2,2,1125.2,598.51
2025-04-08,GG03,972.5,10186,112,18,5,5,3930.69,2147.45
2025-04-08,MT01,7.3,111,1,0,0,0,0.0,0.0
2025-04-08,MT02,543.45,5930,67,10,3,3,3027.91,1682.18
2025-04-08,MT03,197.05,3837,60,5,3,1,1470.46,834.56
2025-04-08,OR01,0.0,6653,232,49,8,3,5450.92,2653.7
2025-04-08,OR02,0.0,15617,180,19,4,2,1954.75,950.72
2025-04-08,TT01,986.55,6001,134,11,8,8,2894.57,1772.77
2025-04-08,TT02,18.77,133,2,0,0,0,0.0,0.0
2025-04-09,EM01,71.36,583,19,8,2,2,806.35,384.85
2025-04-09,EM02,108.27,3510,94,31,4,0,2431.24,1199.66
2025-04-09,EM03,124.75,4456,90,4,2,0,753.1,385.73
2025-04-09,GG01,227.08,637,57,14,7,4,3998.93,2000.58
2025-04-09,GG02,2306.25,4456,158,33,5,5,4921.82,2617.98
2025-04-09,GG03,571.81,4394,59,9,3,3,2317.83,1256.08
2025-04-09,MT01,627.79,8521,79,8,2,2,1061.11,506.44
2025-04-09,MT02,44.33,577,6,1,0,0,0.0,0.0
2025-04-09,MT03,381.95,8672,133,13,6,1,3361.67,1824.35
2025-04-09,OR01,0.0,8757,245,48,7,3,3626.96,1721.47
2025-04-09,OR02,0.0,11047,114,12,2,0,1529.4,774.47
2025-04-09,TT01,263.23,1953,45,4,2,2,584.32,327.23
2025-04-09,TT02,641.25,4940,85,9,5,5,3063.48,1818.19
2025-04-10,EM01,54.43,537,17,7,1,1,840.97,477.82
2025-04-10,EM02,246.59,8846,185,49,6,2,3366.72,1797.72
2025-04-10,EM03,78.28,2313,50,2,1,0,519.54,266.1
2025-04-10,GG01,215.26,654,50,14,6,2,3724.8,1838.81
2025-04-10,GG02,852.46,2054,59,12,2,2,1598.27,782.74
2025-04-10,GG03,289.7,3054,37,6,1,1,634.5,352.5
2025-04-10,MT01,71.49,1688,14,2,0,0,0.0,0.0
2025-04-10,MT02,896.41,10224,103,16,3,3,2593.34,1381.72
2025-04-10,MT03,361.51,7524,110,10,4,1,1711.55,974.06
2025-04-10,OR01,0.0,5528,166,35,5,4,3349.91,1708.37
2025-04-10,OR02,0.0,14382,132,15,3,1,2982.6,1586.49
2025-04-10,TT01,276.91,1751,46,5,2,2,563.07,315.32
2025-04-10,TT02,377.19,3134,43,4,2,2,0.0,0.0
2025-04-11,EM01,149.3,1138,41,19,4,4,2051.74,1050.89
2025-04-11,EM02,68.11,2193,51,17,2,0,1107.37,590.73
2025-04-11,EM03,63.92,2700,54,3,1,0,468.54,239.98
2025-04-11,GG01,101.64,382,25,6,3,2,2137.53,1027.94
2025-04-11,GG02,553.58,1350,48,10,2,2,917.85,463.29
2025-04-11,GG03,270.56,2517,27,5,1,1,367.84,171.66
2025-04-11,MT01,909.12,13952,125,15,4,4,1693.51,962.22
2025-04-11,MT02,1176.28,15220,175,24,5,5,1724.29,804.67
2025-04-11,MT03,23.56,701,10,1,0,0,0.0,0.0
2025-04-11,OR01,0.0,5945,178,28,6,3,4717.81,2357.0
2025-04-11,OR02,0.0,6533,67,8,2,0,646.76,288.98
2025-04-11,TT01,124.36,815,18,2,1,1,540.46,360.3
2025-04-11,TT02,334.63,2650,41,5,2,2,587.01,316.09
2025-04-12,EM01,88.7,959,29,12,3,3,1336.3,637.78
2025-04-12,EM02,122.71,4412,110,35,4,0,3064.65,1674.79
2025-04-12,EM03,136.84,5528,112,6,2,0,1618.03,941.66
2025-04-12,GG01,290.83,724,54,12,5,2,2868.83,1336.43
2025-04-12,GG02,2045.43,3570,127,26,4,4,2861.22,1481.54
2025-04-12,GG03,858.19,9712,111,17,6,6,3493.43,1814.4
2025-04-12,MT01,1316.9,21819,183,20,5,5,2732.66,1413.13
2025-04-12,MT02,533.21,6842,80,10,2,2,1652.41,918.01
2025-04-12,MT03,72.29,1590,23,2,1,0,0.0,0.0
2025-04-12,OR01,0.0,13399,368,62,14,11,8504.3,4205.94
2025-04-12,OR02,0.0,15846,164,22,4,2,2139.94,1063.03
2025-04-12,TT01,226.66,1501,36,3,2,2,696.51,390.05
2025-04-12,TT02,155.91,1606,23,2,1,1,388.0,208.92
2025-04-13,EM01,91.27,928,27,12,2,2,1425.44,775.67
2025-04-13,EM02,33.44,1212,35,11,1,0,759.23,421.8
2025-04-13,EM03,6.43,204,4,0,0,0,0.0,0.0
2025-04-13,GG01,228.06,461,44,12,5,3,3149.92,1596.99
2025-04-13,GG02,578.04,1367,52,11,3,3,1850.99,919.3
2025-04-13,GG03,412.3,4466,54,8,2,2,509.8,283.22
2025-04-13,MT01,549.21,8601,74,9,2,2,892.55,471.06
2025-04-13,MT02,140.33,1496,18,3,0,0,0.0,0.0
2025-04-13,MT03,403.11,6885,108,11,4,1,2989.07,1691.36
2025-04-13,OR01,0.0,3291,101,16,3,3,1300.98,633.39
2025-04-13,OR02,0.0,7260,72,9,1,0,0.0,0.0
2025-04-13,TT01,512.37,3223,76,6,4,4,1214.84,782.85
2025-04-13,TT02,313.11,2461,40,5,2,2,521.15,280.62
2025-04-14,EM01,47.15,398,13,6,1,1,264.41,126.2
2025-04-14,EM02,103.37,3280,93,26,4,1,2399.94,1299.14
2025-04-14,EM03,32.86,1306,27,1,0,0,0.0,0.0
2025-04-14,GG01,207.86,576,42,10,4,3,2237.93,1019.2
2025-04-14,GG02,1391.7,3488,110,23,5,5,3722.61,1939.21
2025-04-14,GG03,172.99,1741,25,3,1,1,1045.28,580.71
2025-04-14,MT01,349.44,6767,61,8,2,2,819.05,465.37
2025-04-14,MT02,883.41,14873,149,24,5,5,3681.16,2015.47
2025-04-14,MT03,186.37,4488,61,6,3,0,1716.72,942.52
2025-04-14,OR01,0.0,7105,204,42,7,5,3926.29,2020.7
2025-04-14,OR02,0.0,11726,101,11,3,1,1567.75,758.87
2025-04-14,TT01,335.3,1945,49,4,2,2,1044.1,673.22
2025-04-14,TT02,572.84,4297,62,7,3,3,823.0,443.16
2025-04-15,EM01,62.24,489,15,6,1,1,973.92,553.36
2025-04-15,EM02,66.59,2008,49,13,2,0,1454.5,766.88
2025-04-15,EM03,70.98,1659,35,2,0,0,0.0,0.0
2025-04-15,GG01,422.62,1140,92,21,9,5,5773.59,2923.74
2025-04-15,GG02,1167.73,1778,71,16,3,3,3055.36,1625.2
2025-04-15,GG03,104.62,1268,17,2,1,1,591.15,328.42
2025-04-15,MT01,1339.23,25388,197,22,6,6,2012.52,960.53
2025-04-15,MT02,101.56,1056,14,2,0,0,0.0,0.0
2025-04-15,MT03,357.41,7407,109,13,5,2,2841.22,1470.43
2025-04-15,OR01,0.0,15859,405,81,13,5,7405.42,3696.43
2025-04-15,OR02,0.0,9985,116,13,2,0,378.14,168.96
2025-04-15,TT01,343.29,1994,43,4,2,2,1337.07,831.71
2025-04-15,TT02,24.24,174,3,0,0,0,0.0,0.0
2025-04-16,EM01,99.5,980,24,11,2,2,1237.94,649.09
2025-04-16,EM02,68.67,2031,52,15,2,0,518.3,241.87
2025-04-16,EM03,100.27,3268,66,3,1,0,366.77,187.86
2025-04-16,GG01,319.83,674,59,18,8,3,6004.83,3006.74
2025-04-16,GG02,1266.07,2285,92,20,3,3,1230.8,614.62
2025-04-16,GG03,506.22,4660,57,9,3,3,2719.39,1510.77
2025-04-16,MT01,704.84,14299,115,12,3,3,1557.5,814.01
2025-04-16,MT02,680.14,7840,85,14,3,3,1690.19,891.24
2025-04-16,MT03,332.66,6357,82,8,4,0,1870.05,1011.68
2025-04-16,OR01,0.0,11743,351,51,11,5,6845.47,3365.14
2025-04-16,OR02,0.0,13363,132,18,3,1,1024.09,544.73
2025-04-16,TT01,165.97,1032,22,2,1,1,461.14,307.43
2025-04-16,TT02,451.48,4573,62,6,3,3,1119.23,649.6
2025-04-17,EM01,49.85,413,12,5,1,1,911.73,518.03
2025-04-17,EM02,134.21,3903,105,29,4,1,2891.9,1485.05
2025-04-17,EM03,54.46,2183,42,2,1,0,567.53,346.06
2025-04-17,GG01,322.52,710,55,12,5,1,3792.71,1828.98
2025-04-17,GG02,2643.16,5070,206,36,8,8,5062.63,2624.58
2025-04-17,GG03,913.48,10178,110,17,6,6,2854.48,1420.28
2025-04-17,MT01,692.56,10618,86,12,2,2,1768.11,967.49
2025-04-17,MT02,1219.04,9795,138,23,4,4,2121.88,1155.05
2025-04-17,MT03,197.55,4731,67,7,4,1,3355.42,1946.9
2025-04-17,OR01,0.0,5298,190,35,5,1,3281.95,1521.88
2025-04-17,OR02,0.0,15456,188,22,4,2,2111.05,1052.73
2025-04-17,TT01,421.54,2673,56,5,3,3,2106.25,1370.18
2025-04-17,TT02,292.27,2080,31,3,1,1,386.69,208.22
2025-04-18,EM01,110.82,792,24,10,2,2,966.27,517.76
2025-04-18,EM02,280.43,9129,217,69,7,1,5465.85,2882.36
2025-04-18,EM03,40.4,1677,29,1,0,0,0.0,0.0
2025-04-18,GG01,197.5,476,41,9,4,1,2568.21,1248.98
2025-04-18,GG02,1618.77,3072,123,27,6,6,3690.87,1912.04
2025-04-18,GG03,219.83,2391,25,4,1,1,870.42,483.57
2025-04-18,MT01,1002.11,15002,143,18,4,4,2759.39,1498.56
2025-04-18,MT02,247.77,3267,33,5,1,1,1056.68,587.05
2025-04-18,MT03,349.65,7441,136,13,6,2,2259.84,1226.05
2025-04-18,OR01,0.0,10188,292,60,11,8,6015.96,2907.29
2025-04-18,OR02,0.0,24039,215,23,5,2,2427.73,1204.03
2025-04-18,TT01,202.08,1134,27,2,1,1,477.5,318.34
2025-04-18,TT02,448.13,3923,55,6,2,2,251.3,135.32
2025-04-19,EM01,139.98,1281,37,16,3,3,2545.51,1416.46
2025-04-19,EM02,138.13,4265,107,32,4,0,3087.02,1693.93
2025-04-19,EM03,119.3,4237,78,3,1,0,558.4,340.49
2025-04-19,GG01,246.79,705,48,12,5,2,3566.97,1808.26
2025-04-19,GG02,1055.71,2304,78,13,3,3,1756.38,934.24
2025-04-19,GG03,204.07,1974,25,4,1,1,0.0,0.0
2025-04-19,MT01,1201.4,16979,178,23,4,4,1561.41,794.29
2025-04-19,MT02,709.04,6705,80,13,3,3,1927.5,1018.34
2025-04-19,MT03,116.57,2923,51,6,2,1,2087.98,1228.22
2025-04-19,OR01,0.0,4870,159,26,6,4,5043.52,2507.27
2025-04-19,OR02,0.0,16712,164,18,4,2,2681.58,1354.72
2025-04-19,TT01,471.72,3016,68,5,4,4,1566.91,982.37
2025-04-19,TT02,438.54,2729,45,4,3,3,553.75,298.18
2025-04-20,EM01,50.18,518,15,8,1,1,261.34,124.73
2025-04-20,EM02,199.98,6404,178,54,7,0,5342.93,2895.06
2025-04-20,EM03,66.03,1981,44,2,1,0,359.72,184.24
2025-04-20,GG01,405.14,1137,86,22,9,6,4786.21,2271.31
2025-04-20,GG02,1602.88,3074,107,22,4,4,1524.77,742.14
2025-04-20,GG03,16.03,182,2,0,0,0,0.0,0.0
2025-04-20,MT01,969.57,14464,135,16,4,4,1797.08,857.69
2025-04-20,MT02,428.63,6680,66,10,2,2,1111.92,518.9
2025-04-20,MT03,124.98,3179,41,4,2,1,1637.61,895.59
2025-04-20,OR01,0.0,10515,329,53,10,5,6890.32,3416.34
2025-04-20,OR02,0.0,15536,164,26,4,3,1231.48,550.24
2025-04-20,TT01,554.05,3315,75,7,4,4,1615.64,971.1
2025-04-20,TT02,167.21,1521,23,3,1,1,770.95,494.2
2025-04-21,EM01,76.93,623,23,11,2,2,767.03,403.45
2025-04-21,EM02,257.53,7468,194,67,7,2,4591.16,2324.94
2025-04-21,EM03,7.6,315,6,0,0,0,0.0,0.0
2025-04-21,GG01,131.92,336,30,8,3,1,2912.23,1501.16
2025-04-21,GG02,2300.57,4050,163,29,6,6,3681.3,1931.55
2025-04-21,GG03,718.7,6454,84,12,4,4,3574.17,1938.76
2025-04-21,MT01,1020.03,18157,171,23,4,4,1271.65,661.1
2025-04-21,MT02,679.63,7089,87,13,3,3,2371.84,1317.68
2025-04-21,MT03,337.94,9183,130,16,5,2,2712.65,1535.05
2025-04-21,OR01,0.0,4922,158,30,6,3,3825.89,1815.67
2025-04-21,OR02,0.0,23246,216,24,5,2,2392.13,1175.9
2025-04-21,TT01,492.67,3224,67,7,4,4,967.04,613.03
2025-04-21,TT02,535.84,3734,53,6,2,2,199.76,107.56
2025-04-22,EM01,23.28,229,7,4,0,0,0.0,0.0
2025-04-22,EM02,9.81,352,9,3,0,0,0.0,0.0
2025-04-22,EM03,61.9,2200,40,2,1,0,375.33,192.24
2025-04-22,GG01,306.61,883,70,20,8,2,6546.61,3319.04
2025-04-22,GG02,326.68,740,26,5,1,1,824.89,368.57
2025-04-22,GG03,460.03,4238,48,7,2,2,1089.91,566.18
2025-04-22,MT01,526.82,8546,65,7,1,1,975.35,554.18
2025-04-22,MT02,445.5,4849,52,7,1,1,892.89,496.05
2025-04-22,MT03,212.33,4286,64,6,3,0,2541.27,1449.11
2025-04-22,OR01,0.0,3093,91,15,3,3,2449.64,1240.45
2025-04-22,OR02,0.0,23052,244,26,5,2,3363.5,1754.18
2025-04-22,TT01,515.52,4225,99,9,6,6,2823.06,1768.93
2025-04-22,TT02,174.97,1400,20,2,1,1,395.08,212.74
2025-04-23,EM01,74.12,542,17,7,1,1,460.86,219.95
2025-04-23,EM02,124.08,4494,106,34,4,1,4107.94,2131.82
2025-04-23,EM03,28.76,1364,24,1,0,0,0.0,0.0
2025-04-23,GG01,237.37,532,55,13,7,4,3273.48,1460.16
2025-04-23,GG02,1526.77,3160,108,20,4,4,3596.17,1858.93
2025-04-23,GG03,803.0,5868,89,13,4,4,1671.84,855.99
2025-04-23,MT01,810.77,8752,100,13,3,3,1662.73,896.59
2025-04-23,MT02,407.77,4296,45,8,1,1,680.31,377.95
2025-04-23,MT03,256.13,6146,75,7,4,2,2512.94,1367.32
2025-04-23,OR01,0.0,5972,182,38,7,5,5108.86,2480.95
2025-04-23,OR02,0.0,7873,89,10,2,0,1274.29,641.58
2025-04-23,TT01,448.12,2593,64,5,4,4,657.5,404.8
2025-04-23,TT02,288.77,2195,32,3,1,1,303.3,163.31
2025-04-24,EM01,41.82,454,12,6,1,1,702.82,399.33
2025-04-24,EM02,93.11,3237,81,27,3,1,1693.16,850.93
2025-04-24,EM03,139.94,3919,79,4,2,0,1008.97,585.53
2025-04-24,GG01,185.43,425,36,9,4,3,4021.99,2015.48
2025-04-24,GG02,985.38,2734,96,18,3,3,758.07,338.72
2025-04-24,GG03,534.89,3973,53,9,2,2,1793.25,996.25
2025-04-24,MT01,740.12,17058,126,17,3,3,1799.36,956.8
2025-04-24,MT02,500.91,6111,70,9,3,3,1819.79,979.16
2025-04-24,MT03,307.17,5777,108,12,5,2,1714.93,955.12
2025-04-24,OR01,0.0,6872,210,34,6,4,4617.91,2377.68
2025-04-24,OR02,0.0,26069,217,29,6,1,3371.78,1713.88
2025-04-24,TT01,569.86,3274,72,8,4,4,1736.0,1121.99
2025-04-24,TT02,382.0,2685,43,4,2,2,645.91,414.05
2025-04-25,EM01,49.78,517,16,7,1,1,0.0,0.0
2025-04-25,EM02,149.37,4252,106,36,4,1,2810.59,1427.45
2025-04-25,EM03,30.27,1470,22,1,0,0,0.0,0.0
2025-04-25,GG01,201.63,519,37,9,5,1,1803.38,837.1
2025-04-25,GG02,926.96,1449,66,13,2,2,1129.8,557.06
2025-04-25,GG03,97.23,819,11,2,0,0,0.0,0.0
2025-04-25,MT01,1099.72,16173,138,18,3,3,915.56,436.97
2025-04-25,MT02,1046.3,9358,122,16,4,4,2970.59,1578.74
2025-04-25,MT03,286.52,7042,116,13,5,0,4469.76,2532.07
2025-04-25,OR01,0.0,9204,259,50,9,4,6182.05,3082.57
2025-04-25,OR02,0.0,15142,154,20,3,1,892.28,398.68
2025-04-25,TT01,685.25,4034,99,9,5,5,1584.63,940.34
2025-04-25,TT02,485.73,3972,60,6,3,3,812.53,482.53
2025-04-26,EM01,128.27,1223,31,14,2,2,1434.7,815.17
2025-04-26,EM02,123.38,4868,109,37,4,1,2035.66,949.97
2025-04-26,EM03,73.94,2725,52,2,1,0,692.54,422.28
2025-04-26,GG01,297.18,1058,73,16,9,4,6453.03,3115.51
2025-04-26,GG02,1005.66,2523,81,17,3,3,1806.87,915.14
2025-04-26,GG03,482.87,4482,63,9,3,3,2045.56,1136.42
2025-04-26,MT01,388.84,5444,46,6,1,1,1071.82,608.99
2025-04-26,MT02,325.76,2930,35,6,1,1,309.13,144.26
2025-04-26,MT03,265.18,5459,80,7,3,2,269.05,132.94
2025-04-26,OR01,0.0,6152,189,34,6,1,4328.65,2175.03
2025-04-26,OR02,0.0,15312,151,17,3,0,2406.78,1255.11
2025-04-26,TT01,216.6,1501,36,3,2,2,512.42,286.96
2025-04-26,TT02,354.88,3232,50,5,2,2,949.48,569.48
2025-04-27,EM01,194.11,1891,52,21,4,4,2080.94,1079.85
2025-04-27,EM02,190.62,5621,166,52,6,0,3224.9,1772.94
2025-04-27,EM03,16.81,483,10,0,0,0,0.0,0.0
2025-04-27,GG01,218.16,652,55,14,7,3,2772.63,1317.94
2025-04-27,GG02,712.05,1701,56,11,2,2,2026.15,1077.74
2025-04-27,GG03,1057.46,8166,96,15,5,5,4095.26,2218.56
2025-04-27,MT01,800.85,16912,127,14,4,4,3521.51,2000.86
2025-04-27,MT02,55.73,670,8,1,0,0,0.0,0.0
2025-04-27,MT03,204.3,4597,71,7,3,0,1233.26,609.38
2025-04-27,OR01,0.0,11462,338,60,13,6,10664.01,5416.31
2025-04-27,OR02,0.0,4130,37,4,0,0,0.0,0.0
2025-04-27,TT01,331.03,2361,45,4,2,2,485.21,271.71
2025-04-27,TT02,21.67,172,3,0,0,0,0.0,0.0
2025-04-28,EM01,150.96,1455,38,18,3,3,2345.48,1310.63
2025-04-28,EM02,56.23,2191,46,15,1,0,1015.99,564.44
2025-04-28,EM03,111.12,2998,69,4,1,0,652.27,334.09
2025-04-28,GG01,236.64,642,51,15,6,1,4965.25,2538.21
2025-04-28,GG02,642.86,1309,46,10,1,1,342.57,153.06
2025-04-28,GG03,840.71,6508,86,14,4,4,3012.61,1582.79
2025-04-28,MT01,531.46,11400,86,10,2,2,1166.22,598.93
2025-04-28,MT02,483.45,5673,58,10,2,2,832.04,388.29
2025-04-28,MT03,82.62,1831,25,3,1,0,390.87,193.13
2025-04-28,OR01,0.0,8427,224,43,7,3,4172.37,1941.91
2025-04-28,OR02,0.0,16849,144,15,3,0,1956.02,1008.5
2025-04-28,TT01,517.29,3665,90,10,5,5,1051.52,588.84
2025-04-28,TT02,92.89,623,10,1,0,0,0.0,0.0
2025-04-29,EM01,20.09,155,5,2,0,0,0.0,0.0
2025-04-29,EM02,105.01,3067,89,29,3,0,1024.91,478.29
2025-04-29,EM03,95.97,3133,57,3,1,0,573.25,349.55
2025-04-29,GG01,146.85,369,29,8,3,2,2955.44,1404.51
2025-04-29,GG02,858.6,1915,59,14,2,2,756.28,337.91
2025-04-29,GG03,583.85,5193,69,10,4,4,4589.36,2549.64
2025-04-29,MT01,927.53,17590,150,15,4,4,1468.46,834.35
2025-04-29,MT02,91.85,1154,13,2,0,0,0.0,0.0
2025-04-29,MT03,407.57,10999,135,14,6,1,3381.12,1915.12
2025-04-29,OR01,0.0,13786,361,60,12,5,9709.39,4876.64
2025-04-29,OR02,0.0,16617,165,21,3,3,1776.41,920.49
2025-04-29,TT01,430.62,2868,64,6,3,3,1174.32,782.88
2025-04-29,TT02,603.8,4759,74,8,4,4,1598.16,910.3
2025-04-30,EM01,103.69,1016,30,14,3,3,1861.37,991.23
2025-04-30,EM02,140.29,4662,134,43,6,3,4849.64,2618.19
2025-04-30,EM03,94.14,2735,57,3,1,0,1128.5,688.11
2025-04-30,GG01,460.46,1246,90,21,13,5,8234.08,3952.02
2025-04-30,GG02,309.26,861,27,5,1,1,748.5,334.44
2025-04-30,GG03,169.13,1564,19,3,1,1,0.0,0.0
2025-04-30,MT01,1841.08,27803,243,28,6,6,3319.27,1723.95
2025-04-30,MT02,1005.12,13177,134,21,5,5,1675.19,907.08
2025-04-30,MT03,372.71,8602,119,13,7,3,2581.91,1333.25
2025-04-30,OR01,0.0,4283,106,17,3,2,2445.41,1273.65
2025-04-30,OR02,0.0,32180,261,27,6,2,3852.03,1942.24
2025-04-30,TT01,373.61,2420,53,5,3,3,615.87,344.89
2025-04-30,TT02,306.91,2144,34,3,1,1,863.9,553.78
2025-05-01,EM01,74.38,607,15,7,1,1,907.71,515.74
2025-05-01,EM02,174.73,5052,130,30,6,0,3981.69,2074.0
2025-05-01,EM03,26.17,743,17,1,0,0,0.0,0.0
2025-05-01,GG01,361.15,786,69,18,9,4,6437.14,3059.89
2025-05-01,GG02,2104.63,3879,158,30,6,6,3301.37,1678.19
2025-05-01,GG03,609.09,5052,69,11,3,3,2323.36,1254.5
2025-05-01,MT01,702.9,9579,82,10,2,2,338.41,161.52
2025-05-01,MT02,741.92,8742,82,12,3,3,2214.61,1197.68
2025-05-01,MT03,481.34,8249,151,14,7,3,4100.23,2323.29
2025-05-01,OR01,0.0,8701,226,37,8,5,5309.61,2476.18
2025-05-01,OR02,0.0,13920,129,14,3,2,932.24,416.54
2025-05-01,TT01,508.43,2563,60,6,4,4,2311.52,1512.85
2025-05-01,TT02,460.92,3576,54,5,2,2,199.68,107.52
2025-05-02,EM01,62.49,487,17,7,1,1,392.28,187.22
2025-05-02,EM02,86.97,3465,93,26,3,1,1645.64,838.19
2025-05-02,EM03,9.02,346,7,0,0,0,0.0,0.0
2025-05-02,GG01,356.56,1198,85,23,10,2,5183.09,2544.96
2025-05-02,GG02,1124.77,3164,101,22,3,3,1888.19,962.24
2025-05-02,GG03,296.18,3003,41,7,2,2,1166.98,609.59
2025-05-02,MT01,484.44,8714,75,9,2,2,1033.57,493.29
2025-05-02,MT02,656.04,7260,98,17,3,3,1387.37,722.63
2025-05-02,MT03,490.84,13159,167,20,9,5,5506.1,3122.85
2025-05-02,OR01,0.0,6344,221,37,7,4,5530.54,2807.13
2025-05-02,OR02,0.0,12175,102,13,2,1,361.2,161.39
2025-05-02,TT01,416.96,2602,55,6,3,3,922.49,587.07
2025-05-02,TT02,702.24,5852,85,7,4,4,1701.94,916.43
2025-05-03,EM01,46.32,531,15,5,1,1,646.11,367.11
2025-05-03,EM02,184.21,6984,145,50,6,1,3703.22,1915.43
2025-05-03,EM03,75.91,3766,62,4,1,0,886.93,540.81
2025-05-03,GG01,207.46,658,51,11,7,2,5271.72,2621.99
2025-05-03,GG02,1471.66,2827,107,21,4,4,2564.26,1313.65
2025-05-03,GG03,232.68,2439,28,4,1,1,391.99,182.93
2025-05-03,MT01,786.91,12219,107,14,3,3,1770.1,1005.74
2025-05-03,MT02,244.88,2876,31,4,1,1,1098.6,610.34
2025-05-03,MT03,414.65,8490,128,11,5,0,2322.48,1235.73
2025-05-03,OR01,0.0,7207,233,45,8,2,5208.68,2535.33
2025-05-03,OR02,0.0,20665,219,31,4,0,2438.94,1234.8
2025-05-03,TT01,806.69,5077,121,11,7,7,2150.13,1346.2
2025-05-03,TT02,1132.18,8979,135,14,7,7,2024.7,1165.06
2025-05-04,EM01,4.71,37,1,0,0,0,0.0,0.0
2025-05-04,EM02,128.44,3417,94,29,3,0,912.69,425.92
2025-05-04,EM03,87.35,2858,58,3,1,0,554.99,338.41
2025-05-04,GG01,238.48,617,48,12,6,3,3888.04,1916.95
2025-05-04,GG02,983.81,2244,89,21,3,3,2484.4,1321.49
2025-05-04,GG03,811.11,8450,97,18,4,4,4473.65,2485.36
2025-05-04,MT01,1089.12,17499,147,18,5,5,3095.64,1699.37
2025-05-04,MT02,857.1,10912,125,20,5,5,2033.45,994.01
2025-05-04,MT03,309.8,5300,85,9,4,3,3041.74,1720.49
2025-05-04,OR01,0.0,5648,159,26,5,3,5301.85,2709.29
2025-05-04,OR02,0.0,16792,177,23,4,3,2634.45,1256.87
2025-05-04,TT01,797.41,5158,114,10,5,5,1187.45,664.97
2025-05-04,TT02,368.58,2493,39,3,2,2,922.96,496.97
2025-05-05,EM01,47.0,362,11,5,1,1,624.58,298.1
2025-05-05,EM02,85.94,2894,78,27,3,1,1993.61,992.88
2025-05-05,EM03,20.6,665,14,1,0,0,0.0,0.0
2025-05-05,GG01,147.27,465,36,8,4,4,2880.44,1484.76
2025-05-05,GG02,2478.93,6321,214,42,6,6,7122.07,3788.32
2025-05-05,GG03,359.74,3532,38,5,2,2,2075.56,1081.47
2025-05-05,MT01,702.16,11393,109,13,3,3,1410.4,775.78
2025-05-05,MT02,600.19,5706,59,8,2,2,1242.8,579.97
2025-05-05,MT03,495.27,10722,193,22,9,3,5236.23,2940.33
2025-05-05,OR01,0.0,5875,168,33,5,3,4224.81,2200.42
2025-05-05,OR02,0.0,19901,194,24,4,3,3030.73,1527.77
2025-05-05,TT01,193.81,1517,35,3,2,2,1272.81,813.11
2025-05-05,TT02,521.74,5079,70,7,3,3,329.55,211.25
2025-05-06,EM01,84.61,926,27,12,2,2,1069.11,607.45
2025-05-06,EM02,78.48,2851,72,22,3,0,2263.44,1234.32
2025-05-06,EM03,6.47,185,4,0,0,0,0.0,0.0
2025-05-06,GG01,154.46,401,32,7,4,4,3193.69,1646.23
2025-05-06,GG02,2689.52,4861,185,34,7,7,4789.25,2527.1
2025-05-06,GG03,192.83,2221,24,3,1,1,0.0,0.0
2025-05-06,MT01,1156.61,21378,179,19,4,4,2978.92,1648.92
2025-05-06,MT02,263.81,3174,36,5,1,1,611.43,339.68
2025-05-06,MT03,320.45,8226,123,14,5,1,2397.19,1241.84
2025-05-06,OR01,0.0,4839,148,30,5,2,2715.31,1264.18
2025-05-06,OR02,0.0,15714,170,19,5,2,4757.5,2483.91
2025-05-06,TT01,169.01,1337,26,2,1,1,0.0,0.0
2025-05-06,TT02,297.8,2205,37,3,2,2,707.1,380.75
2025-05-07,EM01,19.63,229,6,2,0,0,0.0,0.0
2025-05-07,EM02,34.19,1544,33,10,1,0,166.2,77.56
2025-05-07,EM03,87.12,3978,64,3,1,0,394.98,202.31
2025-05-07,GG01,321.75,854,61,14,7,3,3248.37,1406.49
2025-05-07,GG02,525.87,1294,41,8,1,1,289.32,129.27
2025-05-07,GG03,208.7,1778,24,3,1,1,820.14,455.63
2025-05-07,MT01,469.46,6776,68,8,2,2,1014.81,542.96
2025-05-07,MT02,208.44,2471,27,5,1,1,621.23,345.13
2025-05-07,MT03,323.94,6227,110,13,5,2,1816.52,961.02
2025-05-07,OR01,0.0,6334,175,32,5,4,2191.01,958.56
2025-05-07,OR02,0.0,13228,114,16,3,1,1349.25,658.5
2025-05-07,TT01,264.35,2294,46,4,2,2,632.7,354.31
2025-05-07,TT02,614.38,4198,68,7,4,4,1291.67,795.6
2025-05-08,EM01,95.05,750,19,7,1,1,356.42,170.11
2025-05-08,EM02,13.09,536,12,3,0,0,0.0,0.0
2025-05-08,EM03,14.65,528,11,1,0,0,0.0,0.0
2025-05-08,GG01,180.63,550,48,10,5,1,2825.02,1277.63
2025-05-08,GG02,2832.91,6266,213,47,7,7,5419.2,2755.39
2025-05-08,GG03,797.89,6504,78,11,4,4,3994.11,2218.94
2025-05-08,MT01,478.06,7559,68,8,2,2,965.26,460.7
2025-05-08,MT02,895.85,8505,106,17,3,3,1806.26,842.93
2025-05-08,MT03,454.7,10657,173,20,9,2,5216.29,2939.3
2025-05-08,OR01,0.0,9878,328,67,12,5,6942.36,3394.54
2025-05-08,OR02,0.0,9869,104,13,2,0,1153.6,566.66
2025-05-08,TT01,1067.12,5283,124,10,7,7,4422.78,2908.62
2025-05-08,TT02,152.94,1500,25,3,1,1,1706.66,1094.01
2025-05-09,EM01,39.96,313,11,5,1,1,403.07,192.37
2025-05-09,EM02,51.56,2082,51,16,2,1,811.94,378.91
2025-05-09,EM03,142.64,4882,97,5,2,0,1194.31,692.37
2025-05-09,GG01,190.56,440,39,10,4,1,1041.22,450.85
2025-05-09,GG02,443.3,1215,37,8,1,1,305.18,136.36
2025-05-09,GG03,161.15,1838,19,3,1,1,486.31,226.94
2025-05-09,MT01,629.03,11779,100,10,3,3,1384.09,755.3
2025-05-09,MT02,685.49,7886,95,16,3,3,1670.83,904.21
2025-05-09,MT03,511.06,12061,209,24,10,7,5743.82,3046.99
2025-05-09,OR01,0.0,7990,223,41,7,4,5225.11,2571.7
2025-05-09,OR02,0.0,22587,240,28,5,2,1829.52,871.65
2025-05-09,TT01,342.11,2556,55,4,3,3,754.71,475.88
2025-05-09,TT02,607.46,4970,71,6,4,4,1028.47,659.27
2025-05-10,EM01,41.2,449,12,5,1,1,204.47,97.59
2025-05-10,EM02,298.24,7092,201,66,7,1,3689.97,1862.34
2025-05-10,EM03,7.11,268,5,0,0,0,0.0,0.0
2025-05-10,GG01,369.84,1100,92,23,9,4,4053.22,1985.93
2025-05-10,GG02,2258.97,4419,158,27,5,5,3986.71,2030.88
2025-05-10,GG03,903.52,8977,100,13,5,5,2961.96,1531.2
2025-05-10,MT01,824.88,11295,124,18,3,3,1151.95,654.52
2025-05-10,MT02,428.81,5519,60,8,2,2,1216.94,631.72
2025-05-10,MT03,293.45,5589,87,9,4,0,1874.76,994.85
2025-05-10,OR01,0.0,13951,378,74,14,10,10513.89,5229.06
2025-05-10,OR02,0.0,10428,123,16,3,3,1389.56,672.52
2025-05-10,TT01,352.68,2498,59,5,5,5,1939.83,1221.82
2025-05-10,TT02,391.09,3634,52,6,2,2,1286.09,793.55
2025-05-11,EM01,117.31,773,26,11,2,2,882.18,421.04
2025-05-11,EM02,23.11,738,22,6,0,0,0.0,0.0
2025-05-11,EM03,65.95,2262,53,3,1,0,413.04,211.56
2025-05-11,GG01,125.0,368,24,6,2,0,1316.3,645.61
2025-05-11,GG02,1184.79,3354,106,20,4,4,2059.88,1048.42
2025-05-11,GG03,731.82,6054,81,12,4,4,4035.47,2168.54
2025-05-11,MT01,316.23,3995,44,6,1,1,927.33,526.89
2025-05-11,MT02,657.81,6334,81,13,4,4,2258.8,1254.89
2025-05-11,MT03,245.93,4940,77,7,3,0,1319.2,745.22
2025-05-11,OR01,0.0,5834,206,33,4,2,2264.15,1078.17
2025-05-11,OR02,0.0,22424,240,27,6,2,3981.86,2059.2
2025-05-11,TT01,818.33,5317,127,11,8,8,1719.13,1021.35
2025-05-11,TT02,273.63,2152,31,3,1,1,0.0,0.0
2025-05-12,EM01,167.32,1211,34,16,2,2,1970.26,1072.77
2025-05-12,EM02,321.04,9064,250,65,8,0,4625.59,2414.04
2025-05-12,EM03,13.51,414,9,1,0,0,0.0,0.0
2025-05-12,GG01,266.09,709,49,13,4,0,1633.63,748.38
2025-05-12,GG02,793.57,1698,62,13,2,2,1537.63,759.86
2025-05-12,GG03,749.96,8057,92,16,4,4,3540.3,1966.84
2025-05-12,MT01,427.72,6965,61,7,2,2,527.59,251.81
2025-05-12,MT02,1132.39,10693,132,20,5,5,2996.63,1593.27
2025-05-12,MT03,282.1,6092,103,12,4,2,2210.26,1300.15
2025-05-12,OR01,0.0,8457,251,49,8,3,4066.2,2011.38
2025-05-12,OR02,0.0,7614,96,10,2,0,553.72,247.41
2025-05-12,TT01,233.1,1507,31,3,1,1,252.2,141.23
2025-05-12,TT02,251.31,2933,37,4,1,1,230.82,124.29
2025-05-13,EM01,56.99,482,17,7,1,1,407.3,194.39
2025-05-13,EM02,185.41,4068,124,39,4,0,2784.57,1409.28
2025-05-13,EM03,104.45,2605,53,3,1,0,602.39,367.31
2025-05-13,GG01,514.14,1337,114,30,10,4,7354.65,3602.83
2025-05-13,GG02,1397.42,3531,110,22,4,4,2527.07,1292.64
2025-05-13,GG03,711.97,6576,85,14,4,4,4194.22,2330.13
2025-05-13,MT01,1987.23,20570,220,27,6,6,4146.46,2163.18
2025-05-13,MT02,197.63,2589,28,4,1,1,0.0,0.0
2025-05-13,MT03,472.98,8631,133,15,7,2,3463.22,1914.21
2025-05-13,OR01,0.0,9909,290,54,11,6,6490.04,3203.71
2025-05-13,OR02,0.0,8986,94,12,2,0,961.09,511.22
2025-05-13,TT01,685.16,5178,106,8,6,6,1489.09,904.3
2025-05-13,TT02,520.27,3535,57,5,3,3,1498.54,912.85
2025-05-14,EM01,4.19,29,1,0,0,0,0.0,0.0
2025-05-14,EM02,154.78,6039,171,58,6,0,2246.42,1128.59
2025-05-14,EM03,183.38,5715,121,6,2,0,1896.48,1156.39
2025-05-14,GG01,314.13,819,67,17,7,5,4362.05,2147.08
2025-05-14,GG02,1556.78,3429,115,25,4,4,2286.41,1216.18
2025-05-14,GG03,348.47,3470,43,6,2,2,1822.58,976.61
2025-05-14,MT01,648.25,11649,104,14,3,3,1744.15,933.96
2025-05-14,MT02,974.72,11870,130,18,4,4,1650.55,883.35
2025-05-14,MT03,358.6,6312,90,10,4,0,2061.12,1112.3
2025-05-14,OR01,0.0,9743,323,64,11,9,8150.46,4111.42
2025-05-14,OR02,0.0,16854,208,25,5,2,2412.63,1202.46
2025-05-14,TT01,629.32,4175,100,9,5,5,1883.37,1192.72
2025-05-14,TT02,205.47,2008,30,3,1,1,224.68,120.98
2025-05-15,EM01,67.32,630,15,7,1,1,0.0,0.0
2025-05-15,EM02,385.44,9429,286,82,10,1,6641.78,3463.57
2025-05-15,EM03,61.77,1748,36,2,1,0,418.05,214.12
2025-05-15,GG01,210.28,567,48,12,6,1,3192.88,1558.73
2025-05-15,GG02,774.8,1647,59,10,2,2,624.51,279.03
2025-05-15,GG03,1001.62,12270,141,23,6,6,4371.83,2428.8
2025-05-15,MT01,1112.91,13960,132,18,3,3,1977.49,1068.84
2025-05-15,MT02,314.01,3449,40,6,1,1,661.32,367.4
2025-05-15,MT03,253.42,5121,78,8,3,1,960.0,474.35
2025-05-15,OR01,0.0,5437,186,35,6,4,5810.82,3026.46
2025-05-15,OR02,0.0,36741,405,53,9,2,4078.07,2003.29
2025-05-15,TT01,717.1,5259,109,10,5,5,1838.3,1068.11
2025-05-15,TT02,454.02,4284,61,7,3,3,1273.06,766.17
2025-05-16,EM01,58.73,619,17,8,1,1,285.43,136.23
2025-05-16,EM02,58.46,2239,54,15,2,0,1482.43,823.57
2025-05-16,EM03,54.5,1900,30,1,0,0,0.0,0.0
2025-05-16,GG01,279.44,787,61,13,7,4,5396.5,2690.41
2025-05-16,GG02,1065.4,2768,81,16,3,3,854.65,381.87
2025-05-16,GG03,371.85,4010,46,7,2,2,2248.22,1155.9
2025-05-16,MT01,563.75,8934,77,11,2,2,830.06,396.17
2025-05-16,MT02,899.29,9504,107,18,4,4,2378.2,1198.27
2025-05-16,MT03,454.19,10868,128,11,7,3,4971.03,2864.32
2025-05-16,OR01,0.0,7178,210,38,7,1,6102.98,3014.09
2025-05-16,OR02,0.0,17197,185,23,4,3,2169.61,1105.64
2025-05-16,TT01,295.2,1655,42,4,2,2,747.84,418.79
2025-05-16,TT02,199.91,1550,24,2,1,1,0.0,0.0
2025-05-17,EM01,50.41,348,13,7,1,1,631.88,359.02
2025-05-17,EM02,122.73,3488,99,27,4,1,1828.44,853.27
2025-05-17,EM03,19.77,764,13,1,0,0,0.0,0.0
2025-05-17,GG01,173.98,386,32,8,3,2,2708.71,1396.24
2025-05-17,GG02,793.72,1795,69,12,3,3,1311.49,697.6
2025-05-17,GG03,601.1,6539,81,11,4,4,2561.09,1398.59
2025-05-17,MT01,893.39,16067,131,18,4,4,1956.42,1011.97
2025-05-17,MT02,449.88,5189,60,9,2,2,489.12,228.26
2025-05-17,MT03,370.41,7733,122,14,6,4,4171.41,2318.68
2025-05-17,OR01,0.0,6775,193,31,7,3,5982.09,3014.29
2025-05-17,OR02,0.0,21061,215,25,5,1,2846.83,1417.78
2025-05-17,TT01,599.76,5112,103,10,5,5,2048.33,1223.52
2025-05-17,TT02,14.75,141,2,0,0,0,0.0,0.0
2025-05-18,EM01,83.7,749,25,10,2,2,1143.98,624.61
2025-05-18,EM02,47.65,1808,41,13,1,0,0.0,0.0
2025-05-18,EM03,129.59,3467,81,5,1,0,749.97,457.3
2025-05-18,GG01,324.14,770,65,15,7,3,6305.72,3193.04
2025-05-18,GG02,1218.12,3210,114,24,4,4,1196.72,571.63
2025-05-18,GG03,922.68,7638,108,20,5,5,4991.19,2705.39
2025-05-18,MT01,1592.08,16196,167,21,4,4,1858.4,963.08
2025-05-18,MT02,871.84,11137,127,19,5,5,2395.38,1252.43
2025-05-18,MT03,378.35,8065,123,13,6,0,3402.41,1838.57
2025-05-18,OR01,0.0,4854,148,27,6,1,4003.11,2014.81
2025-05-18,OR02,0.0,15696,150,18,3,1,1137.9,573.72
2025-05-18,TT01,689.64,4585,94,8,6,6,2041.74,1202.58
2025-05-18,TT02,155.5,1381,19,2,1,1,516.83,278.29
2025-05-19,EM01,42.03,335,11,4,1,1,581.04,277.31
2025-05-19,EM02,134.43,4981,123,36,5,1,3743.23,1949.18
2025-05-19,EM03,114.29,3953,81,5,2,0,1105.51,633.14
2025-05-19,GG01,290.5,634,52,11,7,1,5665.08,2787.2
2025-05-19,GG02,1080.22,2522,83,19,3,3,1009.6,451.09
2025-05-19,GG03,190.15,1613,20,3,1,1,287.68,134.25
2025-05-19,MT01,968.42,17136,135,16,3,3,2278.54,1245.99
2025-05-19,MT02,317.04,4126,49,8,1,1,736.32,343.62
2025-05-19,MT03,299.87,8433,113,12,6,3,3270.84,1803.21
2025-05-19,OR01,0.0,8194,256,47,7,3,4228.34,2119.25
2025-05-19,OR02,0.0,22571,225,28,5,1,3971.98,2112.76
2025-05-19,TT01,440.7,2671,61,6,4,4,1731.16,1118.24
2025-05-19,TT02,368.72,3658,51,5,2,2,1051.18,639.44
2025-05-20,EM01,31.04,224,7,3,0,0,0.0,0.0
2025-05-20,EM02,46.85,1592,40,14,1,0,526.14,292.3
2025-05-20,EM03,41.88,1819,32,1,0,0,0.0,0.0
2025-05-20,GG01,124.33,421,33,8,4,3,2854.23,1387.31
2025-05-20,GG02,1265.99,2949,97,19,3,3,1477.64,696.61
2025-05-20,GG03,838.57,6687,80,15,4,4,3205.97,1781.11
2025-05-20,MT01,412.89,7626,69,9,2,2,1709.67,895.64
2025-05-20,MT02,396.44,4445,57,7,2,2,837.37,390.78
2025-05-20,MT03,512.75,10506,173,17,9,2,4283.13,2358.28
2025-05-20,OR01,0.0,7495,215,34,7,3,3798.53,1797.6
2025-05-20,OR02,0.0,9728,93,12,2,1,901.91,479.74
2025-05-20,TT01,473.13,2793,63,5,3,3,1553.46,1003.21
2025-05-20,TT02,234.55,2345,30,3,1,1,544.22,348.86
2025-05-21,EM01,28.73,213,7,4,0,0,0.0,0.0
2025-05-21,EM02,65.21,2435,57,16,2,0,369.35,172.36
2025-05-21,EM03,159.12,5679,116,5,2,0,1026.99,526.03
2025-05-21,GG01,156.99,429,30,6,3,2,1973.77,989.84
2025-05-21,GG02,767.52,1662,65,12,2,2,1187.6,593.23
2025-05-21,GG03,469.6,4027,60,7,3,3,1539.63,773.12
2025-05-21,MT01,830.35,13938,117,14,3,3,3733.42,2121.26
2025-05-21,MT02,780.97,9530,96,16,3,3,2790.56,1550.3
2025-05-21,MT03,333.63,7313,103,10,5,1,2607.89,1465.25
2025-05-21,OR01,0.0,8424,293,48,9,3,7620.25,3693.72
2025-05-21,OR02,0.0,19254,177,17,4,1,2661.64,1381.23
2025-05-21,TT01,358.06,2648,58,5,3,3,445.56,249.51
2025-05-21,TT02,342.81,2987,38,4,2,2,432.45,232.85
2025-05-22,EM01,80.08,635,22,10,2,2,1364.08,775.04
2025-05-22,EM02,164.1,4559,119,32,4,0,2706.99,1475.01
2025-05-22,EM03,30.43,772,17,1,0,0,0.0,0.0
2025-05-22,GG01,246.23,599,50,11,5,3,2898.95,1370.39
2025-05-22,GG02,1913.73,4663,187,37,8,8,5903.54,3102.08
2025-05-22,GG03,321.79,3038,38,6,2,2,2090.13,1161.19
2025-05-22,MT01,249.5,4030,31,4,1,1,837.79,476.02
2025-05-22,MT02,574.59,7198,75,10,3,3,669.18,312.28
2025-05-22,MT03,503.48,10058,168,16,7,4,2885.47,1563.61
2025-05-22,OR01,0.0,5364,141,23,5,3,4581.52,2230.92
2025-05-22,OR02,0.0,5879,56,8,1,0,352.6,157.55
2025-05-22,TT01,512.88,3372,78,7,4,4,1759.52,1066.34
2025-05-22,TT02,562.04,4634,66,8,3,3,1364.01,799.47
2025-05-23,EM01,103.66,814,26,11,2,2,742.74,354.49
2025-05-23,EM02,182.66,6487,161,44,6,0,2831.43,1517.31
2025-05-23,EM03,7.16,281,5,0,0,0,0.0,0.0
2025-05-23,GG01,357.62,880,69,18,8,4,2989.46,1369.09
2025-05-23,GG02,838.05,1438,53,12,2,2,1924.78,1023.82
2025-05-23,GG03,458.1,4531,59,10,3,3,1494.33,813.3
2025-05-23,MT01,1928.17,30389,262,25,6,6,3203.7,1703.67
2025-05-23,MT02,835.32,8579,111,19,4,4,1439.91,704.85
2025-05-23,MT03,373.98,7397,119,12,6,3,3663.04,2074.62
2025-05-23,OR01,0.0,8034,193,36,6,5,3869.67,1907.97
2025-05-23,OR02,0.0,19602,197,23,5,1,2889.21,1370.74
2025-05-23,TT01,399.54,2831,55,5,2,2,701.19,392.66
2025-05-23,TT02,497.33,3176,51,5,3,3,403.74,217.4
2025-05-24,EM01,9.11,98,3,1,0,0,0.0,0.0
2025-05-24,EM02,123.37,3682,101,31,4,1,2276.6,1133.19
2025-05-24,EM03,37.05,1281,25,1,0,0,0.0,0.0
2025-05-24,GG01,156.43,482,35,9,4,3,1797.74,877.31
2025-05-24,GG02,1391.32,2948,102,20,3,3,2517.71,1264.53
2025-05-24,GG03,317.39,3502,44,7,2,2,1269.57,676.1
2025-05-24,MT01,765.35,11089,102,11,3,3,1218.37,630.78
2025-05-24,MT02,875.22,9332,116,20,4,4,2083.63,1115.54
2025-05-24,MT03,528.02,10267,150,15,8,2,2645.85,1427.9
2025-05-24,OR01,0.0,8221,244,41,8,5,4974.47,2385.4
2025-05-24,OR02,0.0,19588,171,23,4,3,1801.26,910.92
2025-05-24,TT01,200.37,1356,26,2,1,1,249.39,139.66
2025-05-24,TT02,238.03,2768,30,3,1,1,631.86,405.04
2025-05-25,EM01,43.08,363,12,6,1,1,324.27,154.76
2025-05-25,EM02,149.96,5696,129,39,4,1,2801.13,1492.34
2025-05-25,EM03,71.04,2340,52,3,1,0,635.37,325.43
2025-05-25,GG01,265.53,794,69,15,8,1,2160.73,979.96
2025-05-25,GG02,1683.66,3188,118,22,5,5,3330.87,1564.67
2025-05-25,GG03,41.79,393,5,1,0,0,0.0,0.0
2025-05-25,MT01,607.28,10013,91,13,2,2,1461.66,697.61
2025-05-25,MT02,707.35,9782,90,12,3,3,1596.47,886.92
2025-05-25,MT03,511.34,9475,154,20,8,2,3383.58,1895.05
2025-05-25,OR01,0.0,14648,384,69,13,5,8914.09,4405.55
2025-05-25,OR02,0.0,8488,84,9,2,0,517.03,231.01
2025-05-25,TT01,607.82,3506,77,6,4,4,1006.13,615.65
2025-05-25,TT02,456.09,2978,50,5,2,2,377.6,203.32
2025-05-26,EM01,108.48,766,21,9,2,2,633.14,302.18
2025-05-26,EM02,83.52,3427,75,22,2,0,1716.68,882.48
2025-05-26,EM03,145.02,4462,95,5,2,0,1906.64,1113.34
2025-05-26,GG01,92.9,305,24,6,3,1,1970.2,993.99
2025-05-26,GG02,1527.18,3378,117,25,4,4,1062.76,535.35
2025-05-26,GG03,122.11,1305,19,3,1,1,812.12,451.18
2025-05-26,MT01,795.39,13191,116,14,3,3,1785.0,922.8
2025-05-26,MT02,598.76,6982,73,12,2,2,1264.05,665.14
2025-05-26,MT03,441.39,8180,129,11,5,2,1852.3,965.88
2025-05-26,OR01,0.0,7184,197,38,8,2,5595.4,2832.05
2025-05-26,OR02,0.0,22695,255,31,6,1,3942.26,1836.86
2025-05-26,TT01,577.7,4521,95,10,5,5,2127.23,1334.52
2025-05-26,TT02,476.13,3565,54,5,2,2,1074.96,689.08
2025-05-27,EM01,59.07,417,14,6,1,1,398.39,190.14
2025-05-27,EM02,75.21,2329,61,17,2,0,1296.83,720.46
2025-05-27,EM03,80.1,2337,48,3,1,0,386.37,197.9
2025-05-27,GG01,247.65,698,52,13,7,2,5051.52,2495.79
2025-05-27,GG02,1139.72,3575,109,23,4,4,1436.87,697.01
2025-05-27,GG03,506.32,4396,56,9,3,3,1656.44,848.84
2025-05-27,MT01,678.65,12931,108,13,3,3,453.75,216.55
2025-05-27,MT02,330.49,5015,49,7,1,1,346.84,161.86
2025-05-27,MT03,358.93,6153,113,12,5,2,3269.01,1874.86
2025-05-27,OR01,0.0,8945,208,38,7,2,5110.4,2562.12
2025-05-27,OR02,0.0,23890,233,28,6,0,3998.77,1873.02
2025-05-27,TT01,296.07,2048,45,4,2,2,414.06,231.87
2025-05-27,TT02,158.2,1090,15,2,0,0,0.0,0.0
2025-05-28,EM01,49.96,386,11,5,1,1,282.1,134.64
2025-05-28,EM02,130.32,4591,101,30,3,0,2858.95,1559.06
2025-05-28,EM03,166.93,4160,89,4,2,0,677.53,347.03
2025-05-28,GG01,556.16,1425,107,23,10,3,6632.29,3199.19
2025-05-28,GG02,655.43,1713,58,11,2,2,1816.02,965.97
2025-05-28,GG03,427.17,4304,55,8,2,2,1222.57,644.07
2025-05-28,MT01,703.41,14444,112,13,3,3,1439.08,757.57
2025-05-28,MT02,702.08,9827,119,18,4,4,1895.92,961.16
2025-05-28,MT03,237.82,6745,86,10,5,2,3391.58,1893.17
2025-05-28,OR01,0.0,2990,114,21,3,3,2158.74,1030.07
2025-05-28,OR02,0.0,13347,128,16,3,1,2207.58,1132.92
2025-05-28,TT01,416.44,3039,65,6,4,4,0.0,0.0
2025-05-28,TT02,441.14,2608,38,4,2,2,672.8,362.28
2025-05-29,EM01,67.95,656,19,8,2,2,2120.29,1204.71
2025-05-29,EM02,129.21,4452,112,41,4,0,2537.44,1306.67
2025-05-29,EM03,22.61,862,19,1,0,0,0.0,0.0
2025-05-29,GG01,293.66,929,64,15,9,2,7606.16,3758.61
2025-05-29,GG02,686.75,1419,50,11,2,2,1331.71,668.17
2025-05-29,GG03,483.23,5337,62,12,3,3,2965.26,1581.81
2025-05-29,MT01,1283.85,20828,176,21,4,4,3145.31,1688.07
2025-05-29,MT02,14.5,197,2,0,0,0,0.0,0.0
2025-05-29,MT03,277.1,7919,111,12,5,1,2899.35,1592.74
2025-05-29,OR01,0.0,6120,172,34,6,3,2029.92,1016.61
2025-05-29,OR02,0.0,11936,126,15,3,1,2020.37,1074.67
2025-05-29,TT01,339.92,1990,45,4,2,2,1003.6,669.06
2025-05-29,TT02,298.14,2321,34,4,2,2,648.05,348.94
2025-05-30,EM01,90.91,822,26,12,3,3,2089.3,1149.31
2025-05-30,EM02,89.97,2531,59,15,2,1,331.28,154.6
2025-05-30,EM03,14.52,537,10,1,0,0,0.0,0.0
2025-05-30,GG01,133.7,356,27,7,3,2,1935.01,954.09
2025-05-30,GG02,738.71,1491,49,10,2,2,1469.85,781.83
2025-05-30,GG03,430.2,4605,64,11,3,3,2326.47,1244.18
2025-05-30,MT01,458.38,5368,60,7,1,1,597.23,285.04
2025-05-30,MT02,572.84,7128,84,11,3,3,1235.81,614.31
2025-05-30,MT03,222.67,5591,81,10,4,0,1847.14,912.71
2025-05-30,OR01,0.0,12154,469,89,13,6,7633.54,3753.25
2025-05-30,OR02,0.0,22348,197,22,4,0,1536.82,749.73
2025-05-30,TT01,228.06,1422,35,3,2,2,612.27,342.87
2025-05-30,TT02,289.9,2645,38,4,2,2,477.96,257.36
2025-05-31,EM01,24.92,219,7,3,0,0,0.0,0.0
2025-05-31,EM02,69.25,2103,53,15,2,0,808.07,377.1
2025-05-31,EM03,84.26,2438,52,3,1,0,559.31,341.05
2025-05-31,GG01,387.94,943,75,20,8,5,3845.02,1800.8
2025-05-31,GG02,1368.94,2929,108,17,4,4,3465.77,1749.17
2025-05-31,GG03,638.59,7316,88,13,5,5,1252.21,584.37
2025-05-31,MT01,294.44,5936,46,6,1,1,403.26,192.46
2025-05-31,MT02,623.67,7813,96,13,4,4,2387.72,1268.86
2025-05-31,MT03,365.22,8014,128,11,7,2,3467.14,1863.55
2025-05-31,OR01,0.0,9608,317,58,10,4,7021.53,3524.46
2025-05-31,OR02,0.0,29933,295,35,7,2,2964.34,1446.94
2025-05-31,TT01,570.61,4433,78,7,4,4,909.33,577.13
2025-05-31,TT02,252.91,2382,33,4,1,1,243.93,131.35
2025-06-01,EM01,8.07,73,2,1,0,0,0.0,0.0
2025-06-01,EM02,99.54,2931,75,21,3,0,2614.97,1401.97
2025-06-01,EM03,61.21,1555,37,2,1,0,945.87,576.75
2025-06-01,GG01,305.81,1069,82,22,8,4,6241.71,3217.39
2025-06-01,GG02,504.66,938,35,7,1,1,742.74,395.07
2025-06-01,GG03,322.49,2678,36,5,2,2,2375.15,1319.53
2025-06-01,MT01,595.15,10348,91,10,3,3,1078.59,569.11
2025-06-01,MT02,484.87,6023,65,9,2,2,1941.42,1078.57
2025-06-01,MT03,401.06,7779,141,13,7,0,2908.82,1601.79
2025-06-01,OR01,0.0,10796,326,58,9,7,6416.13,3089.86
2025-06-01,OR02,0.0,10336,113,12,2,0,434.87,231.31
2025-06-01,TT01,315.22,2921,51,5,2,2,346.25,193.9
2025-06-01,TT02,110.16,717,12,1,0,0,0.0,0.0
2025-06-02,EM01,62.59,399,13,6,1,1,250.33,119.47
2025-06-02,EM02,205.38,5972,157,44,6,1,2014.23,1009.07
2025-06-02,EM03,90.45,2893,53,3,1,0,350.84,179.7
2025-06-02,GG01,549.79,1508,123,30,14,5,9581.09,4780.9
2025-06-02,GG02,907.49,2521,93,17,3,3,2573.76,1369.01
2025-06-02,GG03,761.69,7752,89,14,5,5,5038.33,2680.0
2025-06-02,MT01,951.38,14087,115,13,3,3,1838.95,938.42
2025-06-02,MT02,414.62,5113,63,9,2,2,1068.77,593.76
2025-06-02,MT03,584.11,12863,186,20,7,3,3784.51,2040.22
2025-06-02,OR01,0.0,7159,223,48,8,2,2913.52,1315.42
2025-06-02,OR02,0.0,11296,129,13,3,1,1611.06,792.4
2025-06-02,TT01,539.49,5237,99,8,5,5,1455.55,893.7
2025-06-02,TT02,7.78,72,1,0,0,0,0.0,0.0
2025-06-03,EM01,17.16,148,4,2,0,0,0.0,0.0
2025-06-03,EM02,157.65,4310,102,32,4,0,3418.89,1876.72
2025-06-03,EM03,62.0,2241,44,2,1,0,346.93,177.69
2025-06-03,GG01,335.33,900,64,17,7,3,4317.51,2037.43
2025-06-03,GG02,596.18,1580,55,10,2,2,1444.56,742.66
2025-06-03,GG03,589.6,6757,74,9,3,3,1795.33,905.29
2025-06-03,MT01,374.44,7046,61,6,2,2,793.68,418.67
2025-06-03,MT02,799.16,7323,84,13,3,3,1386.0,735.11
2025-06-03,MT03,340.3,5935,86,11,4,1,1758.78,951.57
2025-06-03,OR01,0.0,7736,206,42,8,2,4270.56,2112.22
2025-06-03,OR02,0.0,25587,293,36,8,1,4528.09,2323.33
2025-06-03,TT01,249.34,2086,39,3,2,2,518.39,290.3
2025-06-03,TT02,254.51,2035,30,3,1,1,216.15,116.39
2025-06-04,EM01,47.29,400,12,5,1,1,557.76,316.91
2025-06-04,EM02,123.27,3292,93,26,4,0,1924.62,1019.77
2025-06-04,EM03,113.87,4404,93,4,2,0,630.06,322.71
2025-06-04,GG01,312.56,620,50,12,5,0,2216.54,959.74
2025-06-04,GG02,442.36,1084,33,7,1,1,517.5,275.27
2025-06-04,GG03,427.63,4770,51,8,2,2,865.7,452.75
2025-06-04,MT01,595.16,8836,94,11,3,3,1740.19,961.16
2025-06-04,MT02,463.6,5508,64,9,2,2,1715.71,889.25
2025-06-04,MT03,287.52,4611,84,8,4,0,3033.6,1702.05
2025-06-04,OR01,0.0,7126,179,27,6,4,4890.89,2375.52
2025-06-04,OR02,0.0,35600,287,33,6,4,3762.85,1883.97
2025-06-04,TT01,418.24,2878,67,6,3,3,1150.06,735.14
2025-06-04,TT02,79.12,792,11,1,0,0,0.0,0.0
2025-06-05,EM01,25.28,226,6,3,0,0,0.0,0.0
2025-06-05,EM02,289.22,7922,194,52,8,1,5081.93,2589.93
2025-06-05,EM03,39.07,1197,22,1,0,0,0.0,0.0
2025-06-05,GG01,99.9,234,19,5,2,0,1077.41,555.37
2025-06-05,GG02,123.46,282,9,2,0,0,0.0,0.0
2025-06-05,GG03,652.75,8875,88,14,4,4,2317.63,1229.46
2025-06-05,MT01,124.12,2003,22,2,0,0,0.0,0.0
2025-06-05,MT02,469.47,4678,65,10,2,2,1141.19,600.7
2025-06-05,MT03,358.92,6830,119,11,5,0,3326.39,1788.92
2025-06-05,OR01,0.0,9621,276,46,10,2,6988.98,3377.16
2025-06-05,OR02,0.0,24886,247,26,6,0,3138.67,1591.18
2025-06-05,TT01,204.33,1208,34,3,2,2,816.05,520.33
2025-06-05,TT02,514.06,4287,64,7,3,3,1819.36,1078.34
2025-06-06,EM01,122.9,713,25,11,2,2,933.76,506.52
2025-06-06,EM02,78.92,2653,60,17,2,0,1695.04,941.69
2025-06-06,EM03,39.63,1256,25,1,0,0,0.0,0.0
2025-06-06,GG01,273.47,754,65,19,6,1,4113.75,2039.43
2025-06-06,GG02,1628.87,4213,133,27,5,5,4152.02,2175.01
2025-06-06,GG03,395.8,3790,61,9,2,2,2561.0,1422.77
2025-06-06,MT01,472.06,7462,73,8,2,2,1369.76,778.28
2025-06-06,MT02,527.06,4100,54,8,3,3,1037.54,524.1
2025-06-06,MT03,378.26,9186,139,14,6,0,3830.52,2149.8
2025-06-06,OR01,0.0,10925,253,48,9,3,5314.23,2688.67
2025-06-06,OR02,0.0,22411,213,24,5,1,3727.87,1936.85
2025-06-06,TT01,802.76,5806,134,17,7,7,3164.26,1960.03
2025-06-06,TT02,411.48,3060,51,6,3,3,1906.84,1222.34
2025-06-07,EM01,49.76,459,14,7,1,1,1635.02,928.99
2025-06-07,EM02,230.51,7101,197,60,7,1,4159.83,2180.67
2025-06-07,EM03,183.38,6256,121,6,2,0,1734.05,1057.35
2025-06-07,GG01,338.54,729,61,15,6,1,4676.2,2385.02
2025-06-07,GG02,1972.48,3194,127,19,4,4,2136.69,1065.33
2025-06-07,GG03,621.84,5232,68,9,4,4,2027.62,1126.45
2025-06-07,MT01,1876.27,30923,274,37,7,7,4826.06,2582.7
2025-06-07,MT02,136.74,1478,16,2,0,0,0.0,0.0
2025-06-07,MT03,639.13,14125,206,22,10,1,4973.09,2682.85
2025-06-07,OR01,0.0,11684,395,81,13,5,11112.34,5622.92
2025-06-07,OR02,0.0,15885,169,19,4,0,2592.03,1378.74
2025-06-07,TT01,433.75,3172,78,8,4,4,1099.6,670.97
2025-06-07,TT02,256.26,2269,32,5,1,1,338.12,182.06
2025-06-08,EM01,129.01,806,26,12,2,2,1094.95,599.98
2025-06-08,EM02,11.97,519,12,4,0,0,0.0,0.0
2025-06-08,EM03,29.38,901,18,1,0,0,0.0,0.0
2025-06-08,GG01,130.47,370,28,8,3,1,1013.15,438.68
2025-06-08,GG02,1117.19,2741,102,20,4,4,2919.29,1431.16
2025-06-08,GG03,651.48,6541,71,10,3,3,1157.44,540.14
2025-06-08,MT01,430.02,5544,56,6,1,1,506.15,287.59
2025-06-08,MT02,427.93,4758,56,7,2,2,1007.41,525.7
2025-06-08,MT03,291.96,5440,83,9,3,1,1219.81,602.72
2025-06-08,OR01,0.0,7653,252,42,8,5,5233.71,2516.21
2025-06-08,OR02,0.0,34633,320,42,8,4,5399.84,2744.9
2025-06-08,TT01,159.03,1218,26,2,1,1,270.44,151.45
2025-06-08,TT02,392.59,2392,41,4,2,2,664.53,403.16
2025-06-09,EM01,55.28,509,13,6,1,1,979.29,556.42
2025-06-09,EM02,33.86,1165,26,8,1,1,943.59,524.21
2025-06-09,EM03,50.99,1737,34,2,1,0,1133.62,691.23
2025-06-09,GG01,290.45,692,63,16,6,1,3242.11,1512.61
2025-06-09,GG02,13.19,32,1,0,0,0,0.0,0.0
2025-06-09,GG03,711.34,6678,89,14,5,5,2599.71,1365.45
2025-06-09,MT01,1117.12,20476,165,23,4,4,2312.3,1150.24
2025-06-09,MT02,963.62,13418,137,20,5,5,2041.86,1058.83
2025-06-09,MT03,519.92,6827,135,15,7,1,4269.97,2392.88
2025-06-09,OR01,0.0,7272,244,41,9,3,5606.13,2714.72
2025-06-09,OR02,0.0,11452,116,14,2,0,1056.86,532.27
2025-06-09,TT01,426.22,2963,71,6,4,4,1952.56,1301.71
2025-06-09,TT02,731.49,5899,84,8,4,4,1363.49,734.19
2025-06-10,EM01,72.6,509,15,6,1,1,942.24,535.37
2025-06-10,EM02,183.32,6536,178,49,6,2,4144.23,2204.66
2025-06-10,EM03,87.46,2743,54,3,1,0,529.39,271.15
2025-06-10,GG01,280.9,829,69,16,9,3,4667.35,2108.29
2025-06-10,GG02,475.16,1064,37,8,1,1,475.62,252.99
2025-06-10,GG03,345.45,3443,36,5,2,2,873.62,485.35
2025-06-10,MT01,811.27,11293,108,13,2,2,729.5,348.17
2025-06-10,MT02,281.11,3509,38,5,1,1,446.02,208.14
2025-06-10,MT03,508.26,12902,191,21,8,0,5246.62,2962.81
2025-06-10,OR01,0.0,3480,94,17,3,1,1178.3,555.31
2025-06-10,OR02,0.0,21304,217,25,5,1,3048.98,1602.32
2025-06-10,TT01,272.94,1800,37,3,2,2,264.04,147.86
2025-06-10,TT02,145.12,1372,16,2,1,1,234.66,126.36
2025-06-11,EM01,16.7,126,4,2,0,0,0.0,0.0
2025-06-11,EM02,131.66,4197,108,31,4,0,3447.63,1915.35
2025-06-11,EM03,85.74,3916,73,4,2,0,1511.11,921.41
2025-06-11,GG01,319.02,637,53,16,5,1,4510.31,2216.55
2025-06-11,GG02,459.12,964,37,8,1,1,621.44,277.67
2025-06-11,GG03,270.11,3187,38,7,1,1,460.58,214.94
2025-06-11,MT01,525.65,10057,87,11,2,2,936.68,447.05
2025-06-11,MT02,715.61,7253,81,13,3,3,1234.23,653.05
2025-06-11,MT03,798.62,14551,222,21,10,2,5909.5,3317.63
2025-06-11,OR01,0.0,12868,340,66,13,5,7430.79,3547.04
2025-06-11,OR02,0.0,32018,325,38,6,3,2396.6,1153.81
2025-06-11,TT01,214.76,1822,35,3,1,1,0.0,0.0
2025-06-11,TT02,25.94,188,3,0,0,0,0.0,0.0
2025-06-12,EM01,14.6,89,3,1,0,0,0.0,0.0
2025-06-12,EM02,84.15,2599,70,21,3,0,2860.98,1550.77
2025-06-12,EM03,145.65,4100,89,5,2,0,1120.97,649.13
2025-06-12,GG01,225.05,732,55,14,8,4,4389.0,2088.11
2025-06-12,GG02,1313.02,2950,93,17,3,3,594.75,265.74
2025-06-12,GG03,586.11,5433,64,10,3,3,1673.35,862.85
2025-06-12,MT01,651.66,12606,107,12,3,3,1467.52,741.38
2025-06-12,MT02,446.57,6507,61,7,2,2,1100.43,513.53
2025-06-12,MT03,381.83,7541,131,14,6,1,4283.86,2456.26
2025-06-12,OR01,0.0,5865,205,37,7,3,5995.05,3034.99
2025-06-12,OR02,0.0,11119,126,14,2,0,2085.23,985.48
2025-06-12,TT01,363.6,2018,54,5,3,3,1627.14,985.4
2025-06-12,TT02,372.24,3223,53,5,2,2,605.25,325.9
2025-06-13,EM01,128.92,942,31,14,3,3,1473.71,703.37
2025-06-13,EM02,69.26,2350,58,19,2,0,462.87,216.01
2025-06-13,EM03,6.7,198,4,0,0,0,0.0,0.0
2025-06-13,GG01,447.26,1336,98,25,10,4,7517.68,3602.84
2025-06-13,GG02,1176.47,2237,92,20,3,3,2744.36,1459.77
2025-06-13,GG03,703.28,7296,93,14,5,5,3927.51,2181.94
2025-06-13,MT01,11.55,221,2,0,0,0,0.0,0.0
2025-06-13,MT02,1002.06,11924,125,16,5,5,3907.15,2084.71
2025-06-13,MT03,416.72,9519,143,13,7,2,3402.59,1961.8
2025-06-13,OR01,0.0,9067,296,53,11,6,6242.39,3006.87
2025-06-13,OR02,0.0,16191,151,19,4,0,2701.83,1327.11
2025-06-13,TT01,858.87,5122,126,10,6,6,1857.58,1081.43
2025-06-13,TT02,213.39,1629,24,2,1,1,553.17,297.86
2025-06-14,EM01,120.09,939,27,12,2,2,945.66,451.33
2025-06-14,EM02,123.1,3290,92,28,4,0,2200.56,1193.77
2025-06-14,EM03,29.74,998,19,1,0,0,0.0,0.0
2025-06-14,GG01,273.72,870,60,17,5,2,4401.64,2230.21
2025-06-14,GG02,860.15,2702,90,16,3,3,1000.42,502.01
2025-06-14,GG03,389.71,4620,50,7,3,3,2526.88,1403.82
2025-06-14,MT01,359.24,4921,48,6,1,1,0.0,0.0
2025-06-14,MT02,608.54,7027,76,10,3,3,1811.23,950.96
2025-06-14,MT03,422.7,8908,143,14,9,0,3120.26,1612.88
2025-06-14,OR01,0.0,2672,82,15,3,1,610.1,266.92
2025-06-14,OR02,0.0,29147,245,29,6,2,2050.55,962.72
2025-06-14,TT01,412.32,2717,68,6,4,4,1338.42,892.28
2025-06-14,TT02,408.35,3546,55,6,3,3,950.96,512.05
2025-06-15,EM01,25.53,214,6,2,0,0,0.0,0.0
2025-06-15,EM02,257.29,10621,244,60,8,1,4457.19,2352.58
2025-06-15,EM03,113.54,3558,81,4,2,0,625.77,320.51
2025-06-15,GG01,559.34,1398,120,35,14,3,9408.79,4552.04
2025-06-15,GG02,839.79,1617,64,13,2,2,829.76,441.36
2025-06-15,GG03,408.55,5137,57,7,2,2,1909.18,1060.65
2025-06-15,MT01,258.55,4314,40,4,1,1,693.82,331.14
2025-06-15,MT02,533.12,6068,63,8,3,3,2607.7,1409.65
2025-06-15,MT03,241.2,3921,73,8,4,1,3180.65,1798.56
2025-06-15,OR01,0.0,10182,324,55,10,0,5443.7,2659.5
2025-06-15,OR02,0.0,22527,218,27,5,2,2594.28,1283.3
2025-06-15,TT01,277.04,1119,32,3,2,2,266.41,149.19
2025-06-15,TT02,259.64,2333,34,4,2,2,796.75,429.02
2025-06-16,EM01,108.5,1021,26,11,2,2,2103.27,1195.05
2025-06-16,EM02,191.05,5318,142,52,5,0,2668.09,1357.67
2025-06-16,EM03,80.38,2777,54,3,1,0,240.23,123.05
2025-06-16,GG01,224.01,554,41,10,4,2,3267.21,1585.74
2025-06-16,GG02,765.16,1669,54,12,2,2,783.94,350.27
2025-06-16,GG03,938.84,8577,101,15,5,5,2873.89,1518.64
2025-06-16,MT01,376.45,4410,42,6,1,1,688.43,391.15
2025-06-16,MT02,101.29,1323,14,2,0,0,0.0,0.0
2025-06-16,MT03,391.44,8869,133,11,6,0,3740.47,2111.13
2025-06-16,OR01,0.0,11366,363,62,13,7,9328.56,4787.17
2025-06-16,OR02,0.0,8989,91,10,2,0,1156.58,567.26
2025-06-16,TT01,354.26,2435,50,4,3,3,842.11,471.59
2025-06-16,TT02,658.83,5377,86,9,3,3,466.34,251.11
2025-06-17,EM01,7.09,67,2,1,0,0,0.0,0.0
2025-06-17,EM02,96.3,3296,92,28,4,0,1178.3,549.88
2025-06-17,EM03,261.52,7557,154,8,3,0,984.45,504.23
2025-06-17,GG01,432.45,1206,94,23,9,2,5185.12,2577.7
2025-06-17,GG02,871.26,2236,79,15,3,3,2831.02,1505.86
2025-06-17,GG03,399.05,2876,43,7,2,2,1271.33,593.29
2025-06-17,MT01,1350.56,15757,153,18,4,4,1805.27,1025.72
2025-06-17,MT02,266.5,2611,29,5,1,1,731.67,406.48
2025-06-17,MT03,702.91,15330,210,20,11,2,4494.22,2608.17
2025-06-17,OR01,0.0,9362,289,43,9,2,5762.64,2781.58
2025-06-17,OR02,0.0,15363,167,20,4,1,1911.76,1016.89
2025-06-17,TT01,150.04,891,22,2,1,1,0.0,0.0
2025-06-17,TT02,702.28,4117,69,5,3,3,789.08,424.89
2025-06-18,EM01,15.26,109,4,2,0,0,0.0,0.0
2025-06-18,EM02,252.62,7815,187,54,6,0,3958.4,2128.94
2025-06-18,EM03,17.88,591,11,1,0,0,0.0,0.0
2025-06-18,GG01,323.5,733,59,12,7,3,4968.84,2490.24
2025-06-18,GG02,1081.75,2323,75,14,2,2,1348.13,672.05
2025-06-18,GG03,207.58,1947,26,4,1,1,338.26,157.85
2025-06-18,MT01,471.55,6310,63,8,2,2,963.0,547.16
2025-06-18,MT02,683.77,8924,96,16,3,3,2191.4,1108.37
2025-06-18,MT03,414.66,9725,130,13,7,1,4221.63,2384.9
2025-06-18,OR01,0.0,6876,227,34,8,4,5681.53,2909.85
2025-06-18,OR02,0.0,23382,240,25,6,1,3237.78,1525.3
2025-06-18,TT01,481.88,3288,70,6,3,3,559.04,313.07
2025-06-18,TT02,169.27,997,20,2,1,1,278.38,149.9
2025-06-19,EM01,31.29,243,7,4,0,0,0.0,0.0
2025-06-19,EM02,115.78,3385,94,26,4,0,2375.83,1263.99
2025-06-19,EM03,76.12,2430,48,3,1,0,799.09,487.25
2025-06-19,GG01,142.66,390,29,8,4,2,4539.49,2339.94
2025-06-19,GG02,1726.37,3548,133,25,5,5,3521.07,1846.8
2025-06-19,GG03,326.48,2660,41,6,2,2,779.55,407.38
2025-06-19,MT01,263.75,5628,47,6,1,1,0.0,0.0
2025-06-19,MT02,278.3,2650,31,5,1,1,0.0,0.0
2025-06-19,MT03,531.76,12191,169,16,8,2,4990.09,2732.36
2025-06-19,OR01,0.0,10161,275,55,9,6,5709.63,2855.09
2025-06-19,OR02,0.0,15942,172,19,3,1,1573.79,762.36
2025-06-19,TT01,389.57,2410,60,6,3,3,1645.54,1068.39
2025-06-19,TT02,718.2,4987,84,10,3,3,773.32,416.41
2025-06-20,EM01,55.38,525,15,8,1,1,844.08,479.59
2025-06-20,EM02,248.91,7596,191,74,7,1,3350.26,1680.04
2025-06-20,EM03,115.12,3827,71,4,2,0,1075.39,550.81
2025-06-20,GG01,246.37,547,50,13,5,1,3776.7,1899.76
2025-06-20,GG02,1483.45,3243,134,30,4,4,3185.41,1660.81
2025-06-20,GG03,570.81,5369,59,7,3,3,1210.31,605.45
2025-06-20,MT01,660.54,12851,97,13,2,2,1516.94,861.9
2025-06-20,MT02,392.98,4897,50,6,1,1,891.14,495.08
2025-06-20,MT03,306.52,6385,99,10,5,0,3310.48,1787.03
2025-06-20,OR01,0.0,11396,290,52,9,5,4059.95,1869.11
2025-06-20,OR02,0.0,11775,139,16,3,1,2057.63,1060.18
2025-06-20,TT01,151.55,1033,25,2,1,1,350.09,196.05
2025-06-20,TT02,878.46,6092,90,10,4,4,585.03,315.01
2025-06-21,EM01,124.24,957,30,13,2,2,1092.39,576.96
2025-06-21,EM02,95.76,2811,63,20,2,0,879.16,410.28
2025-06-21,EM03,176.74,6141,110,5,2,0,1181.05,694.05
2025-06-21,GG01,248.6,557,47,12,6,3,4742.58,2294.43
2025-06-21,GG02,121.21,244,9,2,0,0,0.0,0.0
2025-06-21,GG03,284.56,3159,34,5,1,1,243.46,113.62
2025-06-21,MT01,400.54,6411,57,8,1,1,859.8,488.52
2025-06-21,MT02,238.48,2730,31,4,1,1,749.71,416.5
2025-06-21,MT03,331.87,6890,111,10,5,3,2648.92,1481.38
2025-06-21,OR01,0.0,10142,351,60,10,3,6816.96,3363.67
2025-06-21,OR02,0.0,10385,107,13,2,0,662.25,295.9
2025-06-21,TT01,538.52,3816,86,7,5,5,1187.22,664.83
2025-06-21,TT02,447.6,4243,58,6,2,2,190.35,102.49
2025-06-22,EM01,84.08,708,20,9,2,2,648.08,309.3
2025-06-22,EM02,65.28,2700,62,21,2,0,1189.85,646.44
2025-06-22,EM03,23.86,743,17,1,0,0,0.0,0.0
2025-06-22,GG01,347.46,807,72,16,8,3,6990.03,3507.51
2025-06-22,GG02,1680.14,3763,150,30,5,5,3161.27,1629.35
2025-06-22,GG03,986.42,9792,123,21,6,6,4805.46,2593.72
2025-06-22,MT01,894.09,14589,127,17,3,3,1875.51,1065.63
2025-06-22,MT02,571.59,6994,73,11,2,2,1188.63,554.7
2025-06-22,MT03,279.69,5828,99,9,5,0,2577.06,1340.54
2025-06-22,OR01,0.0,9391,273,46,10,3,6041.39,3002.07
2025-06-22,OR02,0.0,17742,180,22,5,2,2758.64,1232.58
2025-06-22,TT01,349.24,2559,57,5,3,3,1078.84,668.14
2025-06-22,TT02,390.54,2822,40,4,2,2,1091.15,668.18
2025-06-23,EM01,30.85,339,10,4,1,1,792.31,450.18
2025-06-23,EM02,86.19,3895,88,25,3,0,1393.2,708.15
2025-06-23,EM03,86.58,3069,58,3,1,0,302.42,154.9
2025-06-23,GG01,279.77,812,57,17,7,2,5272.63,2606.71
2025-06-23,GG02,1630.04,3409,121,25,4,4,2890.37,1430.65
2025-06-23,GG03,372.29,4739,57,8,3,3,2469.97,1349.02
2025-06-23,MT01,1571.29,32147,295,35,7,7,4351.65,2343.9
2025-06-23,MT02,454.71,4864,56,9,3,3,2197.65,1153.18
2025-06-23,MT03,295.12,4253,80,7,4,2,3186.89,1795.03
2025-06-23,OR01,0.0,8570,241,36,9,2,5936.02,2942.82
2025-06-23,OR02,0.0,1334,13,2,0,0,0.0,0.0
2025-06-23,TT01,147.88,1059,24,2,1,1,0.0,0.0
2025-06-23,TT02,210.2,1921,27,3,1,1,714.01,457.7
2025-06-24,EM01,46.05,494,14,6,1,1,305.43,145.77
2025-06-24,EM02,178.52,5440,140,40,5,0,1147.83,535.66
2025-06-24,EM03,157.3,5370,92,4,1,0,521.09,317.74
2025-06-24,GG01,570.33,1406,103,29,10,2,5879.19,2759.09
2025-06-24,GG02,375.95,715,26,5,1,1,996.96,530.3
2025-06-24,GG03,76.69,648,8,1,0,0,0.0,0.0
2025-06-24,MT01,195.77,3455,32,4,1,1,468.57,223.64
2025-06-24,MT02,287.6,2486,34,5,1,1,929.65,516.47
2025-06-24,MT03,493.77,11624,173,20,7,2,5260.53,3039.98
2025-06-24,OR01,0.0,9791,322,59,11,5,6573.19,3211.28
2025-06-24,OR02,0.0,17891,159,21,4,0,1896.98,847.59
2025-06-24,TT01,377.53,2551,56,5,3,3,629.78,352.68
2025-06-24,TT02,364.91,3218,45,6,2,2,466.73,251.32
2025-06-25,EM01,116.91,725,25,10,2,2,1938.39,1101.36
2025-06-25,EM02,176.59,6315,159,42,5,0,2842.49,1474.3
2025-06-25,EM03,132.71,4453,88,4,2,0,1088.56,609.2
2025-06-25,GG01,384.7,1033,92,24,10,6,6026.93,2928.46
2025-06-25,GG02,1554.53,2794,86,16,3,3,3033.61,1613.63
2025-06-25,GG03,441.21,5891,61,10,3,3,1155.75,642.08
2025-06-25,MT01,307.73,5136,51,6,1,1,373.93,212.46
2025-06-25,MT02,206.33,1969,21,3,1,1,610.37,339.09
2025-06-25,MT03,360.79,7211,107,10,6,1,1776.32,984.68
2025-06-25,OR01,0.0,7811,277,43,11,5,6898.22,3356.31
2025-06-25,OR02,0.0,44892,433,64,9,3,6062.5,3011.4
2025-06-25,TT01,125.75,1173,24,2,1,1,700.46,466.98
2025-06-25,TT02,100.94,811,13,1,0,0,0.0,0.0
2025-06-26,EM01,27.3,209,6,3,0,0,0.0,0.0
2025-06-26,EM02,92.28,2804,67,23,2,0,1227.62,572.89
2025-06-26,EM03,95.87,3811,73,5,1,0,239.62,122.73
2025-06-26,GG01,422.49,907,83,19,10,3,7100.73,3562.97
2025-06-26,GG02,1014.04,1915,73,14,2,2,1383.05,709.69
2025-06-26,GG03,651.4,6293,75,12,3,3,964.11,449.91
2025-06-26,MT01,344.41,6248,51,6,1,1,393.63,187.87
2025-06-26,MT02,71.84,1233,11,2,0,0,0.0,0.0
2025-06-26,MT03,582.5,10111,159,18,10,0,5084.13,2868.19
2025-06-26,OR01,0.0,12276,375,62,12,4,7706.92,3908.78
2025-06-26,OR02,0.0,19276,208,20,5,1,2133.09,1017.56
2025-06-26,TT01,572.04,4119,86,7,4,4,922.02,600.45
2025-06-26,TT02,76.25,548,10,1,0,0,0.0,0.0
2025-06-27,EM01,61.8,434,15,6,1,1,897.2,509.77
2025-06-27,EM02,188.72,6748,174,63,6,0,3589.1,1773.1
2025-06-27,EM03,77.73,2817,57,3,1,0,714.41,435.61
2025-06-27,GG01,330.77,690,52,15,5,0,3490.8,1770.61
2025-06-27,GG02,713.52,1631,61,12,2,2,1586.32,813.09
2025-06-27,GG03,807.34,8978,114,17,7,7,5995.28,3306.75
2025-06-27,MT01,417.4,6566,58,7,2,2,739.03,352.72
2025-06-27,MT02,601.2,6646,80,13,3,3,856.8,456.16
2025-06-27,MT03,807.38,19650,262,21,10,3,5260.42,2940.34
2025-06-27,OR01,0.0,8931,284,49,10,5,8976.67,4614.69
2025-06-27,OR02,0.0,18247,173,22,4,0,3111.5,1620.17
2025-06-27,TT01,390.47,2722,61,5,3,3,813.82,455.74
2025-06-27,TT02,275.89,2227,34,3,1,1,446.37,240.35
2025-06-28,EM01,112.99,872,29,12,2,2,1098.23,524.16
2025-06-28,EM02,106.83,3384,80,20,3,0,3394.55,1885.86
2025-06-28,EM03,157.93,6263,116,6,3,0,1220.65,696.88
2025-06-28,GG01,276.49,699,61,15,7,3,4085.34,1925.94
2025-06-28,GG02,584.82,1505,57,12,2,2,1512.53,804.54
2025-06-28,GG03,817.39,7777,94,16,4,4,3901.15,2110.6
2025-06-28,MT01,820.46,13142,113,16,3,3,1310.76,693.61
2025-06-28,MT02,462.14,5368,60,8,2,2,601.35,280.63
2025-06-28,MT03,505.77,11878,161,16,8,0,3125.4,1679.61
2025-06-28,OR01,0.0,5119,160,26,6,2,4016.65,1937.33
2025-06-28,OR02,0.0,17132,186,21,4,1,1677.95,749.72
2025-06-28,TT01,191.43,1242,28,3,1,1,314.75,209.84
2025-06-28,TT02,343.21,2097,37,4,2,2,1066.93,633.65
2025-06-29,EM01,49.6,437,13,5,1,1,399.76,190.79
2025-06-29,EM02,227.04,6359,182,52,7,2,5342.72,2820.63
2025-06-29,EM03,7.82,308,6,0,0,0,0.0,0.0
2025-06-29,GG01,275.65,681,51,11,5,1,2098.31,951.36
2025-06-29,GG02,731.75,1594,52,11,2,2,1068.37,546.91
2025-06-29,GG03,265.71,2839,34,5,1,1,320.38,149.51
2025-06-29,MT01,1479.88,25469,234,26,8,8,5114.56,2792.48
2025-06-29,MT02,463.3,4847,52,9,2,2,1029.92,533.16
2025-06-29,MT03,409.94,10963,156,17,8,2,3737.07,2100.65
2025-06-29,OR01,0.0,8243,233,46,8,3,4592.43,2149.75
2025-06-29,OR02,0.0,22280,228,28,5,0,2806.67,1343.24
2025-06-29,TT01,285.49,1515,33,3,2,2,940.94,583.3
2025-06-29,TT02,488.8,3122,46,5,2,2,469.58,252.85
2025-06-30,EM01,3.71,31,1,0,0,0,0.0,0.0
2025-06-30,EM02,153.07,5479,138,50,5,0,2558.24,1334.33
2025-06-30,EM03,282.36,12282,210,9,4,0,3203.51,1917.71
2025-06-30,GG01,278.83,957,64,16,7,0,6295.96,3145.66
2025-06-30,GG02,685.73,1632,56,11,2,2,1487.75,791.35
2025-06-30,GG03,366.96,4228,49,8,2,2,989.73,461.88
2025-06-30,MT01,197.61,2618,28,3,1,1,687.36,390.55
2025-06-30,MT02,604.77,8013,85,12,3,3,4094.52,2274.73
2025-06-30,MT03,305.6,7417,120,13,5,0,1947.72,1059.76
2025-06-30,OR01,0.0,12496,333,64,10,2,5674.67,2839.34
2025-06-30,OR02,0.0,5621,56,6,1,1,524.96,279.24
2025-06-30,TT01,139.93,1140,25,2,1,1,809.53,539.69
2025-06-30,TT02,196.46,1973,30,3,1,1,404.76,217.95
2025-07-01,EM01,7.41,63,2,1,0,0,0.0,0.0
2025-07-01,EM02,106.81,3459,77,22,3,0,1843.34,952.35
2025-07-01,EM03,58.01,1627,31,1,0,0,0.0,0.0
2025-07-01,GG01,395.21,929,81,19,8,2,4591.43,2225.55
2025-07-01,GG02,851.03,2194,92,19,3,3,1442.82,644.66
2025-07-01,GG03,512.36,6015,79,12,5,5,2737.22,1404.77
2025-07-01,MT01,1405.16,20495,200,23,5,5,2246.53,1176.02
2025-07-01,MT02,1050.93,13717,139,21,5,5,1551.82,778.47
2025-07-01,MT03,169.27,5411,68,7,3,1,580.28,286.73
2025-07-01,OR01,0.0,6795,156,26,6,2,2948.08,1458.55
2025-07-01,OR02,0.0,28727,275,35,6,1,4283.92,2210.25
2025-07-01,TT01,108.12,808,19,2,1,1,506.92,283.87
2025-07-01,TT02,174.23,1464,18,2,1,1,0.0,0.0
2025-07-02,EM01,30.74,268,8,3,0,0,0.0,0.0
2025-07-02,EM02,82.61,2974,77,22,3,0,1352.85,688.68
2025-07-02,EM03,107.59,3117,73,4,2,0,1146.13,677.06
2025-07-02,GG01,187.19,571,43,11,5,1,3353.6,1643.56
2025-07-02,GG02,1812.47,5329,149,34,6,6,5161.94,2745.71
2025-07-02,GG03,321.8,3097,41,6,2,2,1386.89,770.5
2025-07-02,MT01,264.23,4750,41,6,1,1,434.66,207.45
2025-07-02,MT02,290.5,2699,31,5,1,1,608.37,283.91
2025-07-02,MT03,357.06,8841,116,10,6,1,5563.53,3272.67
2025-07-02,OR01,0.0,5101,147,29,4,1,3194.43,1580.99
2025-07-02,OR02,0.0,35855,365,42,8,3,5247.37,2579.88
2025-07-02,TT01,279.96,2214,43,4,2,2,505.67,283.17
2025-07-02,TT02,519.05,4669,62,6,3,3,2163.89,1356.01
2025-07-03,EM01,87.41,599,18,7,1,1,395.0,188.52
2025-07-03,EM02,134.23,4408,110,34,4,0,3119.21,1596.11
2025-07-03,EM03,123.81,3566,68,3,1,0,778.43,474.65
2025-07-03,GG01,298.05,647,53,14,6,2,4154.16,2043.61
2025-07-03,GG02,1754.07,4831,155,28,5,5,3352.15,1660.18
2025-07-03,GG03,205.24,2143,31,4,1,1,166.98,77.92
2025-07-03,MT01,597.79,9248,81,9,2,2,667.42,379.22
2025-07-03,MT02,470.89,5482,64,11,2,2,848.29,395.87
2025-07-03,MT03,480.96,10249,177,17,9,0,4206.14,2127.11
2025-07-03,OR01,0.0,17832,539,96,15,3,6704.42,3230.18
2025-07-03,OR02,0.0,16067,191,27,3,1,2819.67,1461.44
2025-07-03,TT01,200.85,1104,24,2,1,1,368.04,206.1
2025-07-03,TT02,104.7,909,13,1,0,0,0.0,0.0
2025-07-04,EM01,18.98,144,5,2,0,0,0.0,0.0
2025-07-04,EM02,309.16,13861,278,96,10,1,6346.42,3328.11
2025-07-04,EM03,141.68,4004,83,4,2,0,858.98,439.97
2025-07-04,GG01,678.65,1949,133,43,14,7,8558.69,4173.56
2025-07-04,GG02,1584.06,2573,94,23,4,4,3095.73,1592.54
2025-07-04,GG03,378.16,3448,45,8,2,2,1679.3,783.67
2025-07-04,MT01,722.94,10163,91,11,2,2,1426.92,810.75
2025-07-04,MT02,503.62,6152,75,10,3,3,876.02,408.81
2025-07-04,MT03,425.53,10366,152,16,7,1,4525.64,2559.95
2025-07-04,OR01,0.0,4145,142,31,4,3,2341.17,1104.45
2025-07-04,OR02,0.0,29952,310,39,6,0,4963.55,2589.34
2025-07-04,TT01,341.97,2887,63,5,4,4,1882.05,1185.67
2025-07-04,TT02,547.53,4210,67,7,3,3,1464.89,856.74
2025-07-05,EM01,16.08,130,4,2,0,0,0.0,0.0
2025-07-05,EM02,114.65,3342,89,28,4,0,1893.77,963.16
2025-07-05,EM03,160.44,6143,123,7,2,0,2556.95,1559.11
2025-07-05,GG01,246.89,707,66,15,7,1,4834.83,2396.31
2025-07-05,GG02,1730.32,3493,150,34,5,5,2934.99,1487.0
2025-07-05,GG03,344.13,3494,40,6,2,2,1979.6,1099.78
2025-07-05,MT01,735.3,14081,119,16,3,3,1430.44,736.01
2025-07-05,MT02,632.02,6173,65,9,2,2,787.35,415.23
2025-07-05,MT03,330.93,7544,107,11,5,2,2957.0,1655.04
2025-07-05,OR01,0.0,10285,293,50,9,4,4602.58,2073.36
2025-07-05,OR02,0.0,15343,167,21,4,2,1522.68,680.35
2025-07-05,TT01,378.32,2337,58,5,3,3,1663.49,1058.35
2025-07-05,TT02,328.28,1957,34,3,2,2,1036.44,620.52
2025-07-06,EM01,99.47,1128,31,15,3,3,1151.81,582.51
2025-07-06,EM02,160.65,5021,127,39,4,0,2351.29,1263.84
2025-07-06,EM03,123.86,3795,87,4,2,0,456.38,233.75
2025-07-06,GG01,295.85,657,60,15,9,5,4095.5,1846.96
2025-07-06,GG02,518.72,1184,41,7,1,1,559.44,297.57
2025-07-06,GG03,449.59,4535,53,9,2,2,2290.84,1272.69
2025-07-06,MT01,410.03,6447,65,7,2,2,751.62,358.72
2025-07-06,MT02,195.85,3250,33,5,1,1,628.26,293.19
2025-07-06,MT03,419.81,7947,133,15,5,0,1917.64,1095.29
2025-07-06,OR01,0.0,2143,63,11,2,0,1014.28,490.84
2025-07-06,OR02,0.0,13457,145,14,3,1,1948.1,946.12
2025-07-06,TT01,121.5,815,20,2,1,1,663.43,442.28
2025-07-06,TT02,467.72,4251,52,5,3,3,540.42,290.99
2025-07-07,EM01,50.59,479,14,6,1,1,992.61,563.98
2025-07-07,EM02,87.81,2426,73,27,2,0,1658.05,921.14
2025-07-07,EM03,57.99,1859,43,2,1,0,793.1,483.6
2025-07-07,GG01,309.17,802,63,17,7,3,4655.67,2253.06
2025-07-07,GG02,1563.07,3302,120,22,4,4,4579.63,2394.06
2025-07-07,GG03,343.38,4128,45,8,2,2,1394.35,774.65
2025-07-07,MT01,1279.92,22750,187,24,5,5,2992.91,1525.02
2025-07-07,MT02,500.31,6572,70,11,2,2,1335.92,742.18
2025-07-07,MT03,497.08,12651,176,18,7,0,2717.08,1457.26
2025-07-07,OR01,0.0,8092,246,46,9,2,5189.64,2582.71
2025-07-07,OR02,0.0,17285,187,21,5,0,4088.22,2174.58
2025-07-07,TT01,293.88,1801,45,4,3,3,773.4,433.11
2025-07-07,TT02,15.33,132,2,0,0,0,0.0,0.0
2025-07-08,EM01,61.13,655,16,6,1,1,704.42,400.24
2025-07-08,EM02,197.56,8070,194,57,7,0,3527.51,1852.83
2025-07-08,EM03,79.03,2466,49,2,1,0,738.13,450.08
2025-07-08,GG01,171.35,490,34,9,4,0,1819.2,787.69
2025-07-08,GG02,1276.13,2590,95,18,3,3,2058.75,1005.35
2025-07-08,GG03,80.88,684,11,1,0,0,0.0,0.0
2025-07-08,MT01,835.81,14258,107,15,2,2,997.58,476.12
2025-07-08,MT02,797.71,8748,95,15,3,3,999.89,533.91
2025-07-08,MT03,393.99,9365,125,14,6,0,1683.13,890.11
2025-07-08,OR01,0.0,8730,258,50,8,2,3599.58,1666.26
2025-07-08,OR02,0.0,16865,172,23,4,1,2337.81,1123.26
2025-07-08,TT01,249.53,2010,44,4,2,2,785.28,493.64
2025-07-08,TT02,117.55,899,13,1,0,0,0.0,0.0
2025-07-09,EM01,44.21,385,11,5,1,1,306.14,146.11
2025-07-09,EM02,113.24,4138,97,26,4,1,1744.03,885.59
2025-07-09,EM03,118.51,4720,78,4,1,0,934.53,569.83
2025-07-09,GG01,648.85,1327,109,30,11,0,6280.96,2933.38
2025-07-09,GG02,2029.69,4072,135,29,4,4,3112.61,1611.61
2025-07-09,GG03,98.46,961,11,2,0,0,0.0,0.0
2025-07-09,MT01,300.37,5697,46,4,1,1,1252.5,711.64
2025-07-09,MT02,318.07,3573,40,6,1,1,608.93,338.3
2025-07-09,MT03,627.41,14729,238,28,10,3,5258.88,2936.77
2025-07-09,OR01,0.0,7976,287,64,9,4,7113.58,3606.61
2025-07-09,OR02,0.0,20832,200,26,4,1,1966.93,1005.59
2025-07-09,TT01,469.73,3416,74,6,4,4,1150.65,644.36
2025-07-09,TT02,227.77,1724,28,3,1,1,252.41,135.91
2025-07-10,EM01,15.51,156,4,2,0,0,0.0,0.0
2025-07-10,EM02,118.35,4579,108,33,4,2,1738.98,928.79
2025-07-10,EM03,64.96,2178,52,3,1,0,522.08,318.34
2025-07-10,GG01,453.65,1192,103,30,11,5,6847.75,3392.03
2025-07-10,GG02,947.46,2099,69,12,3,3,2734.19,1403.49
2025-07-10,GG03,737.03,5452,68,10,3,3,2206.02,1175.7
2025-07-10,MT01,217.49,2806,26,3,0,0,0.0,0.0
2025-07-10,MT02,349.62,4809,47,7,1,1,853.53,474.19
2025-07-10,MT03,332.68,8448,131,14,5,2,2094.02,1095.82
2025-07-10,OR01,0.0,7893,290,57,8,4,6636.35,3234.48
2025-07-10,OR02,0.0,14561,136,15,3,1,3027.31,1495.45
2025-07-10,TT01,181.46,1112,26,3,1,1,0.0,0.0
2025-07-10,TT02,488.67,5046,64,7,2,2,767.81,413.44
2025-07-11,EM01,6.41,58,2,1,0,0,0.0,0.0
2025-07-11,EM02,160.33,6636,140,41,6,0,4995.92,2665.54
2025-07-11,EM03,156.47,4871,108,5,2,0,523.55,268.16
2025-07-11,GG01,417.49,874,83,18,8,1,4936.76,2452.21
2025-07-11,GG02,995.33,2857,81,20,3,3,3405.72,1811.56
2025-07-11,GG03,655.77,6861,83,11,4,4,1672.48,886.27
2025-07-11,MT01,910.42,14187,112,17,3,3,1138.44,623.35
2025-07-11,MT02,926.52,15385,144,20,6,6,3776.45,1983.84
2025-07-11,MT03,346.61,8376,119,12,6,1,5454.52,3180.07
2025-07-11,OR01,0.0,11130,298,60,10,4,6795.42,3314.35
2025-07-11,OR02,0.0,34115,362,43,10,0,7461.97,3743.59
2025-07-11,TT01,264.87,1777,43,3,2,2,1152.98,645.67
2025-07-11,TT02,263.35,2247,37,4,2,2,800.92,479.02
2025-07-12,EM01,94.52,759,23,9,2,2,1038.4,540.2
2025-07-12,EM02,114.05,4269,101,29,4,0,3253.23,1746.44
2025-07-12,EM03,127.1,4207,84,5,2,0,1732.6,1056.46
2025-07-12,GG01,309.63,1163,89,23,11,4,6026.49,2924.8
2025-07-12,GG02,193.67,403,16,3,0,0,0.0,0.0
2025-07-12,GG03,615.1,5562,69,9,3,3,920.49,429.57
2025-07-12,MT01,118.88,2432,21,3,0,0,0.0,0.0
2025-07-12,MT02,687.8,7966,89,15,3,3,1936.06,1047.89
2025-07-12,MT03,412.5,8887,113,12,5,1,2207.52,1267.56
2025-07-12,OR01,0.0,8380,307,68,10,3,5693.87,2638.87
2025-07-12,OR02,0.0,22390,263,28,7,1,3860.36,1964.39
2025-07-12,TT01,193.99,1221,27,2,2,2,1083.06,698.29
2025-07-12,TT02,649.33,5630,88,9,5,5,877.69,472.6
2025-07-13,EM01,127.06,893,30,14,3,3,1943.87,1104.47
2025-07-13,EM02,51.85,1470,37,11,1,0,502.94,279.41
2025-07-13,EM03,57.48,2153,37,2,1,0,175.01,89.64
2025-07-13,GG01,179.78,349,32,8,4,1,2692.73,1292.9
2025-07-13,GG02,1065.98,2847,89,16,3,3,1821.13,968.69
2025-07-13,GG03,526.1,5398,67,10,3,3,1368.98,725.47
2025-07-13,MT01,972.65,14953,136,16,3,3,1794.87,1019.81
2025-07-13,MT02,345.71,4253,51,7,2,2,1017.94,537.91
2025-07-13,MT03,525.55,13736,195,21,7,0,3072.96,1720.37
2025-07-13,OR01,0.0,9055,312,62,9,2,7056.86,3590.83
2025-07-13,OR02,0.0,15905,173,21,4,0,2083.53,1004.78
2025-07-13,TT01,281.38,1726,34,2,2,2,694.54,437.25
2025-07-13,TT02,205.62,1661,24,3,1,1,411.65,221.66
2025-07-14,EM01,129.36,800,26,12,2,2,370.37,176.77
2025-07-14,EM02,101.84,3619,84,27,3,2,1704.07,873.87
2025-07-14,EM03,25.07,967,19,1,0,0,0.0,0.0
2025-07-14,GG01,190.4,744,48,11,6,0,2897.25,1341.38
2025-07-14,GG02,972.11,1457,57,11,2,2,1790.79,952.55
2025-07-14,GG03,586.51,5971,72,9,3,3,2919.06,1621.7
2025-07-14,MT01,760.92,12986,110,13,2,2,779.87,372.21
2025-07-14,MT02,262.11,2814,35,5,1,1,1351.9,751.05
2025-07-14,MT03,492.75,9073,144,16,7,2,4461.18,2534.08
2025-07-14,OR01,0.0,9394,315,63,9,1,4499.39,2162.73
2025-07-14,OR02,0.0,27320,242,28,5,0,3010.87,1407.32
2025-07-14,TT01,344.43,2080,48,4,2,2,0.0,0.0
2025-07-14,TT02,61.68,589,8,1,0,0,0.0,0.0
2025-07-15,EM01,34.47,356,9,4,0,0,0.0,0.0
2025-07-15,EM02,352.7,10374,272,77,7,1,3979.72,2078.85
2025-07-15,EM03,15.44,471,11,1,0,0,0.0,0.0
2025-07-15,GG01,545.06,1596,126,34,15,6,12196.66,6082.28
2025-07-15,GG02,470.23,1105,36,8,1,1,265.62,118.68
2025-07-15,GG03,213.24,2548,28,4,1,1,665.44,369.69
2025-07-15,MT01,325.75,6616,52,5,1,1,869.52,494.04
2025-07-15,MT02,1241.91,17326,176,25,6,6,2952.08,1586.88
2025-07-15,MT03,721.44,15882,249,24,12,1,5214.52,2805.63
2025-07-15,OR01,0.0,10279,296,57,13,2,7504.71,3715.38
2025-07-15,OR02,0.0,26110,245,32,5,0,3207.35,1643.31
2025-07-15,TT01,491.13,2995,65,6,3,3,1251.91,782.16
2025-07-15,TT02,321.95,2381,37,4,2,2,1239.28,767.2
2025-07-16,EM01,56.95,391,14,6,1,1,563.3,268.85
2025-07-16,EM02,212.73,6590,155,44,5,2,2252.83,1177.57
2025-07-16,EM03,201.72,5963,133,7,3,0,1331.43,768.21
2025-07-16,GG01,177.51,465,37,9,4,2,3226.49,1637.03
2025-07-16,GG02,894.59,1883,66,15,2,2,1513.14,804.86
2025-07-16,GG03,984.67,10270,112,19,5,5,3767.76,2093.2
2025-07-16,MT01,299.68,3837,44,6,1,1,516.98,293.74
2025-07-16,MT02,459.56,5113,63,9,2,2,1796.75,957.17
2025-07-16,MT03,310.29,6546,95,9,6,2,2979.88,1568.2
2025-07-16,OR01,0.0,10423,246,37,7,2,4314.8,2146.63
2025-07-16,OR02,0.0,30285,275,34,6,2,3335.94,1576.31
2025-07-16,TT01,804.55,4967,111,10,6,6,2869.49,1769.8
2025-07-16,TT02,130.78,939,14,2,0,0,0.0,0.0
2025-07-17,EM01,88.9,843,23,8,2,2,1512.5,859.37
2025-07-17,EM02,60.72,3035,57,13,2,0,1593.01,825.15
2025-07-17,EM03,137.19,4123,90,4,2,0,1252.46,744.01
2025-07-17,GG01,162.4,388,32,8,3,0,1477.79,697.91
2025-07-17,GG02,394.78,912,30,5,1,1,785.75,417.95
2025-07-17,GG03,300.07,3338,46,8,2,2,1380.78,767.1
2025-07-17,MT01,1109.3,13652,150,17,3,3,1992.5,1132.1
2025-07-17,MT02,1199.34,14376,166,23,6,6,5262.99,2871.26
2025-07-17,MT03,948.09,17191,256,23,12,3,8583.12,4894.41
2025-07-17,OR01,0.0,7367,222,38,7,2,5601.46,2749.99
2025-07-17,OR02,0.0,13794,137,15,3,0,1543.78,758.18
2025-07-17,TT01,563.47,3794,89,8,5,5,2179.03,1423.9
2025-07-17,TT02,397.1,3120,50,5,3,3,1723.34,1104.72
2025-07-18,EM01,27.96,245,7,3,0,0,0.0,0.0
2025-07-18,EM02,293.03,9074,185,52,9,0,4305.41,2215.55
2025-07-18,EM03,65.4,2433,49,2,1,0,754.35,459.97
2025-07-18,GG01,387.8,1044,91,23,11,2,9197.3,4624.15
2025-07-18,GG02,1284.27,3831,123,31,4,4,2297.87,1143.47
2025-07-18,GG03,966.27,13756,160,27,8,8,4735.74,2615.33
2025-07-18,MT01,266.54,3823,40,5,1,1,442.82,211.35
2025-07-18,MT02,496.27,4675,55,7,2,2,741.84,346.19
2025-07-18,MT03,442.07,11650,175,19,8,0,3885.3,2147.75
2025-07-18,OR01,0.0,11133,358,68,13,6,10569.37,5383.1
2025-07-18,OR02,0.0,13683,142,17,3,1,1882.69,940.85
2025-07-18,TT01,280.52,2387,54,5,3,3,1682.84,1121.89
2025-07-18,TT02,96.16,793,12,1,0,0,0.0,0.0
2025-07-19,EM01,49.76,427,12,5,1,1,841.66,478.21
2025-07-19,EM02,103.36,4045,86,29,3,1,1428.47,715.66
2025-07-19,EM03,151.08,5615,102,6,2,0,1133.71,652.01
2025-07-19,GG01,234.75,490,40,9,5,3,2935.66,1371.19
2025-07-19,GG02,1411.33,2206,88,14,3,3,2504.69,1299.69
2025-07-19,GG03,16.02,152,2,0,0,0,0.0,0.0
2025-07-19,MT01,937.79,12560,118,16,3,3,720.14,343.71
2025-07-19,MT02,706.36,7347,69,11,2,2,1539.85,855.47
2025-07-19,MT03,654.43,13416,229,24,11,4,6211.06,3484.93
2025-07-19,OR01,0.0,12765,334,61,11,5,7725.96,3813.84
2025-07-19,OR02,0.0,20805,237,23,6,0,4261.29,2103.4
2025-07-19,TT01,909.2,7980,153,14,7,7,2635.25,1634.84
2025-07-19,TT02,96.95,982,14,1,0,0,0.0,0.0
2025-07-20,EM01,111.17,807,25,11,2,2,1301.61,707.55
2025-07-20,EM02,127.77,5364,129,39,4,0,2184.08,1191.27
2025-07-20,EM03,233.92,9273,164,8,4,0,1665.38,983.28
2025-07-20,GG01,266.06,748,57,17,6,3,3223.79,1591.2
2025-07-20,GG02,903.07,1927,78,13,3,3,3946.93,2099.43
2025-07-20,GG03,646.87,5762,69,8,4,4,2843.06,1550.68
2025-07-20,MT01,399.05,7572,65,8,2,2,945.53,502.27
2025-07-20,MT02,575.45,7908,80,11,3,3,1672.05,856.26
2025-07-20,MT03,533.67,11570,170,18,8,0,3737.08,2088.8
2025-07-20,OR01,0.0,8073,270,40,8,4,5440.08,2711.31
2025-07-20,OR02,0.0,26952,247,29,6,0,2762.91,1354.51
2025-07-20,TT01,839.99,4952,113,9,6,6,2554.93,1583.45
2025-07-20,TT02,496.03,4024,52,5,3,3,925.42,498.31
2025-07-21,EM01,71.34,652,17,6,1,1,865.28,491.64
2025-07-21,EM02,162.22,4768,130,38,5,0,2941.49,1454.98
2025-07-21,EM03,434.57,12382,264,14,5,0,3280.81,1937.54
2025-07-21,GG01,437.6,1086,79,21,10,2,5754.58,2818.4
2025-07-21,GG02,712.22,1614,55,12,2,2,1754.53,933.26
2025-07-21,GG03,556.59,5179,62,9,3,3,2150.22,1076.99
2025-07-21,MT01,692.99,12848,100,11,2,2,1712.3,972.9
2025-07-21,MT02,54.42,627,6,1,0,0,0.0,0.0
2025-07-21,MT03,702.96,14585,208,21,9,1,4985.06,2803.4
2025-07-21,OR01,0.0,14040,390,72,11,4,7831.67,3966.86
2025-07-21,OR02,0.0,36440,355,46,8,2,5534.98,2701.19
2025-07-21,TT01,520.47,4342,91,9,5,5,829.82,494.91
2025-07-21,TT02,46.32,337,5,0,0,0,0.0,0.0
2025-07-22,EM01,53.77,509,15,6,1,1,818.07,464.81
2025-07-22,EM02,237.49,7332,190,59,7,2,5317.54,2848.17
2025-07-22,EM03,327.34,11713,226,11,5,0,987.39,505.73
2025-07-22,GG01,427.8,1248,100,24,10,2,6252.89,3022.94
2025-07-22,GG02,1113.52,1940,82,16,3,3,1823.27,893.45
2025-07-22,GG03,186.72,1867,21,3,1,1,1084.93,602.74
2025-07-22,MT01,62.06,886,9,1,0,0,0.0,0.0
2025-07-22,MT02,165.35,2193,25,4,1,1,635.06,296.36
2025-07-22,MT03,516.81,10799,172,20,9,3,6073.64,3479.05
2025-07-22,OR01,0.0,8237,237,43,7,2,4942.8,2500.58
2025-07-22,OR02,0.0,12760,134,17,3,1,2270.62,1162.4
2025-07-22,TT01,357.52,2481,55,5,3,3,988.35,620.37
2025-07-22,TT02,194.19,1421,24,2,1,1,259.73,139.86
2025-07-23,EM01,14.08,141,4,2,0,0,0.0,0.0
2025-07-23,EM02,312.14,14434,287,83,9,1,6090.36,3313.68
2025-07-23,EM03,60.83,2010,38,2,1,0,629.53,383.86
2025-07-23,GG01,592.32,1045,85,21,7,4,5310.96,2737.6
2025-07-23,GG02,704.33,1906,63,13,2,2,2540.35,1291.89
2025-07-23,GG03,290.6,2020,28,4,1,1,1127.91,626.62
2025-07-23,MT01,306.93,6408,50,7,1,1,1060.19,602.38
2025-07-23,MT02,17.27,201,2,0,0,0,0.0,0.0
2025-07-23,MT03,490.6,10609,151,17,8,0,4323.95,2448.21
2025-07-23,OR01,0.0,10340,332,48,11,4,9714.4,4971.4
2025-07-23,OR02,0.0,22158,266,27,7,0,4304.61,2218.08
2025-07-23,TT01,304.66,2203,46,4,2,2,984.37,627.54
2025-07-23,TT02,632.27,6311,80,9,3,3,1471.71,845.85
2025-07-24,EM01,14.9,109,4,2,0,0,0.0,0.0
2025-07-24,EM02,204.29,4900,125,47,4,0,3705.63,2002.98
2025-07-24,EM03,74.51,2700,45,3,1,0,305.94,156.7
2025-07-24,GG01,157.56,418,33,9,4,1,1716.83,795.05
2025-07-24,GG02,456.48,1058,36,7,1,1,1437.47,764.61
2025-07-24,GG03,579.91,5150,59,9,2,2,1453.65,758.83
2025-07-24,MT01,712.95,13178,124,16,3,3,756.19,360.91
2025-07-24,MT02,621.58,7699,78,12,3,3,2843.11,1579.51
2025-07-24,MT03,476.2,11476,156,16,7,2,4054.59,2293.07
2025-07-24,OR01,0.0,8571,258,57,8,1,5074.07,2502.39
2025-07-24,OR02,0.0,15363,136,17,4,2,2077.5,1070.76
2025-07-24,TT01,524.01,3630,90,7,5,5,1908.56,1122.12
2025-07-24,TT02,235.02,2076,29,4,1,1,297.84,160.37
2025-07-25,EM01,50.41,416,14,6,1,1,0.0,0.0
2025-07-25,EM02,148.63,6822,151,42,5,0,4005.84,2121.14
2025-07-25,EM03,19.44,663,12,1,0,0,0.0,0.0
2025-07-25,GG01,314.94,765,66,15,10,4,7260.26,3549.87
2025-07-25,GG02,816.84,1459,60,10,2,2,379.28,169.46
2025-07-25,GG03,672.75,7073,84,11,4,4,2350.12,1180.58
2025-07-25,MT01,302.34,5018,42,5,1,1,666.49,378.69
2025-07-25,MT02,508.69,7662,81,14,3,3,2005.27,935.8
2025-07-25,MT03,554.0,12013,167,15,7,2,3790.43,2152.94
2025-07-25,OR01,0.0,11151,322,57,10,4,6335.09,3221.28
2025-07-25,OR02,0.0,20955,187,23,4,1,2016.29,971.7
2025-07-25,TT01,549.86,3253,69,6,3,3,328.04,183.7
2025-07-25,TT02,261.19,2158,31,3,1,1,0.0,0.0
2025-07-26,EM01,14.75,128,4,2,0,0,0.0,0.0
2025-07-26,EM02,164.92,4841,132,43,5,1,4999.96,2707.44
2025-07-26,EM03,168.27,4328,101,5,2,0,1318.68,758.6
2025-07-26,GG01,493.21,1451,98,21,11,2,7590.76,3641.94
2025-07-26,GG02,2514.95,4606,151,29,6,6,5509.71,2883.28
2025-07-26,GG03,788.27,9271,101,17,5,5,4196.96,2298.68
2025-07-26,MT01,754.66,12793,118,13,3,3,1432.45,813.9
2025-07-26,MT02,215.38,2646,31,5,1,1,654.5,363.61
2025-07-26,MT03,247.69,6109,80,7,4,2,2562.64,1432.16
2025-07-26,OR01,0.0,10579,333,58,8,4,6886.72,3428.5
2025-07-26,OR02,0.0,23455,245,30,7,1,5398.28,2693.65
2025-07-26,TT01,379.58,2597,54,5,3,3,383.93,215.0
2025-07-26,TT02,287.53,2641,33,3,1,1,471.85,254.07
2025-07-27,EM01,41.19,423,12,6,1,1,1322.22,751.26
2025-07-27,EM02,230.29,7686,184,63,8,0,4485.26,2385.85
2025-07-27,EM03,276.86,11906,190,8,4,0,1347.99,690.44
2025-07-27,GG01,154.82,388,33,8,3,1,3025.15,1559.35
2025-07-27,GG02,1081.74,2993,98,21,3,3,2621.71,1394.53
2025-07-27,GG03,373.96,4428,56,11,3,3,3245.75,1803.19
2025-07-27,MT01,540.63,9136,94,12,2,2,771.43,368.18
2025-07-27,MT02,201.78,2548,28,4,1,1,204.99,95.66
2025-07-27,MT03,291.7,6902,116,10,5,1,2613.98,1433.02
2025-07-27,OR01,0.0,10195,309,48,9,6,4158.44,2041.63
2025-07-27,OR02,0.0,35777,362,49,9,4,3434.9,1632.3
2025-07-27,TT01,158.78,853,20,2,1,1,377.94,251.96
2025-07-27,TT02,237.54,2262,29,3,1,1,307.9,165.79
2025-07-28,EM01,13.27,88,3,1,0,0,0.0,0.0
2025-07-28,EM02,186.49,5752,135,39,5,0,1895.46,884.54
2025-07-28,EM03,67.45,2787,52,2,1,0,652.9,334.41
2025-07-28,GG01,503.02,1094,94,25,11,1,7305.2,3529.34
2025-07-28,GG02,2023.2,3581,140,26,4,4,2408.89,1258.28
2025-07-28,GG03,173.73,1851,21,4,1,1,0.0,0.0
2025-07-28,MT01,521.98,9453,76,9,2,2,1092.09,620.51
2025-07-28,MT02,291.41,3521,37,6,1,1,756.54,420.3
2025-07-28,MT03,531.27,11466,163,18,8,1,4873.4,2678.18
2025-07-28,OR01,0.0,5990,173,32,5,3,4141.5,2112.31
2025-07-28,OR02,0.0,13841,145,19,4,0,1671.6,746.89
2025-07-28,TT01,658.57,3490,86,7,5,5,1118.32,626.26
2025-07-28,TT02,959.95,7029,117,15,5,5,2318.96,1394.65
2025-07-29,EM01,37.26,279,10,4,0,0,0.0,0.0
2025-07-29,EM02,390.42,10999,293,98,10,1,6495.7,3426.73
2025-07-29,EM03,28.56,1216,22,1,0,0,0.0,0.0
2025-07-29,GG01,447.54,1205,91,23,9,2,5644.89,2751.98
2025-07-29,GG02,828.65,1680,55,10,2,2,2129.76,1107.22
2025-07-29,GG03,323.39,2382,32,4,2,2,376.49,175.69
2025-07-29,MT01,914.07,14242,140,15,4,4,2693.09,1449.05
2025-07-29,MT02,312.97,3573,40,7,1,1,413.91,193.16
2025-07-29,MT03,604.3,13188,168,15,7,0,3991.55,2223.31
2025-07-29,OR01,0.0,5808,162,30,6,2,4089.69,2037.43
2025-07-29,OR02,0.0,24176,247,30,5,1,3329.0,1663.73
2025-07-29,TT01,307.12,2394,42,4,2,2,306.25,171.5
2025-07-29,TT02,307.89,2228,34,4,2,2,628.84,338.61
2025-07-30,EM01,23.01,201,6,3,0,0,0.0,0.0
2025-07-30,EM02,108.3,3286,93,26,4,0,1816.98,948.48
2025-07-30,EM03,138.33,4515,87,4,2,0,549.93,281.68
2025-07-30,GG01,461.8,1212,101,23,12,4,9671.07,4797.93
2025-07-30,GG02,137.53,334,12,3,0,0,0.0,0.0
2025-07-30,GG03,274.39,2214,29,5,1,1,615.73,342.07
2025-07-30,MT01,1216.51,16932,176,24,4,4,2180.24,1137.77
2025-07-30,MT02,595.13,7089,83,12,3,3,2041.43,1097.36
2025-07-30,MT03,660.07,16686,218,23,10,1,7664.59,4345.13
2025-07-30,OR01,0.0,8166,288,53,9,2,6428.27,3244.87
2025-07-30,OR02,0.0,28132,353,47,8,2,6855.65,3546.31
2025-07-30,TT01,345.58,3245,65,5,3,3,810.93,454.12
2025-07-30,TT02,220.75,1449,25,2,1,1,203.75,109.71
2025-07-31,EM01,77.79,511,17,9,1,1,552.91,314.15
2025-07-31,EM02,226.35,7869,210,59,7,0,3708.11,1962.71
2025-07-31,EM03,70.45,1796,37,2,1,0,854.77,521.2
2025-07-31,GG01,293.68,904,62,20,8,2,3105.86,1413.01
2025-07-31,GG02,1354.25,2388,99,20,4,4,2502.43,1265.93
2025-07-31,GG03,1426.72,12539,148,24,7,7,4963.85,2716.03
2025-07-31,MT01,350.34,5608,45,5,1,1,1152.96,655.09
2025-07-31,MT02,251.79,4117,38,6,1,1,1060.81,589.34
2025-07-31,MT03,142.07,2356,44,4,2,0,1853.12,1090.07
2025-07-31,OR01,0.0,14008,420,64,15,4,9811.45,4926.49
2025-07-31,OR02,0.0,12232,118,15,2,0,404.73,180.84
2025-07-31,TT01,260.93,2219,45,4,3,3,1000.89,621.57
2025-07-31,TT02,71.38,464,7,1,0,0,0.0,0.0
2025-08-01,EM01,69.7,646,19,10,2,2,690.18,329.4
2025-08-01,EM02,246.92,8210,187,60,6,0,3073.64,1569.71
2025-08-01,EM03,74.92,2837,54,2,1,0,305.66,156.56
2025-08-01,GG01,263.68,785,60,14,8,5,5207.86,2440.23
2025-08-01,GG02,1821.32,3867,120,24,4,4,2721.24,1335.74
2025-08-01,GG03,389.61,3562,47,7,3,3,2406.14,1317.35
2025-08-01,MT01,193.48,3416,29,4,1,1,579.87,276.75
2025-08-01,MT02,318.58,5034,53,8,2,2,2263.48,1220.79
2025-08-01,MT03,392.8,6407,101,9,5,1,1854.01,1050.01
2025-08-01,OR01,0.0,7437,238,46,8,2,5660.52,2911.41
2025-08-01,OR02,0.0,17473,184,20,5,1,2605.82,1316.23
2025-08-01,TT01,304.51,2361,46,5,2,2,341.51,227.67
2025-08-01,TT02,726.11,5342,78,8,3,3,545.06,349.4
2025-08-02,EM01,53.92,416,13,6,1,1,827.07,469.93
2025-08-02,EM02,195.4,7842,170,49,8,0,4666.92,2341.51
2025-08-02,EM03,99.08,2899,56,3,1,0,549.63,335.14
2025-08-02,GG01,278.5,682,60,14,7,1,4245.42,2002.2
2025-08-02,GG02,904.0,1671,58,10,2,2,2719.95,1446.78
2025-08-02,GG03,187.9,2082,24,3,1,1,1149.92,638.85
2025-08-02,MT01,259.17,4065,32,3,1,1,0.0,0.0
2025-08-02,MT02,401.24,5056,56,8,2,2,925.29,431.8
2025-08-02,MT03,476.31,10971,161,17,9,2,3872.28,1913.37
2025-08-02,OR01,0.0,9366,244,42,9,5,7046.42,3419.33
2025-08-02,OR02,0.0,29685,307,34,9,2,3995.53,1943.21
2025-08-02,TT01,238.87,1942,37,3,2,2,518.09,327.07
2025-08-02,TT02,235.26,1847,33,4,1,1,276.02,148.63
2025-08-03,EM01,56.82,421,12,5,1,1,0.0,0.0
2025-08-03,EM02,71.6,2066,55,19,2,0,922.51,430.5
2025-08-03,EM03,19.06,634,15,1,0,0,0.0,0.0
2025-08-03,GG01,271.38,1049,76,19,9,2,6230.65,3145.01
2025-08-03,GG02,597.55,1731,52,13,2,2,1739.27,925.14
2025-08-03,GG03,415.78,3184,48,7,2,2,820.2,382.76
2025-08-03,MT01,488.8,8817,68,8,2,2,1861.71,1057.79
2025-08-03,MT02,484.65,6376,65,11,2,2,496.17,231.55
2025-08-03,MT03,778.92,13370,251,25,11,2,6003.59,3351.56
2025-08-03,OR01,0.0,11210,336,64,11,6,7040.42,3436.61
2025-08-03,OR02,0.0,19255,207,25,4,1,1079.14,482.17
2025-08-03,TT01,510.15,3513,82,7,4,4,1020.88,651.01
2025-08-03,TT02,203.23,1647,25,3,1,1,826.91,530.07
2025-08-04,EM01,20.01,171,6,3,0,0,0.0,0.0
2025-08-04,EM02,109.82,3487,94,32,3,0,1279.43,639.56
2025-08-04,EM03,136.53,4824,90,5,2,0,1103.64,565.28
2025-08-04,GG01,459.73,1420,114,27,14,4,9362.6,4598.91
2025-08-04,GG02,1652.95,3229,123,27,5,5,4368.03,2266.06
2025-08-04,GG03,618.81,5628,68,9,3,3,1736.65,891.18
2025-08-04,MT01,1137.41,18694,159,18,4,4,2246.93,1239.51
2025-08-04,MT02,592.0,6503,64,11,2,2,1065.41,557.0
2025-08-04,MT03,818.55,17666,256,24,9,1,4948.62,2869.72
2025-08-04,OR01,0.0,12248,372,74,12,5,8662.96,4300.92
2025-08-04,OR02,0.0,20602,212,26,5,2,2409.55,1170.71
2025-08-04,TT01,327.71,2448,50,4,3,3,1340.03,862.92
2025-08-04,TT02,405.37,3242,51,6,2,2,478.28,306.59
2025-08-05,EM01,53.52,406,13,7,1,1,627.61,356.6
2025-08-05,EM02,222.95,6733,186,52,7,0,3483.73,1733.36
2025-08-05,EM03,17.44,679,14,1,0,0,0.0,0.0
2025-08-05,GG01,452.21,1356,94,26,11,5,7333.02,3636.73
2025-08-05,GG02,2281.43,3801,135,24,5,5,4062.28,2160.79
2025-08-05,GG03,8.1,83,1,0,0,0,0.0,0.0
2025-08-05,MT01,505.68,9158,93,11,3,3,1486.5,824.55
2025-08-05,MT02,761.81,8191,99,15,3,3,1558.32,797.87
2025-08-05,MT03,339.64,7644,136,14,6,0,2399.07,1329.83
2025-08-05,OR01,0.0,12112,313,53,9,2,3865.3,1738.55
2025-08-05,OR02,0.0,10448,100,12,3,1,1762.72,787.6
2025-08-05,TT01,354.77,1641,39,3,2,2,814.25,455.97
2025-08-05,TT02,14.72,149,2,0,0,0,0.0,0.0
2025-08-06,EM01,132.46,960,30,15,3,3,1429.66,749.63
2025-08-06,EM02,280.83,8479,188,52,6,0,5130.23,2850.13
2025-08-06,EM03,118.29,4491,86,4,2,0,658.5,401.52
2025-08-06,GG01,256.97,628,54,15,7,1,6010.1,3025.94
2025-08-06,GG02,961.64,2419,82,16,3,3,2049.81,1026.53
2025-08-06,GG03,998.11,8813,111,18,5,5,3712.12,1930.91
2025-08-06,MT01,117.12,1730,18,2,0,0,0.0,0.0
2025-08-06,MT02,133.61,1424,19,3,0,0,0.0,0.0
2025-08-06,MT03,205.62,4665,73,9,4,0,1406.85,745.15
2025-08-06,OR01,0.0,6841,230,38,8,2,5879.18,3006.28
2025-08-06,OR02,0.0,26502,254,29,6,3,4970.57,2550.61
2025-08-06,TT01,549.74,3594,84,7,4,4,1349.33,899.55
2025-08-06,TT02,99.92,946,12,1,0,0,0.0,0.0
2025-08-07,EM01,54.5,509,14,7,1,1,481.56,229.84
2025-08-07,EM02,97.39,3555,94,24,3,0,1025.18,525.29
2025-08-07,EM03,137.87,6212,105,4,2,0,778.88,445.14
2025-08-07,GG01,480.98,1095,85,21,8,4,3967.14,1965.15
2025-08-07,GG02,1067.61,2257,71,13,2,2,1602.85,785.72
2025-08-07,GG03,355.48,4146,46,7,2,2,1363.82,757.68
2025-08-07,MT01,469.86,6485,64,7,2,2,792.73,378.35
2025-08-07,MT02,649.26,6761,72,10,3,3,1934.0,1040.46
2025-08-07,MT03,1265.71,24111,386,36,15,2,9428.19,5300.64
2025-08-07,OR01,0.0,12487,369,57,12,2,7533.21,3697.29
2025-08-07,OR02,0.0,9871,99,14,2,0,1551.53,789.48
2025-08-07,TT01,557.35,3966,87,8,4,4,980.37,549.01
2025-08-07,TT02,217.95,1794,24,2,1,1,276.68,148.98
2025-08-08,EM01,44.88,409,13,6,1,1,1079.44,613.32
2025-08-08,EM02,69.83,2204,64,22,2,0,1258.6,699.22
2025-08-08,EM03,177.14,4518,104,5,3,0,1374.62,838.18
2025-08-08,GG01,351.6,896,66,13,8,1,6432.74,3242.91
2025-08-08,GG02,745.3,1293,48,10,1,1,682.87,363.23
2025-08-08,GG03,241.71,2469,29,5,1,1,875.18,486.21
2025-08-08,MT01,310.29,5910,45,6,1,1,341.14,162.81
2025-08-08,MT02,751.33,9296,93,14,4,4,3076.29,1709.05
2025-08-08,MT03,796.83,20141,321,32,13,1,4572.19,2564.39
2025-08-08,OR01,0.0,8816,277,55,8,2,4312.65,2026.52
2025-08-08,OR02,0.0,14478,144,18,3,1,1258.03,562.1
2025-08-08,TT01,6.6,40,1,0,0,0,0.0,0.0
2025-08-08,TT02,303.56,2474,38,4,2,2,1045.23,670.03
2025-08-09,EM01,15.69,133,4,2,0,0,0.0,0.0
2025-08-09,EM02,179.11,5465,140,42,6,0,3754.24,1920.46
2025-08-09,EM03,33.81,700,18,1,0,0,0.0,0.0
2025-08-09,GG01,246.04,555,49,12,6,0,3763.16,1878.7
2025-08-09,GG02,2141.27,3946,130,30,5,5,3032.63,1520.3
2025-08-09,GG03,293.12,3021,38,6,2,2,1976.37,1020.77
2025-08-09,MT01,549.88,10503,91,10,3,3,2363.84,1301.28
2025-08-09,MT02,231.35,3179,31,5,1,1,515.7,240.66
2025-08-09,MT03,942.79,20439,317,30,13,0,7606.36,4257.33
2025-08-09,OR01,0.0,18218,447,71,14,3,7555.53,3619.83
2025-08-09,OR02,0.0,18022,183,22,5,1,2850.08,1368.06
2025-08-09,TT01,342.66,2688,49,5,2,2,571.23,319.89
2025-08-09,TT02,219.7,1883,26,3,1,1,601.9,324.1
2025-08-10,EM01,9.3,60,2,1,0,0,0.0,0.0
2025-08-10,EM02,163.16,5543,149,50,5,0,2890.03,1497.36
2025-08-10,EM03,159.22,6267,131,7,3,0,1068.81,547.44
2025-08-10,GG01,202.46,673,46,13,5,1,3626.87,1869.51
2025-08-10,GG02,1517.35,3503,133,28,4,4,2612.1,1314.86
2025-08-10,GG03,292.73,2725,35,5,1,1,470.31,219.48
2025-08-10,MT01,307.98,5163,48,6,1,1,627.39,356.47
2025-08-10,MT02,196.48,3074,32,5,1,1,197.75,92.28
2025-08-10,MT03,474.51,7464,138,15,7,1,4593.33,2508.63
2025-08-10,OR01,0.0,7187,235,48,8,4,5334.27,2632.56
2025-08-10,OR02,0.0,28587,254,30,6,1,2925.28,1373.24
2025-08-10,TT01,349.33,2218,50,5,3,3,880.77,493.23
2025-08-10,TT02,1080.3,8324,130,13,6,6,2795.91,1629.14
2025-08-11,EM01,10.81,105,3,1,0,0,0.0,0.0
2025-08-11,EM02,138.4,4409,96,33,3,0,2307.56,1255.34
2025-08-11,EM03,137.72,4754,102,5,2,0,667.92,342.11
2025-08-11,GG01,397.01,967,77,20,9,2,6473.07,3184.36
2025-08-11,GG02,1937.14,4963,152,37,6,6,2751.55,1383.43
2025-08-11,GG03,298.1,2927,35,5,1,1,2095.56,1164.2
2025-08-11,MT01,593.42,8961,74,9,2,2,1121.6,594.28
2025-08-11,MT02,89.75,1051,13,2,0,0,0.0,0.0
2025-08-11,MT03,512.99,12562,180,18,9,0,4086.21,2321.34
2025-08-11,OR01,0.0,14141,420,84,12,6,9109.06,4485.32
2025-08-11,OR02,0.0,26873,269,27,6,0,2202.28,1117.27
2025-08-11,TT01,515.44,3409,77,7,4,4,2401.83,1601.22
2025-08-11,TT02,995.35,7101,116,12,5,5,1146.09,669.3
2025-08-12,EM01,12.68,106,3,1,0,0,0.0,0.0
2025-08-12,EM02,81.42,4294,99,32,4,0,1182.99,640.24
2025-08-12,EM03,163.91,4054,83,5,2,0,1313.35,776.84
2025-08-12,GG01,130.99,375,29,8,3,0,1694.59,840.81
2025-08-12,GG02,1498.94,2310,103,19,3,3,3018.56,1576.49
2025-08-12,GG03,420.47,4236,51,8,3,3,2074.4,1028.87
2025-08-12,MT01,537.57,9150,77,10,2,2,1334.94,637.14
2025-08-12,MT02,45.76,565,6,1,0,0,0.0,0.0
2025-08-12,MT03,269.33,7149,105,10,5,0,2556.08,1454.27
2025-08-12,OR01,0.0,6835,206,40,10,4,6466.31,3250.16
2025-08-12,OR02,0.0,34194,339,36,8,2,4275.7,2186.12
2025-08-12,TT01,195.25,1557,32,3,1,1,389.35,218.03
2025-08-12,TT02,313.38,2643,43,4,2,2,1507.92,966.62
2025-08-13,EM01,44.39,393,12,5,1,1,831.61,472.5
2025-08-13,EM02,59.03,2382,58,14,2,0,1015.44,534.81
2025-08-13,EM03,163.13,5076,88,4,2,0,1067.93,546.99
2025-08-13,GG01,249.42,526,53,12,6,0,1629.55,705.57
2025-08-13,GG02,1368.32,3142,97,21,4,4,1863.42,946.49
2025-08-13,GG03,284.95,3106,38,6,2,2,1845.06,1025.04
2025-08-13,MT01,272.82,4134,37,4,1,1,750.38,426.35
2025-08-13,MT02,217.56,2905,30,5,1,1,402.83,223.79
2025-08-13,MT03,535.99,13326,192,23,10,2,4725.17,2492.8
2025-08-13,OR01,0.0,13511,406,71,11,3,4887.05,2271.29
2025-08-13,OR02,0.0,45949,384,53,10,4,5676.53,2825.35
2025-08-13,TT01,380.74,2772,63,6,3,3,965.58,540.73
2025-08-13,TT02,228.46,1712,23,2,1,1,614.14,330.69
2025-08-14,EM01,234.97,1556,50,28,5,5,2531.32,1330.3
2025-08-14,EM02,248.01,9692,210,72,9,0,5774.15,3118.03
2025-08-14,EM03,158.7,4642,99,5,2,0,1127.6,650.63
2025-08-14,GG01,309.46,931,83,23,9,1,7882.39,3890.13
2025-08-14,GG02,777.71,1979,75,12,3,3,2341.17,1245.3
2025-08-14,GG03,467.13,5995,67,10,4,4,2098.19,1100.61
2025-08-14,MT01,746.99,11534,96,11,3,3,262.92,125.48
2025-08-14,MT02,494.18,5383,61,8,2,2,858.33,400.56
2025-08-14,MT03,562.22,13850,186,16,9,2,4351.19,2317.85
2025-08-14,OR01,0.0,4941,129,25,5,3,2837.42,1335.31
2025-08-14,OR02,0.0,22063,221,28,6,0,4106.44,2107.04
2025-08-14,TT01,149.74,1007,23,2,1,1,0.0,0.0
2025-08-14,TT02,375.75,3415,43,4,2,2,1250.64,738.56
2025-08-15,EM01,15.76,125,4,2,0,0,0.0,0.0
2025-08-15,EM02,213.29,6656,163,49,6,1,4032.57,2128.99
2025-08-15,EM03,150.36,5356,104,6,2,0,855.34,521.55
2025-08-15,GG01,170.21,398,35,9,4,2,3297.75,1633.14
2025-08-15,GG02,714.51,1082,44,9,2,2,1493.57,757.09
2025-08-15,GG03,1590.02,11489,153,24,7,7,3552.87,1779.79
2025-08-15,MT01,717.48,9886,100,12,3,3,876.32,418.25
2025-08-15,MT02,1547.28,19266,197,28,7,7,4840.67,2572.94
2025-08-15,MT03,767.1,16115,219,22,11,1,4883.12,2740.72
2025-08-15,OR01,0.0,17427,488,92,14,5,9955.03,5055.23
2025-08-15,OR02,0.0,15584,169,21,4,0,2288.74,1180.94
2025-08-15,TT01,862.08,5954,138,12,6,6,3568.68,2379.11
2025-08-15,TT02,138.49,1187,18,2,1,1,280.49,151.03
2025-08-16,EM01,55.11,514,16,7,1,1,1122.1,637.56
2025-08-16,EM02,193.62,6562,169,48,7,1,4799.5,2523.23
2025-08-16,EM03,20.02,735,15,1,0,0,0.0,0.0
2025-08-16,GG01,529.34,1591,112,29,12,2,7328.86,3496.81
2025-08-16,GG02,495.33,1433,41,6,1,1,297.54,132.94
2025-08-16,GG03,1222.38,11104,136,21,7,7,4556.34,2415.92
2025-08-16,MT01,973.08,19363,136,18,4,4,2577.2,1446.98
2025-08-16,MT02,310.03,4306,54,9,2,2,0.0,0.0
2025-08-16,MT03,340.8,7523,113,12,5,1,2514.4,1479.06
2025-08-16,OR01,0.0,18103,537,96,17,5,10108.88,4983.84
2025-08-16,OR02,0.0,25903,235,23,7,1,4334.97,2079.93
2025-08-16,TT01,208.85,1740,36,3,2,2,303.8,170.13
2025-08-16,TT02,1054.49,7063,99,13,5,5,2052.6,1273.86
2025-08-17,EM01,148.91,1293,37,22,3,3,1004.25,479.31
2025-08-17,EM02,303.36,9133,248,72,11,0,6098.0,3220.71
2025-08-17,EM03,248.31,9570,175,9,3,0,2444.6,1446.92
2025-08-17,GG01,379.31,788,76,21,9,1,3320.59,1609.53
2025-08-17,GG02,1113.16,2610,96,16,3,3,2381.21,1225.95
2025-08-17,GG03,636.84,7824,79,13,4,4,3935.93,2137.26
2025-08-17,MT01,630.11,8629,98,11,2,2,397.34,225.76
2025-08-17,MT02,650.97,9353,88,12,3,3,2636.53,1382.28
2025-08-17,MT03,274.84,7467,108,10,5,1,2825.99,1547.74
2025-08-17,OR01,0.0,13320,370,64,12,2,8633.08,4335.91
2025-08-17,OR02,0.0,29694,358,39,8,3,2623.18,1212.21
2025-08-17,TT01,411.06,3029,73,7,4,4,2093.43,1327.36
2025-08-17,TT02,179.92,1443,23,3,1,1,0.0,0.0
2025-08-18,EM01,73.56,673,21,8,1,1,617.1,350.63
2025-08-18,EM02,92.7,2510,65,18,2,0,632.87,295.33
2025-08-18,EM03,89.87,3531,65,3,2,0,839.2,429.83
2025-08-18,GG01,318.29,769,67,18,8,0,2983.69,1399.17
2025-08-18,GG02,1205.58,2206,78,18,2,2,1834.19,975.63
2025-08-18,GG03,446.77,3912,48,7,2,2,3313.32,1840.73
2025-08-18,MT01,636.2,8188,81,11,2,2,1025.67,489.53
2025-08-18,MT02,182.09,1968,23,4,1,1,673.41,374.12
2025-08-18,MT03,354.36,9545,129,14,6,2,1766.49,943.34
2025-08-18,OR01,0.0,14385,427,75,12,3,7662.4,3914.17
2025-08-18,OR02,0.0,28419,304,32,7,2,4453.66,2261.74
2025-08-18,TT01,435.63,2580,61,5,4,4,854.18,514.57
2025-08-18,TT02,7.74,73,1,0,0,0,0.0,0.0
2025-08-19,EM01,50.94,484,13,5,1,1,0.0,0.0
2025-08-19,EM02,183.18,4651,135,39,4,0,1915.28,1008.74
2025-08-19,EM03,27.0,913,16,1,0,0,0.0,0.0
2025-08-19,GG01,290.96,947,75,20,7,2,4437.05,2075.24
2025-08-19,GG02,2027.52,5000,161,36,5,5,3540.76,1844.36
2025-08-19,GG03,920.33,8672,111,17,6,6,4894.47,2686.38
2025-08-19,MT01,277.56,4446,43,5,1,1,0.0,0.0
2025-08-19,MT02,433.89,3730,48,7,2,2,594.78,330.43
2025-08-19,MT03,423.27,8862,148,15,8,0,3826.61,2129.97
2025-08-19,OR01,0.0,12081,415,69,14,2,6411.39,3037.07
2025-08-19,OR02,0.0,30069,307,47,8,2,4945.93,2547.54
2025-08-19,TT01,472.03,3641,83,10,3,3,1171.06,698.32
2025-08-19,TT02,202.5,1364,24,3,1,1,163.16,87.86
2025-08-20,EM01,80.24,620,19,9,1,1,444.83,212.3
2025-08-20,EM02,116.02,4527,99,25,4,0,1753.24,921.43
2025-08-20,EM03,118.63,3674,82,4,2,0,349.14,178.83
2025-08-20,GG01,603.43,1497,114,27,12,3,6787.98,3321.78
2025-08-20,GG02,806.96,1472,49,9,2,2,1006.87,449.88
2025-08-20,GG03,459.14,3847,47,7,2,2,968.99,538.33
2025-08-20,MT01,1105.87,15584,147,16,3,3,1450.21,758.41
2025-08-20,MT02,233.11,3118,37,6,1,1,387.91,181.03
2025-08-20,MT03,658.27,13644,197,22,11,3,5658.65,3072.84
2025-08-20,OR01,0.0,15293,444,87,14,4,9598.84,4662.7
2025-08-20,OR02,0.0,7559,97,13,2,0,2103.63,1118.95
2025-08-20,TT01,115.81,766,17,1,1,1,288.11,161.34
2025-08-20,TT02,258.53,2249,30,3,2,2,306.08,164.81
2025-08-21,EM01,3.99,30,1,0,0,0,0.0,0.0
2025-08-21,EM02,256.61,7795,208,65,8,0,5355.89,2807.39
2025-08-21,EM03,211.17,7706,138,6,3,0,2243.18,1343.44
2025-08-21,GG01,193.96,543,40,9,5,1,3608.49,1718.69
2025-08-21,GG02,1266.06,2990,98,19,3,3,1107.75,564.08
2025-08-21,GG03,175.76,1821,23,3,1,1,448.69,209.39
2025-08-21,MT01,705.08,9856,91,12,2,2,514.9,292.55
2025-08-21,MT02,225.96,3226,33,7,1,1,427.5,199.5
2025-08-21,MT03,535.94,11000,184,21,9,1,5225.93,2945.29
2025-08-21,OR01,0.0,9871,222,50,8,2,4993.36,2411.73
2025-08-21,OR02,0.0,28220,272,32,6,1,3286.24,1594.42
2025-08-21,TT01,607.8,3378,74,7,3,3,1675.29,1053.49
2025-08-21,TT02,102.75,830,11,1,0,0,0.0,0.0
2025-08-22,EM01,161.89,1500,38,15,3,3,1123.9,603.49
2025-08-22,EM02,203.4,6111,178,57,7,1,3939.63,2095.29
2025-08-22,EM03,10.21,254,5,0,0,0,0.0,0.0
2025-08-22,GG01,373.88,872,67,16,8,2,6633.71,3290.43
2025-08-22,GG02,1795.38,3990,136,28,7,7,4121.55,2065.36
2025-08-22,GG03,340.5,3791,47,8,2,2,1688.07,937.81
2025-08-22,MT01,622.0,10239,83,9,2,2,1414.86,773.05
2025-08-22,MT02,584.58,7260,74,11,2,2,1102.62,566.75
2025-08-22,MT03,585.72,12664,215,21,10,2,6212.8,3473.49
2025-08-22,OR01,0.0,13796,381,63,13,4,10816.64,5471.89
2025-08-22,OR02,0.0,30644,293,27,7,2,3752.91,1930.59
2025-08-22,TT01,115.92,934,22,2,1,1,219.19,122.75
2025-08-22,TT02,105.12,688,11,1,0,0,0.0,0.0
2025-08-23,EM01,82.47,526,17,8,1,1,754.85,428.89
2025-08-23,EM02,322.69,8792,198,70,8,1,3112.4,1517.98
2025-08-23,EM03,307.65,9683,207,10,3,0,1904.17,1136.29
2025-08-23,GG01,165.34,535,45,12,5,2,3129.16,1531.28
2025-08-23,GG02,1184.2,2465,93,18,4,4,2300.08,1079.77
2025-08-23,GG03,564.9,6930,79,12,4,4,2485.84,1360.46
2025-08-23,MT01,336.39,5423,47,5,1,1,316.07,150.85
2025-08-23,MT02,745.58,10229,111,18,3,3,1725.67,860.58
2025-08-23,MT03,419.17,8593,138,15,8,1,6810.12,3884.86
2025-08-23,OR01,0.0,12524,412,78,12,1,8753.64,4469.55
2025-08-23,OR02,0.0,19099,217,30,6,1,4124.94,2072.94
2025-08-23,TT01,694.23,4535,106,12,6,6,2770.86,1681.69
2025-08-23,TT02,270.69,2453,32,3,1,1,173.39,93.36
2025-08-24,EM01,108.65,878,29,12,2,2,1127.65,538.2
2025-08-24,EM02,225.18,8584,217,57,8,0,3736.32,1876.43
2025-08-24,EM03,155.99,5168,105,5,2,0,887.83,515.53
2025-08-24,GG01,330.57,801,71,14,7,2,5886.22,2901.39
2025-08-24,GG02,1054.76,2778,93,18,3,3,3182.72,1692.94
2025-08-24,GG03,617.52,6635,78,10,4,4,1177.84,549.66
2025-08-24,MT01,257.61,4610,43,5,1,1,0.0,0.0
2025-08-24,MT02,48.61,445,6,1,0,0,0.0,0.0
2025-08-24,MT03,723.58,14951,226,27,11,0,4929.08,2720.68
2025-08-24,OR01,0.0,8681,311,59,10,4,5919.37,2959.53
2025-08-24,OR02,0.0,11892,121,13,4,0,2923.29,1470.36
2025-08-24,TT01,383.75,3087,63,6,3,3,1402.64,844.81
2025-08-24,TT02,621.52,3546,72,7,3,3,1682.39,1056.2
2025-08-25,EM01,67.75,542,17,7,1,1,337.67,161.16
2025-08-25,EM02,72.1,2123,64,16,2,1,1636.31,851.85
2025-08-25,EM03,157.09,4679,91,5,2,0,915.49,532.45
2025-08-25,GG01,227.6,600,41,10,5,0,4585.88,2277.42
2025-08-25,GG02,1639.75,4060,114,23,4,4,2762.28,1397.59
2025-08-25,GG03,323.01,3398,50,9,2,2,1783.45,943.15
2025-08-25,MT01,338.09,5076,41,5,1,1,903.25,513.21
2025-08-25,MT02,147.13,1562,19,3,0,0,0.0,0.0
2025-08-25,MT03,384.89,9653,139,14,6,2,1379.19,681.48
2025-08-25,OR01,0.0,10365,338,70,10,3,8094.78,4136.85
2025-08-25,OR02,0.0,31574,243,29,6,3,2819.61,1374.76
2025-08-25,TT01,437.68,3239,68,7,3,3,542.57,303.84
2025-08-25,TT02,430.07,3876,60,7,3,3,846.15,455.62
2025-08-26,EM01,8.18,75,2,1,0,0,0.0,0.0
2025-08-26,EM02,100.92,2571,74,19,3,0,2145.86,1139.16
2025-08-26,EM03,117.05,3629,71,4,1,0,1103.02,672.58
2025-08-26,GG01,396.67,1323,98,21,12,1,8701.82,4197.4
2025-08-26,GG02,2336.6,4850,158,31,6,6,3271.33,1711.72
2025-08-26,GG03,259.72,3026,32,5,2,2,1589.3,852.37
2025-08-26,MT01,119.1,1688,16,2,0,0,0.0,0.0
2025-08-26,MT02,1272.67,13489,154,26,6,6,2817.68,1446.23
2025-08-26,MT03,529.9,9848,162,16,7,2,1809.3,948.72
2025-08-26,OR01,0.0,10007,327,58,11,4,6342.46,3120.09
2025-08-26,OR02,0.0,28862,288,36,6,3,2453.99,1181.42
2025-08-26,TT01,238.58,2067,42,5,2,2,1046.8,665.24
2025-08-26,TT02,282.83,2048,28,3,1,1,529.25,284.98
2025-08-27,EM01,59.84,509,14,6,1,1,0.0,0.0
2025-08-27,EM02,122.19,3569,101,29,4,0,528.83,246.79
2025-08-27,EM03,134.28,4397,85,5,2,0,1103.8,646.02
2025-08-27,GG01,114.86,260,21,5,2,0,2100.84,1082.91
2025-08-27,GG02,794.44,1524,55,11,2,2,1824.87,970.67
2025-08-27,GG03,231.79,2499,31,5,1,1,739.83,411.01
2025-08-27,MT01,378.08,6952,63,8,2,2,867.01,413.8
2025-08-27,MT02,446.08,3872,44,6,1,1,1672.28,929.05
2025-08-27,MT03,729.21,15638,206,20,9,2,3381.36,1806.27
2025-08-27,OR01,0.0,10738,316,55,11,2,7073.01,3476.84
2025-08-27,OR02,0.0,25757,218,23,5,0,3795.39,1973.94
2025-08-27,TT01,407.82,3018,68,6,3,3,1794.69,1150.5
2025-08-27,TT02,710.68,6266,95,9,3,3,1581.86,851.78
2025-08-28,EM01,111.04,876,25,12,2,2,1250.66,654.11
2025-08-28,EM02,219.21,5214,153,43,5,1,3108.88,1645.37
2025-08-28,EM03,218.76,10007,180,10,4,0,1196.88,662.2
2025-08-28,GG01,268.92,561,48,11,5,1,2246.67,1016.15
2025-08-28,GG02,1408.54,2731,99,23,4,4,3807.72,1964.44
2025-08-28,GG03,516.89,5108,66,10,3,3,2483.89,1303.73
2025-08-28,MT01,353.94,5447,53,6,1,1,1160.78,659.54
2025-08-28,MT02,650.62,7197,89,11,2,2,1046.24,561.83
2025-08-28,MT03,446.86,10851,160,17,7,1,2462.69,1343.01
2025-08-28,OR01,0.0,8316,212,36,8,1,5417.1,2616.84
2025-08-28,OR02,0.0,11843,122,16,3,1,1731.61,835.82
2025-08-28,TT01,474.94,3075,64,6,4,4,3057.42,2006.62
2025-08-28,TT02,161.16,1066,19,2,1,1,0.0,0.0
2025-08-29,EM01,127.16,1141,33,13,2,2,641.72,364.61
2025-08-29,EM02,285.15,7006,182,50,8,0,3711.58,1849.11
2025-08-29,EM03,129.34,3933,67,3,1,0,683.9,350.29
2025-08-29,GG01,194.07,471,38,9,4,0,4017.62,2070.94
2025-08-29,GG02,1010.91,1885,66,13,2,2,722.76,384.45
2025-08-29,GG03,553.62,5471,63,10,3,3,2635.65,1369.22
2025-08-29,MT01,1229.44,16870,178,18,5,5,2223.19,1141.87
2025-08-29,MT02,238.18,2942,33,5,1,1,625.75,292.02
2025-08-29,MT03,899.89,17389,269,25,12,2,6211.89,3457.06
2025-08-29,OR01,0.0,5500,178,38,6,0,4603.14,2281.15
2025-08-29,OR02,0.0,43473,391,51,9,3,6853.27,3506.69
2025-08-29,TT01,456.15,2573,61,6,3,3,1064.15,671.52
2025-08-29,TT02,590.14,4278,63,6,3,3,473.83,255.14
2025-08-30,EM01,67.85,686,20,7,1,1,283.79,135.44
2025-08-30,EM02,210.19,7268,167,56,6,2,4531.23,2412.02
2025-08-30,EM03,162.49,5331,99,5,2,0,1712.18,1044.01
2025-08-30,GG01,178.14,499,41,9,5,2,3619.15,1792.81
2025-08-30,GG02,1658.33,3423,133,25,4,4,3472.09,1770.18
2025-08-30,GG03,176.23,1919,20,3,1,1,443.15,206.8
2025-08-30,MT01,419.67,5934,55,6,1,1,344.96,164.64
2025-08-30,MT02,704.78,8209,82,11,2,2,1874.5,1041.39
2025-08-30,MT03,397.76,8545,134,13,8,1,4887.09,2709.73
2025-08-30,OR01,0.0,7627,237,48,9,4,6494.68,3182.75
2025-08-30,OR02,0.0,21918,226,31,6,2,5428.53,2854.64
2025-08-30,TT01,127.2,851,19,2,1,1,261.35,146.36
2025-08-30,TT02,53.7,430,7,1,0,0,0.0,0.0
2025-08-31,EM01,92.38,752,22,7,2,2,1687.6,922.15
2025-08-31,EM02,86.76,3049,75,23,2,0,1733.68,963.15
2025-08-31,EM03,214.57,6410,131,7,3,0,1619.03,958.19
2025-08-31,GG01,574.66,1615,134,34,20,2,12243.37,5930.3
2025-08-31,GG02,1257.63,2668,83,15,2,2,876.63,437.02
2025-08-31,GG03,216.25,2879,32,4,1,1,740.66,345.64
2025-08-31,MT01,439.68,8987,79,9,2,2,2555.28,1451.87
2025-08-31,MT02,1117.29,10692,117,19,4,4,2638.13,1392.14
2025-08-31,MT03,360.12,7826,123,13,6,0,3330.64,1898.02
2025-08-31,OR01,0.0,11951,329,53,12,3,6189.51,2995.94
2025-08-31,OR02,0.0,13335,136,20,3,0,316.1,141.24
2025-08-31,TT01,138.78,1188,24,2,1,1,0.0,0.0
2025-08-31,TT02,640.05,5182,68,7,3,3,916.92,563.9
2025-09-01,EM01,63.85,555,16,8,1,1,847.64,481.61
2025-09-01,EM02,181.35,5986,180,52,6,1,3817.68,1997.79
2025-09-01,EM03,10.51,284,6,0,0,0,0.0,0.0
2025-09-01,GG01,321.56,765,66,17,8,2,4158.39,1974.16
2025-09-01,GG02,1559.86,2887,108,21,4,4,3485.77,1803.9
2025-09-01,GG03,455.59,3996,49,7,3,3,2771.68,1516.82
2025-09-01,MT01,1481.59,28355,211,21,5,5,3749.86,2111.57
2025-09-01,MT02,325.93,4097,39,6,1,1,705.61,392.0
2025-09-01,MT03,272.54,5367,90,8,4,0,2378.97,1275.17
2025-09-01,OR01,0.0,8522,260,54,10,3,6574.14,3261.94
2025-09-01,OR02,0.0,46673,513,55,11,0,6534.59,3346.86
2025-09-01,TT01,281.3,2016,44,4,2,2,679.99,380.79
2025-09-01,TT02,507.81,3696,66,6,3,3,1502.46,899.85
2025-09-02,EM01,38.62,256,8,3,0,0,0.0,0.0
2025-09-02,EM02,190.93,6973,186,59,8,2,6562.53,3625.22
2025-09-02,EM03,229.8,6684,134,6,3,0,1667.64,993.61
2025-09-02,GG01,338.23,881,64,15,8,4,6449.33,3205.7
2025-09-02,GG02,1029.14,2364,79,18,2,2,1760.42,885.0
2025-09-02,GG03,363.3,4109,48,7,2,2,0.0,0.0
2025-09-02,MT01,442.41,6744,63,8,2,2,987.37,471.24
2025-09-02,MT02,367.4,3791,42,5,1,1,453.32,211.55
2025-09-02,MT03,670.39,11938,201,20,11,0,6327.63,3584.61
2025-09-02,OR01,0.0,14501,399,72,12,4,8111.51,3997.47
2025-09-02,OR02,0.0,35444,302,36,7,3,3463.3,1773.22
2025-09-02,TT01,404.61,2446,49,4,2,2,262.17,146.82
2025-09-02,TT02,721.4,5522,83,8,4,4,884.3,514.02
2025-09-03,EM01,27.93,214,7,3,0,0,0.0,0.0
2025-09-03,EM02,60.9,2829,68,18,2,0,764.49,405.67
2025-09-03,EM03,83.56,3115,57,3,1,0,973.13,593.37
2025-09-03,GG01,465.75,899,76,19,9,4,7492.71,3764.83
2025-09-03,GG02,1207.42,3700,98,19,3,3,3371.3,1727.69
2025-09-03,GG03,191.34,2472,30,5,1,1,584.45,324.69
2025-09-03,MT01,731.98,12924,118,14,3,3,1053.54,554.68
2025-09-03,MT02,649.78,9137,87,13,4,4,2812.05,1562.25
2025-09-03,MT03,552.35,13296,206,23,9,0,3584.82,1934.62
2025-09-03,OR01,0.0,13511,419,75,13,3,7687.63,3667.07
2025-09-03,OR02,0.0,26367,274,34,5,0,3692.98,1878.33
2025-09-03,TT01,497.68,3538,80,7,4,4,1492.01,890.64
2025-09-03,TT02,180.13,1203,21,2,1,1,237.59,127.93
2025-09-04,EM01,59.89,536,15,6,1,1,198.25,94.62
2025-09-04,EM02,178.43,5832,149,41,5,0,3121.58,1621.35
2025-09-04,EM03,354.37,10494,186,9,4,0,2244.19,1288.43
2025-09-04,GG01,504.62,1177,98,28,10,3,4075.07,1917.62
2025-09-04,GG02,804.04,1682,63,13,2,2,898.5,452.36
2025-09-04,GG03,576.81,6613,91,12,4,4,3032.13,1637.69
2025-09-04,MT01,563.44,7759,75,11,2,2,1062.65,570.61
2025-09-04,MT02,168.88,2266,21,3,0,0,0.0,0.0
2025-09-04,MT03,455.21,10379,160,14,9,1,4741.48,2637.65
2025-09-04,OR01,0.0,4336,133,21,4,2,3874.86,1960.36
2025-09-04,OR02,0.0,29206,302,34,7,0,3865.92,1922.68
2025-09-04,TT01,350.07,1753,39,3,2,2,1159.53,773.02
2025-09-04,TT02,74.2,740,11,1,0,0,0.0,0.0
2025-09-05,EM01,62.53,479,16,7,1,1,646.86,308.73
2025-09-05,EM02,290.73,8341,200,54,8,0,3937.93,2005.82
2025-09-05,EM03,12.58,431,9,0,0,0,0.0,0.0
2025-09-05,GG01,539.67,1705,124,30,12,1,7442.05,3563.36
2025-09-05,GG02,1341.48,3221,118,25,5,5,3674.06,1828.14
2025-09-05,GG03,465.23,3854,50,8,2,2,1651.97,875.72
2025-09-05,MT01,560.05,7565,81,10,2,2,1485.73,802.61
2025-09-05,MT02,544.17,6985,74,10,3,3,1699.91,898.19
2025-09-05,MT03,449.39,10248,144,15,6,0,2877.55,1586.96
2025-09-05,OR01,0.0,9276,277,57,9,0,5174.04,2511.45
2025-09-05,OR02,0.0,27731,268,30,6,2,2879.47,1375.43
2025-09-05,TT01,363.12,2687,53,5,3,3,796.76,446.18
2025-09-05,TT02,25.22,179,3,0,0,0,0.0,0.0
2025-09-06,EM01,101.97,1062,32,14,3,3,1518.76,780.15
2025-09-06,EM02,298.66,11326,280,83,10,3,4900.0,2543.98
2025-09-06,EM03,221.11,8395,188,10,4,0,2243.13,1300.69
2025-09-06,GG01,437.03,1007,78,21,10,0,7760.1,3792.9
2025-09-06,GG02,1496.14,3084,104,19,3,3,3166.77,1684.45
2025-09-06,GG03,525.67,4358,61,9,2,2,1294.87,719.38
2025-09-06,MT01,364.09,5024,49,5,1,1,629.03,357.4
2025-09-06,MT02,384.88,5530,60,8,2,2,1196.05,621.31
2025-09-06,MT03,670.99,17602,214,23,10,0,5515.69,2986.33
2025-09-06,OR01,0.0,24267,722,128,22,7,14510.54,7039.22
2025-09-06,OR02,0.0,22070,264,33,7,0,5060.46,2567.07
2025-09-06,TT01,1429.72,8104,219,20,11,11,2615.29,1511.61
2025-09-06,TT02,294.37,2495,38,4,2,2,1302.82,808.92
2025-09-07,EM01,85.53,682,22,11,2,2,1273.87,674.89
2025-09-07,EM02,205.25,5631,157,53,6,1,2773.48,1355.15
2025-09-07,EM03,120.33,4073,83,5,2,0,671.85,344.12
2025-09-07,GG01,375.58,915,63,19,8,1,5810.4,2939.55
2025-09-07,GG02,409.66,947,30,5,1,1,860.37,457.64
2025-09-07,GG03,850.95,9504,91,14,4,4,2242.83,1118.35
2025-09-07,MT01,632.89,10489,101,15,3,3,2163.26,1229.13
2025-09-07,MT02,658.12,8968,87,14,3,3,2035.61,1025.29
2025-09-07,MT03,800.55,14707,213,24,12,1,5552.35,3240.48
2025-09-07,OR01,0.0,11144,387,73,12,4,7099.47,3399.7
2025-09-07,OR02,0.0,14688,147,16,3,0,1596.37,713.27
2025-09-07,TT01,228.58,1765,35,3,1,1,237.75,133.14
2025-09-07,TT02,80.93,504,8,1,0,0,0.0,0.0
2025-09-08,EM01,29.81,245,8,3,0,0,0.0,0.0
2025-09-08,EM02,117.32,3209,91,28,3,0,2510.03,1394.46
2025-09-08,EM03,61.58,2463,48,3,1,0,240.47,123.17
2025-09-08,GG01,278.19,576,55,14,6,2,3916.61,1919.02
2025-09-08,GG02,1278.58,2519,97,17,4,4,2382.07,1216.35
2025-09-08,GG03,599.07,4309,56,8,2,2,2190.81,1217.11
2025-09-08,MT01,809.3,13596,111,11,2,2,526.17,251.13
2025-09-08,MT02,565.32,7412,73,10,2,2,1651.38,917.43
2025-09-08,MT03,438.48,7730,129,13,7,1,2552.99,1332.62
2025-09-08,OR01,0.0,8866,266,41,10,5,6057.64,2931.4
2025-09-08,OR02,0.0,1920,19,2,0,0,0.0,0.0
2025-09-08,TT01,199.13,1495,32,3,2,2,378.22,211.8
2025-09-08,TT02,97.42,757,12,1,0,0,0.0,0.0
2025-09-09,EM01,53.62,635,18,8,1,1,797.84,453.32
2025-09-09,EM02,280.41,10608,270,85,10,0,6234.54,3358.32
2025-09-09,EM03,293.47,8723,188,9,4,0,2591.53,1580.2
2025-09-09,GG01,684.86,1641,132,35,14,4,11257.46,5468.99
2025-09-09,GG02,383.36,846,28,6,1,1,781.14,415.5
2025-09-09,GG03,717.41,7736,91,13,5,5,3281.59,1717.64
2025-09-09,MT01,415.43,6053,56,7,2,2,856.24,408.66
2025-09-09,MT02,652.05,7773,88,16,3,3,2712.81,1435.86
2025-09-09,MT03,238.21,4659,73,7,3,0,2049.23,1184.26
2025-09-09,OR01,0.0,7428,212,39,9,3,5150.72,2540.23
2025-09-09,OR02,0.0,19964,216,25,4,0,2418.57,1185.04
2025-09-09,TT01,228.18,1660,36,3,2,2,576.12,362.58
2025-09-09,TT02,8.11,68,1,0,0,0,0.0,0.0
2025-09-10,EM01,60.96,511,15,8,1,1,755.62,429.33
2025-09-10,EM02,407.64,11316,303,96,11,1,7017.37,3753.97
2025-09-10,EM03,116.78,3921,85,4,2,0,867.46,506.04
2025-09-10,GG01,451.0,1053,84,24,9,2,5000.02,2383.96
2025-09-10,GG02,2325.66,4325,146,31,6,6,3212.8,1602.8
2025-09-10,GG03,183.31,1697,19,3,1,1,1625.1,902.83
2025-09-10,MT01,218.22,3705,34,4,1,1,309.94,147.93
2025-09-10,MT02,842.53,8553,97,14,3,3,924.52,431.44
2025-09-10,MT03,829.12,16138,200,19,10,1,6083.91,3525.91
2025-09-10,OR01,0.0,9700,306,46,11,4,7427.15,3702.43
2025-09-10,OR02,0.0,21981,197,25,5,1,2867.8,1478.45
2025-09-10,TT01,521.8,2676,70,6,4,4,744.73,417.05
2025-09-10,TT02,420.25,3732,52,6,3,3,1156.38,676.94
2025-09-11,EM01,11.72,112,3,1,0,0,0.0,0.0
2025-09-11,EM02,257.9,8756,215,60,9,1,5846.6,3001.12
2025-09-11,EM03,89.13,2538,58,3,1,0,532.6,324.76
2025-09-11,GG01,190.55,736,56,19,5,2,3614.66,1802.2
2025-09-11,GG02,1078.31,2021,80,16,2,2,1485.63,763.67
2025-09-11,GG03,181.29,1993,24,4,1,1,323.94,179.97
2025-09-11,MT01,478.77,9210,74,8,2,2,1100.76,582.48
2025-09-11,MT02,321.9,3708,39,6,1,1,0.0,0.0
2025-09-11,MT03,386.82,13311,162,15,6,2,2919.79,1599.59
2025-09-11,OR01,0.0,12181,347,63,11,1,9324.08,4621.95
2025-09-11,OR02,0.0,33815,323,41,7,0,4224.54,2110.59
2025-09-11,TT01,598.9,3161,75,7,4,4,1943.88,1295.92
2025-09-11,TT02,747.53,6685,99,10,5,5,1132.1,663.59
2025-09-12,EM01,43.32,447,14,6,1,1,434.48,207.36
2025-09-12,EM02,160.06,4757,107,28,4,0,2435.58,1289.45
2025-09-12,EM03,88.22,2842,61,3,1,0,222.57,114.0
2025-09-12,GG01,433.04,1082,88,25,10,0,5935.71,2792.69
2025-09-12,GG02,404.93,732,27,5,1,1,842.11,447.93
2025-09-12,GG03,692.16,7786,90,15,4,4,2181.28,1176.09
2025-09-12,MT01,586.08,11593,97,11,2,2,1752.14,970.28
2025-09-12,MT02,483.74,4819,60,8,2,2,816.26,380.93
2025-09-12,MT03,323.27,7140,106,12,5,0,1759.41,951.91
2025-09-12,OR01,0.0,9566,265,46,7,2,4434.13,2148.1
2025-09-12,OR02,0.0,52418,558,53,12,3,7643.31,3841.55
2025-09-12,TT01,647.04,5423,110,9,7,7,1510.37,911.17
2025-09-12,TT02,497.6,3484,53,5,3,3,969.3,592.68
2025-09-13,EM01,48.01,454,13,6,1,1,826.03,469.33
2025-09-13,EM02,440.73,16968,381,128,14,0,7487.42,3886.41
2025-09-13,EM03,427.67,14414,276,12,5,0,3427.12,2031.13
2025-09-13,GG01,345.97,949,74,23,9,2,6341.62,2969.53
2025-09-13,GG02,1332.41,2902,90,18,3,3,2605.97,1386.15
2025-09-13,GG03,393.67,3389,43,7,2,2,939.27,521.82
2025-09-13,MT01,627.82,12065,102,12,3,3,1710.86,927.02
2025-09-13,MT02,450.67,6097,64,10,2,2,1241.89,661.4
2025-09-13,MT03,479.09,13058,166,17,8,1,4290.91,2389.89
2025-09-13,OR01,0.0,10309,300,49,9,2,4476.79,2159.94
2025-09-13,OR02,0.0,11570,133,17,2,1,1865.75,951.78
2025-09-13,TT01,203.22,1410,30,3,1,1,0.0,0.0
2025-09-13,TT02,363.26,4661,62,6,2,2,948.8,573.02
2025-09-14,EM01,136.36,951,31,13,2,2,343.37,163.88
2025-09-14,EM02,302.26,7284,207,60,7,0,4583.41,2472.87
2025-09-14,EM03,173.06,6153,127,6,3,0,2615.64,1522.22
2025-09-14,GG01,450.97,1441,106,24,13,4,8615.55,4232.54
2025-09-14,GG02,1068.27,2346,87,17,3,3,1897.43,1009.26
2025-09-14,GG03,715.15,8903,102,17,5,5,5265.69,2899.15
2025-09-14,MT01,1037.48,20149,161,20,4,4,2344.31,1259.78
2025-09-14,MT02,739.87,8851,97,17,4,4,552.59,307.0
2025-09-14,MT03,744.11,22876,308,31,12,2,5301.52,2858.51
2025-09-14,OR01,0.0,6943,217,42,8,1,5121.64,2468.11
2025-09-14,OR02,0.0,14794,138,17,3,0,2597.79,1335.19
2025-09-14,TT01,124.6,1027,24,2,1,1,996.63,664.42
2025-09-14,TT02,290.11,2023,33,4,2,2,713.0,383.93
2025-09-15,EM01,70.88,649,19,7,1,1,838.62,476.49
2025-09-15,EM02,205.71,8818,232,79,9,0,4843.21,2453.27
2025-09-15,EM03,96.63,3613,69,3,1,0,430.27,220.38
2025-09-15,GG01,279.0,640,55,16,7,0,2339.15,1061.82
2025-09-15,GG02,1436.06,2277,95,20,3,3,2657.48,1372.33
2025-09-15,GG03,414.87,4699,62,9,3,3,1572.26,873.48
2025-09-15,MT01,34.54,491,5,1,0,0,0.0,0.0
2025-09-15,MT02,580.85,6613,81,14,3,3,1737.83,965.47
2025-09-15,MT03,580.72,12385,178,18,8,1,5286.21,2877.61
2025-09-15,OR01,0.0,14557,493,82,16,4,11760.84,5960.57
2025-09-15,OR02,0.0,20855,233,24,5,2,2738.62,1403.57
2025-09-15,TT01,110.71,900,19,2,1,1,370.28,246.85
2025-09-15,TT02,378.61,3032,43,4,2,2,595.68,320.76
2025-09-16,EM01,26.02,207,7,3,0,0,0.0,0.0
2025-09-16,EM02,220.06,6344,177,57,7,0,2843.65,1461.51
2025-09-16,EM03,177.81,7078,144,8,4,0,2608.96,1590.83
2025-09-16,GG01,301.78,816,60,16,6,4,4924.22,2459.88
2025-09-16,GG02,469.14,934,34,8,1,1,395.09,176.53
2025-09-16,GG03,486.01,5497,69,12,4,4,1916.97,1040.15
2025-09-16,MT01,994.84,12158,135,18,4,4,3905.9,2219.26
2025-09-16,MT02,851.55,10140,116,17,5,5,3385.23,1804.27
2025-09-16,MT03,918.39,23694,346,34,18,2,9763.46,5337.99
2025-09-16,OR01,0.0,20401,573,108,18,6,10625.72,5220.91
2025-09-16,OR02,0.0,26533,280,40,7,2,4594.83,2265.21
2025-09-16,TT01,378.2,2375,55,5,3,3,1302.77,802.47
2025-09-16,TT02,312.13,2907,45,4,2,2,1427.23,871.02
2025-09-17,EM01,112.58,920,30,13,2,2,843.43,402.55
2025-09-17,EM02,194.13,8978,211,63,8,0,5528.44,2856.26
2025-09-17,EM03,198.3,5509,127,6,2,0,663.72,339.95
2025-09-17,GG01,764.66,1768,151,43,14,3,9755.15,4861.5
2025-09-17,GG02,1183.46,2827,85,16,3,3,1144.21,567.11
2025-09-17,GG03,191.44,2335,26,4,1,1,718.29,399.05
2025-09-17,MT01,1651.22,25617,229,26,6,6,2764.63,1483.67
2025-09-17,MT02,184.63,2390,25,3,1,1,690.26,322.12
2025-09-17,MT03,406.12,11794,158,15,8,1,5378.16,3030.17
2025-09-17,OR01,0.0,15339,424,77,13,3,7571.86,3600.53
2025-09-17,OR02,0.0,44277,405,52,9,2,7199.45,3636.86
2025-09-17,TT01,409.97,2636,61,5,3,3,1108.84,712.82
2025-09-17,TT02,187.78,1912,23,2,1,1,739.55,474.07
2025-09-18,EM01,31.24,242,7,3,0,0,0.0,0.0
2025-09-18,EM02,153.99,6781,164,68,6,0,5385.76,2908.85
2025-09-18,EM03,226.26,6529,137,6,3,0,1437.11,736.09
2025-09-18,GG01,731.12,1826,144,41,17,3,12751.81,6236.78
2025-09-18,GG02,553.72,983,43,9,2,2,1039.41,518.07
2025-09-18,GG03,288.45,3146,40,6,2,2,806.76,376.49
2025-09-18,MT01,1211.16,16656,158,18,4,4,3454.65,1894.67
2025-09-18,MT02,842.2,9537,107,16,5,5,1747.63,895.72
2025-09-18,MT03,565.96,12935,175,17,7,0,3441.22,1954.69
2025-09-18,OR01,0.0,13435,331,59,11,4,7993.93,4079.29
2025-09-18,OR02,0.0,27600,271,34,6,0,3562.06,1730.5
2025-09-18,TT01,568.13,4637,78,7,5,5,754.27,422.39
2025-09-18,TT02,340.06,2520,41,4,2,2,1037.04,558.41
2025-09-19,EM01,229.73,1349,48,22,5,5,3969.97,2169.38
2025-09-19,EM02,238.28,8700,190,56,7,0,3543.27,1875.33
2025-09-19,EM03,180.72,5941,111,6,3,0,281.71,171.78
2025-09-19,GG01,756.61,1557,147,38,13,5,8845.37,4326.86
2025-09-19,GG02,1267.54,3322,116,25,4,4,3052.82,1623.84
2025-09-19,GG03,370.55,4346,49,7,3,3,1786.99,992.78
2025-09-19,MT01,1828.54,35109,282,35,6,6,2619.08,1310.87
2025-09-19,MT02,422.47,5152,55,6,2,2,1071.45,595.25
2025-09-19,MT03,591.93,12578,213,20,8,2,4646.24,2630.23
2025-09-19,OR01,0.0,8131,284,63,11,2,5754.01,2779.02
2025-09-19,OR02,0.0,35806,366,40,9,0,6572.4,3419.18
2025-09-19,TT01,568.26,3647,85,7,4,4,851.82,525.56
2025-09-19,TT02,445.33,3309,55,5,3,3,442.14,238.07
2025-09-20,EM01,112.92,932,25,12,2,2,1216.54,658.7
2025-09-20,EM02,124.75,4812,127,32,4,1,2801.17,1458.61
2025-09-20,EM03,88.35,3275,64,3,1,0,1066.7,650.43
2025-09-20,GG01,352.72,764,70,17,7,0,4393.74,2190.25
2025-09-20,GG02,223.68,656,22,4,1,1,1055.09,561.22
2025-09-20,GG03,581.99,4774,63,9,3,3,2403.82,1284.37
2025-09-20,MT01,432.05,7993,73,9,2,2,1002.93,542.49
2025-09-20,MT02,27.3,391,4,1,0,0,0.0,0.0
2025-09-20,MT03,980.88,17500,284,28,15,4,6726.99,3671.31
2025-09-20,OR01,0.0,15972,414,80,12,4,7270.24,3560.65
2025-09-20,OR02,0.0,20854,249,30,7,2,3360.51,1659.11
2025-09-20,TT01,142.9,751,22,2,1,1,242.59,135.85
2025-09-20,TT02,145.85,1186,18,2,1,1,195.26,105.14
2025-09-21,EM01,76.11,606,18,10,1,1,547.11,261.12
2025-09-21,EM02,172.15,6760,176,50,6,0,3264.53,1676.31
2025-09-21,EM03,278.31,7154,178,7,4,0,1575.69,938.02
2025-09-21,GG01,396.94,980,84,19,13,3,8830.86,4308.85
2025-09-21,GG02,1418.56,3587,126,24,4,4,2378.58,1139.44
2025-09-21,GG03,233.58,2634,27,4,1,1,1247.84,693.24
2025-09-21,MT01,538.64,12206,89,11,2,2,1217.56,665.42
2025-09-21,MT02,764.16,10614,100,14,4,4,1956.95,958.76
2025-09-21,MT03,773.74,18246,270,26,14,3,6130.99,3339.67
2025-09-21,OR01,0.0,17136,455,89,18,5,11423.65,5466.42
2025-09-21,OR02,0.0,12133,144,20,3,0,1509.22,752.74
2025-09-21,TT01,367.18,3027,71,6,4,4,663.75,371.69
2025-09-21,TT02,138.3,1303,20,2,1,1,298.09,160.51
2025-09-22,EM01,37.85,253,8,4,0,0,0.0,0.0
2025-09-22,EM02,218.4,7544,197,58,7,1,4220.45,2227.35
2025-09-22,EM03,169.53,6697,122,5,2,0,958.2,490.78
2025-09-22,GG01,270.47,696,64,16,7,3,4699.0,2251.06
2025-09-22,GG02,926.18,1620,67,16,2,2,1442.02,736.19
2025-09-22,GG03,925.83,11317,118,19,5,5,3471.08,1843.32
2025-09-22,MT01,306.96,4962,39,5,1,1,425.88,203.26
2025-09-22,MT02,980.03,10523,120,18,4,4,1984.3,993.38
2025-09-22,MT03,504.95,10426,162,16,8,2,5803.82,3351.69
2025-09-22,OR01,0.0,10945,319,56,10,3,8085.06,4175.48
2025-09-22,OR02,0.0,22338,254,34,8,5,3629.93,1735.37
2025-09-22,TT01,373.04,2157,56,5,3,3,955.53,535.09
2025-09-22,TT02,201.55,1764,26,3,1,1,514.76,277.18
2025-09-23,EM01,97.36,922,27,14,2,2,1482.12,806.04
2025-09-23,EM02,380.58,12541,299,82,11,3,7599.53,4051.67
2025-09-23,EM03,151.07,4890,107,5,2,0,1028.14,626.92
2025-09-23,GG01,401.58,744,61,14,9,2,7566.28,3741.66
2025-09-23,GG02,1162.05,2597,95,18,3,3,1722.79,848.4
2025-09-23,GG03,638.84,5989,73,11,3,3,1483.85,799.27
2025-09-23,MT01,665.02,14774,123,13,4,4,1988.7,1053.03
2025-09-23,MT02,461.1,5030,56,8,2,2,1209.5,671.95
2025-09-23,MT03,814.73,13111,222,19,10,2,6696.91,3802.96
2025-09-23,OR01,0.0,12263,327,59,12,2,8711.36,4276.61
2025-09-23,OR02,0.0,17534,188,21,4,0,2092.38,995.14
2025-09-23,TT01,304.64,1919,46,4,3,3,439.49,246.11
2025-09-23,TT02,277.33,2069,31,3,1,1,426.07,229.42
2025-09-24,EM01,9.02,71,2,1,0,0,0.0,0.0
2025-09-24,EM02,238.6,7782,187,57,7,1,3442.89,1766.1
2025-09-24,EM03,21.09,829,18,1,0,0,0.0,0.0
2025-09-24,GG01,540.19,1382,99,25,10,3,5771.11,2687.18
2025-09-24,GG02,1394.89,3149,119,22,5,5,4058.01,2106.16
2025-09-24,GG03,432.92,3978,43,7,2,2,1334.15,622.6
2025-09-24,MT01,484.33,7755,62,7,1,1,381.74,182.19
2025-09-24,MT02,233.18,3236,35,6,1,1,1258.29,699.05
2025-09-24,MT03,1025.44,16000,285,32,11,1,5527.68,3003.17
2025-09-24,OR01,0.0,7895,233,36,11,2,5422.96,2528.23
2025-09-24,OR02,0.0,13641,142,17,4,1,3071.59,1592.76
2025-09-24,TT01,493.81,3831,88,6,6,6,1265.16,786.05
2025-09-24,TT02,320.42,2510,38,4,2,2,993.66,582.63
2025-09-25,EM01,53.85,483,12,5,1,1,651.47,310.93
2025-09-25,EM02,229.45,6580,185,51,9,0,5319.28,2735.94
2025-09-25,EM03,142.17,5406,92,5,2,0,1758.1,1019.74
2025-09-25,GG01,301.59,687,56,16,7,4,4425.42,2065.55
2025-09-25,GG02,478.27,1239,36,8,1,1,888.65,472.68
2025-09-25,GG03,454.07,4397,52,7,2,2,1135.96,631.09
2025-09-25,MT01,349.93,5933,59,7,1,1,831.1,472.21
2025-09-25,MT02,83.45,1210,11,2,0,0,0.0,0.0
2025-09-25,MT03,658.74,14243,225,23,10,3,4758.17,2653.09
2025-09-25,OR01,0.0,18913,554,93,19,6,12759.65,6252.58
2025-09-25,OR02,0.0,33939,357,52,8,1,4456.47,2154.74
2025-09-25,TT01,382.6,2361,59,6,3,3,1024.57,573.76
2025-09-25,TT02,593.49,5948,78,8,4,4,1906.29,1095.07
2025-09-26,EM01,40.11,373,13,6,1,1,562.03,319.34
2025-09-26,EM02,260.08,7130,213,79,8,0,4984.13,2536.01
2025-09-26,EM03,106.04,2865,70,4,2,0,1418.64,803.73
2025-09-26,GG01,331.72,829,65,16,7,3,2800.57,1314.47
2025-09-26,GG02,889.57,1841,73,13,3,3,1718.53,839.74
2025-09-26,GG03,500.18,4042,54,8,2,2,2260.67,1183.53
2025-09-26,MT01,510.61,7350,72,8,2,2,698.69,370.64
2025-09-26,MT02,687.83,11029,109,16,4,4,2283.77,1225.74
2025-09-26,MT03,603.45,13500,219,21,10,2,6258.79,3545.12
2025-09-26,OR01,0.0,19303,641,112,22,8,12294.39,6000.87
2025-09-26,OR02,0.0,24728,220,24,4,0,2710.42,1404.06
2025-09-26,TT01,929.21,7385,138,12,6,6,3610.9,2307.86
2025-09-26,TT02,579.41,5413,71,7,3,3,181.45,97.7
2025-09-27,EM01,85.69,624,20,8,2,2,534.99,255.33
2025-09-27,EM02,251.67,9464,242,72,9,0,6359.83,3375.32
2025-09-27,EM03,216.24,6447,138,7,3,0,2977.55,1815.57
2025-09-27,GG01,784.7,2212,145,32,19,3,15647.17,7764.35
2025-09-27,GG02,1152.34,2324,77,16,3,3,3378.37,1797.0
2025-09-27,GG03,239.59,2836,30,5,1,1,549.93,305.52
2025-09-27,MT01,584.87,7115,72,10,2,2,1568.25,819.15
2025-09-27,MT02,516.88,6082,73,13,2,2,1017.3,534.91
2025-09-27,MT03,991.77,23610,324,31,15,4,5945.92,3237.1
2025-09-27,OR01,0.0,7128,221,41,8,3,3666.86,1661.41
2025-09-27,OR02,0.0,21842,214,29,4,1,1433.21,742.21
2025-09-27,TT01,648.47,3886,88,8,4,4,1999.83,1245.33
2025-09-27,TT02,733.43,5887,88,9,4,4,1660.24,1001.89
2025-09-28,EM01,61.27,449,12,6,1,1,296.3,141.42
2025-09-28,EM02,106.01,3696,104,30,4,0,2742.57,1450.47
2025-09-28,EM03,276.43,8405,140,7,3,0,1104.99,608.08
2025-09-28,GG01,353.76,935,73,21,8,2,5121.93,2535.62
2025-09-28,GG02,1399.1,2333,92,19,3,3,3349.8,1781.81
2025-09-28,GG03,755.36,6100,84,12,4,4,3146.52,1748.07
2025-09-28,MT01,906.18,13872,129,18,4,4,2396.56,1194.59
2025-09-28,MT02,211.97,2201,28,5,1,1,369.62,172.49
2025-09-28,MT03,845.49,20235,274,32,12,2,7423.82,4138.77
2025-09-28,OR01,0.0,12067,342,54,10,4,5438.02,2539.4
2025-09-28,OR02,0.0,15279,169,21,4,1,2312.29,1103.86
2025-09-28,TT01,468.35,2696,57,5,3,3,534.46,299.3
2025-09-28,TT02,443.56,3695,56,5,2,2,0.0,0.0
2025-09-29,EM01,17.2,130,4,2,0,0,0.0,0.0
2025-09-29,EM02,308.84,8602,224,73,9,1,4461.67,2403.41
2025-09-29,EM03,297.41,12959,229,12,5,0,2906.51,1634.27
2025-09-29,GG01,583.23,1395,111,25,10,4,6038.93,2920.83
2025-09-29,GG02,842.39,1704,56,12,2,2,1786.37,950.2
2025-09-29,GG03,1194.75,10578,130,20,7,7,6827.1,3755.74
2025-09-29,MT01,368.29,4899,52,6,2,2,1177.09,632.57
2025-09-29,MT02,790.7,9924,96,13,4,4,2211.09,1136.01
2025-09-29,MT03,336.68,7800,119,11,7,1,2531.68,1357.55
2025-09-29,OR01,0.0,11822,357,67,15,6,9237.26,4381.16
2025-09-29,OR02,0.0,47299,477,57,10,1,5856.19,2961.92
2025-09-29,TT01,298.24,2216,54,4,3,3,1327.26,822.11
2025-09-29,TT02,74.17,608,9,1,0,0,0.0,0.0
2025-09-30,EM01,95.51,691,20,9,2,2,967.9,514.69
2025-09-30,EM02,222.02,7685,185,57,7,0,4663.69,2484.83
2025-09-30,EM03,38.49,1495,22,1,0,0,0.0,0.0
2025-09-30,GG01,438.43,1328,117,28,10,3,5836.42,2873.25
2025-09-30,GG02,2009.61,3867,142,30,5,5,2826.99,1417.43
2025-09-30,GG03,177.79,2159,28,4,1,1,866.8,481.56
2025-09-30,MT01,1070.71,16857,172,19,5,5,3044.56,1657.25
2025-09-30,MT02,523.18,5753,62,10,2,2,620.24,289.45
2025-09-30,MT03,984.86,19763,278,31,13,3,4272.6,2307.38
2025-09-30,OR01,0.0,9535,308,55,10,1,8056.96,4062.46
2025-09-30,OR02,0.0,34264,355,40,8,0,3934.87,1937.93
2025-09-30,TT01,150.37,1170,27,2,1,1,924.07,616.05
2025-09-30,TT02,460.47,3978,57,7,3,3,2023.19,1227.6
2025-10-01,EM01,24.09,164,6,3,0,0,0.0,0.0
2025-10-01,EM02,95.23,2613,74,20,3,0,1472.52,748.67
2025-10-01,EM03,208.43,6410,131,7,2,0,1783.35,1016.56
2025-10-01,GG01,468.81,1081,84,20,11,3,5254.35,2510.0
2025-10-01,GG02,328.51,753,28,5,1,1,930.17,494.77
2025-10-01,GG03,397.02,3365,36,5,2,2,1159.63,644.24
2025-10-01,MT01,960.26,14056,134,15,4,4,2659.9,1445.4
2025-10-01,MT02,352.71,5357,51,7,2,2,1141.16,532.54
2025-10-01,MT03,826.49,19874,312,29,11,0,7672.53,4336.83
2025-10-01,OR01,0.0,16528,508,94,16,1,13840.73,7021.88
2025-10-01,OR02,0.0,21422,216,25,5,1,2991.1,1481.78
2025-10-01,TT01,441.75,3566,79,7,5,5,1391.86,828.24
2025-10-01,TT02,728.73,5136,91,10,4,4,1130.96,652.43
2025-10-02,EM01,141.07,1285,37,16,3,3,2880.28,1636.52
2025-10-02,EM02,376.22,11711,326,103,11,0,5285.13,2753.17
2025-10-02,EM03,138.4,5122,99,5,2,0,1263.44,770.39
2025-10-02,GG01,334.5,940,69,17,8,2,7324.58,3658.65
2025-10-02,GG02,525.74,1266,39,8,1,1,0.0,0.0
2025-10-02,GG03,397.88,4225,51,8,3,3,1769.37,943.16
2025-10-02,MT01,706.45,8570,95,10,2,2,1441.79,773.16
2025-10-02,MT02,39.78,530,5,1,0,0,0.0,0.0
2025-10-02,MT03,550.11,15124,187,20,10,0,5349.92,2820.34
2025-10-02,OR01,0.0,17412,521,104,17,6,9358.48,4578.48
2025-10-02,OR02,0.0,31746,333,37,8,1,6618.49,3446.83
2025-10-02,TT01,156.86,967,23,2,1,1,253.15,141.76
2025-10-02,TT02,471.54,5125,67,6,3,3,1377.73,845.63
2025-10-03,EM01,59.92,495,15,6,1,1,945.39,537.16
2025-10-03,EM02,203.68,6687,170,44,8,2,6967.95,3738.56
2025-10-03,EM03,156.95,5238,94,5,2,0,1703.88,1038.95
2025-10-03,GG01,699.63,1803,154,39,16,2,12384.94,6145.41
2025-10-03,GG02,1594.24,3190,119,25,4,4,4194.77,2170.55
2025-10-03,GG03,393.03,4157,51,6,3,3,1699.14,913.54
2025-10-03,MT01,229.21,2823,26,3,0,0,0.0,0.0
2025-10-03,MT02,326.77,3914,45,6,1,1,695.0,324.33
2025-10-03,MT03,454.72,10839,155,17,10,0,3883.73,2096.5
2025-10-03,OR01,0.0,6384,169,27,6,2,4162.66,2002.34
2025-10-03,OR02,0.0,14142,158,22,3,1,1953.55,1007.1
2025-10-03,TT01,221.33,1881,39,3,2,2,1246.55,831.04
2025-10-03,TT02,187.41,1460,20,2,1,1,309.81,166.82
2025-10-04,EM01,24.37,201,6,2,0,0,0.0,0.0
2025-10-04,EM02,303.59,12119,237,72,11,2,6909.7,3679.42
2025-10-04,EM03,204.83,5936,136,7,3,0,1890.59,1083.34
2025-10-04,GG01,400.33,1025,80,21,9,2,4587.13,2168.32
2025-10-04,GG02,446.53,774,32,8,1,1,1043.76,555.19
2025-10-04,GG03,791.54,8191,97,15,5,5,3854.19,2096.93
2025-10-04,MT01,74.8,1038,11,1,0,0,0.0,0.0
2025-10-04,MT02,23.43,271,3,0,0,0,0.0,0.0
2025-10-04,MT03,1048.99,28068,384,44,15,2,6061.47,3286.23
2025-10-04,OR01,0.0,10663,286,50,11,2,8632.31,4273.85
2025-10-04,OR02,0.0,25808,236,27,6,2,3385.35,1694.93
2025-10-04,TT01,118.06,763,18,1,1,1,0.0,0.0
2025-10-04,TT02,467.86,3422,53,5,3,3,874.44,532.8
2025-10-05,EM01,107.93,982,29,13,2,2,1153.51,617.79
2025-10-05,EM02,458.74,14256,379,99,14,0,8699.87,4677.7
2025-10-05,EM03,223.39,7153,143,6,3,0,1096.77,561.76
2025-10-05,GG01,503.08,1093,99,24,12,3,6733.02,3211.06
2025-10-05,GG02,1228.35,2467,94,16,3,3,2800.46,1448.41
2025-10-05,GG03,319.69,3010,31,5,1,1,528.43,293.57
2025-10-05,MT01,2311.59,25333,241,32,7,7,3523.62,1800.67
2025-10-05,MT02,669.0,9128,93,13,3,3,2273.98,1194.88
2025-10-05,MT03,405.7,9963,147,15,7,3,4211.46,2382.95
2025-10-05,OR01,0.0,20762,635,112,22,8,16777.57,8405.57
2025-10-05,OR02,0.0,37794,296,33,9,0,7156.74,3704.43
2025-10-05,TT01,403.77,2489,58,6,3,3,931.34,588.19
2025-10-05,TT02,118.45,992,16,1,1,1,250.87,135.09
2025-10-06,EM01,52.74,387,13,6,1,1,665.36,378.04
2025-10-06,EM02,136.64,5502,130,43,4,0,2156.83,1122.65
2025-10-06,EM03,204.81,7023,150,8,3,0,1581.3,882.3
2025-10-06,GG01,316.12,764,59,14,6,2,4416.91,2223.43
2025-10-06,GG02,734.84,1498,53,12,2,2,1190.04,633.0
2025-10-06,GG03,19.96,276,3,0,0,0,0.0,0.0
2025-10-06,MT01,785.38,11922,130,15,3,3,1675.88,875.01
2025-10-06,MT02,485.36,5964,71,10,3,3,2353.93,1260.24
2025-10-06,MT03,538.0,14368,196,19,9,1,6977.35,4042.89
2025-10-06,OR01,0.0,10213,319,53,10,3,5278.77,2538.86
2025-10-06,OR02,0.0,13633,123,17,3,1,1248.57,601.92
2025-10-06,TT01,294.93,2711,53,5,3,3,1445.47,809.46
2025-10-06,TT02,957.89,6415,109,11,5,5,1921.97,1117.41
2025-10-07,EM01,140.42,1040,34,12,3,3,1431.33,753.04
2025-10-07,EM02,253.32,7881,227,74,8,0,4496.21,2268.87
2025-10-07,EM03,237.37,7350,164,8,4,0,1247.71,669.4
2025-10-07,GG01,180.19,411,34,9,4,1,3061.55,1540.25
2025-10-07,GG02,955.43,2249,73,16,2,2,1725.45,872.33
2025-10-07,GG03,458.88,4997,51,8,3,3,1647.7,878.91
2025-10-07,MT01,1007.32,17354,139,15,3,3,568.33,271.25
2025-10-07,MT02,217.56,2302,25,4,1,1,0.0,0.0
2025-10-07,MT03,906.95,21345,282,32,12,1,5340.24,2982.07
2025-10-07,OR01,0.0,12816,355,64,14,2,9659.66,4763.01
2025-10-07,OR02,0.0,38524,379,46,9,2,6004.88,2999.59
2025-10-07,TT01,133.63,1035,20,2,1,1,250.73,140.41
2025-10-07,TT02,472.65,3592,51,5,3,3,444.36,239.28
2025-10-08,EM01,134.04,1215,32,14,3,3,1603.93,835.08
2025-10-08,EM02,277.86,13514,293,90,10,2,5230.16,2644.7
2025-10-08,EM03,85.73,3035,66,3,1,0,355.43,182.05
2025-10-08,GG01,373.26,838,64,13,7,4,4066.79,1950.47
2025-10-08,GG02,1048.82,1620,69,16,3,3,2325.69,1175.27
2025-10-08,GG03,564.56,5560,71,10,4,4,2108.15,1129.38
2025-10-08,MT01,1398.59,26195,211,24,7,7,3496.95,1814.61
2025-10-08,MT02,463.66,5093,57,8,2,2,2103.49,1168.6
2025-10-08,MT03,956.57,17731,304,33,13,3,7074.66,3912.97
2025-10-08,OR01,0.0,4603,148,26,6,3,2824.57,1422.34
2025-10-08,OR02,0.0,21164,202,22,5,2,2359.09,1141.18
2025-10-08,TT01,352.11,2699,51,4,3,3,1079.44,604.49
2025-10-08,TT02,64.75,643,8,1,0,0,0.0,0.0
2025-10-09,EM01,172.09,1096,34,15,3,3,1415.81,727.7
2025-10-09,EM02,198.84,6111,156,45,6,0,3405.56,1837.33
2025-10-09,EM03,253.14,8095,154,8,4,0,1921.71,1040.74
2025-10-09,GG01,742.08,1711,166,50,18,1,13433.86,6619.68
2025-10-09,GG02,936.74,2234,81,16,3,3,995.63,511.16
2025-10-09,GG03,507.3,5259,57,9,3,3,4680.84,2571.84
2025-10-09,MT01,580.57,8628,86,10,2,2,258.95,123.59
2025-10-09,MT02,734.65,7656,88,14,3,3,950.52,443.58
2025-10-09,MT03,870.74,23276,329,28,13,3,6102.73,3379.64
2025-10-09,OR01,0.0,12539,351,63,13,4,9227.06,4590.02
2025-10-09,OR02,0.0,31628,331,43,7,2,3186.89,1483.75
2025-10-09,TT01,250.45,2430,46,4,3,3,1054.46,679.95
2025-10-09,TT02,346.22,2014,39,4,2,2,891.7,530.16
2025-10-10,EM01,152.01,1375,34,13,3,3,1714.84,912.81
2025-10-10,EM02,180.77,6631,165,48,6,3,4704.97,2475.91
2025-10-10,EM03,111.45,2793,59,3,1,0,257.16,131.72
2025-10-10,GG01,475.95,1196,96,25,11,6,6776.02,3356.76
2025-10-10,GG02,2247.64,4192,168,29,5,5,2777.88,1420.08
2025-10-10,GG03,763.85,7904,100,14,5,5,3329.57,1777.21
2025-10-10,MT01,463.59,8569,78,9,2,2,952.33,454.52
2025-10-10,MT02,581.87,6727,69,10,2,2,594.1,277.25
2025-10-10,MT03,796.01,22730,335,39,15,1,8583.46,4890.64
2025-10-10,OR01,0.0,10394,273,47,10,5,7416.48,3576.31
2025-10-10,OR02,0.0,42223,384,48,9,3,5380.89,2798.94
2025-10-10,TT01,170.5,1215,28,3,1,1,516.63,289.32
2025-10-10,TT02,133.77,1126,17,2,1,1,265.2,142.8
2025-10-11,EM01,91.41,855,23,11,2,2,2249.21,1277.96
2025-10-11,EM02,231.83,7121,191,50,8,1,3634.13,1751.71
2025-10-11,EM03,35.1,1280,25,1,0,0,0.0,0.0
2025-10-11,GG01,337.33,947,70,19,9,1,5760.67,2851.95
2025-10-11,GG02,1677.01,2927,125,27,4,4,2433.45,1193.88
2025-10-11,GG03,486.73,4187,60,8,3,3,702.34,390.19
2025-10-11,MT01,659.03,11142,86,10,3,3,2075.99,1069.08
2025-10-11,MT02,950.03,11837,131,22,5,5,4191.44,2147.85
2025-10-11,MT03,659.51,12634,215,20,10,1,2527.41,1317.09
2025-10-11,OR01,0.0,8722,223,35,9,3,6083.71,2963.47
2025-10-11,OR02,0.0,36069,402,48,10,1,7025.37,3542.16
2025-10-11,TT01,196.0,1600,34,3,2,2,1471.93,981.29
2025-10-11,TT02,285.18,1737,31,3,1,1,313.19,168.64
2025-10-12,EM01,52.63,437,13,6,1,1,1702.1,967.1
2025-10-12,EM02,196.34,6999,182,57,7,0,5125.74,2696.52
2025-10-12,EM03,147.36,4742,94,5,2,0,1839.37,1092.68
2025-10-12,GG01,302.51,1011,77,26,9,1,4835.71,2343.63
2025-10-12,GG02,744.05,2083,62,15,3,3,2082.85,1071.25
2025-10-12,GG03,812.7,8357,107,15,7,7,5398.96,2963.48
2025-10-12,MT01,1434.56,23162,178,21,4,4,1604.25,863.67
2025-10-12,MT02,536.05,5884,70,9,2,2,467.51,218.17
2025-10-12,MT03,1242.57,25098,381,41,16,2,6216.18,3465.13
2025-10-12,OR01,0.0,13026,424,72,16,6,11029.71,5456.67
2025-10-12,OR02,0.0,60289,626,76,15,2,7390.04,3605.11
2025-10-12,TT01,418.79,2785,64,5,3,3,984.41,600.57
2025-10-12,TT02,219.42,1781,28,3,1,1,219.43,118.16
2025-10-13,EM01,18.76,133,4,2,0,0,0.0,0.0
2025-10-13,EM02,307.6,12169,258,80,8,0,4642.97,2397.89
2025-10-13,EM03,140.14,5205,100,4,2,0,1000.66,512.53
2025-10-13,GG01,733.26,1726,141,36,15,3,9739.88,4745.16
2025-10-13,GG02,935.33,2174,77,17,3,3,2560.74,1274.08
2025-10-13,GG03,704.54,6733,84,11,3,3,2674.5,1485.83
2025-10-13,MT01,403.71,5980,56,7,1,1,0.0,0.0
2025-10-13,MT02,408.79,5799,58,7,2,2,767.59,426.44
2025-10-13,MT03,384.95,7501,122,12,7,0,3368.39,1837.46
2025-10-13,OR01,0.0,12684,372,61,10,3,6209.79,3086.55
2025-10-13,OR02,0.0,15304,153,19,5,1,2804.66,1362.63
2025-10-13,TT01,128.07,1072,22,2,1,1,367.43,205.76
2025-10-13,TT02,14.81,128,2,0,0,0,0.0,0.0
2025-10-14,EM01,78.94,656,20,8,1,1,688.98,391.46
2025-10-14,EM02,239.97,6046,163,44,7,0,3634.22,1874.07
2025-10-14,EM03,187.0,8838,153,7,3,0,1582.26,887.8
2025-10-14,GG01,475.37,962,99,24,12,1,9287.84,4552.02
2025-10-14,GG02,2690.94,5527,223,37,9,9,6695.58,3275.77
2025-10-14,GG03,196.05,1882,26,4,1,1,927.96,515.53
2025-10-14,MT01,798.7,10715,106,15,3,3,679.31,324.22
2025-10-14,MT02,765.96,9403,92,14,3,3,1958.14,1087.86
2025-10-14,MT03,736.41,20920,287,21,11,3,6042.33,3079.36
2025-10-14,OR01,0.0,13789,411,65,12,5,8573.94,4317.2
2025-10-14,OR02,0.0,40396,368,44,8,4,4099.55,2079.23
2025-10-14,TT01,38.67,217,4,0,0,0,0.0,0.0
2025-10-14,TT02,140.42,1531,20,2,1,1,808.1,518.01
2025-10-15,EM01,6.86,64,2,1,0,0,0.0,0.0
2025-10-15,EM02,249.82,8470,220,70,8,2,4121.06,2025.82
2025-10-15,EM03,164.97,5189,114,6,3,0,1116.44,632.39
2025-10-15,GG01,638.41,1714,120,31,13,4,6933.22,3315.54
2025-10-15,GG02,1045.02,1985,73,15,2,2,1106.83,548.25
2025-10-15,GG03,567.12,6857,68,11,3,3,2903.16,1612.87
2025-10-15,MT01,670.21,14619,108,13,3,3,686.7,327.74
2025-10-15,MT02,849.68,9230,92,16,3,3,1118.49,599.04
2025-10-15,MT03,650.09,11228,181,21,13,1,6296.18,3467.0
2025-10-15,OR01,0.0,14050,492,89,16,5,10151.71,4965.52
2025-10-15,OR02,0.0,20162,208,29,5,1,3920.12,2045.29
2025-10-15,TT01,6.98,49,1,0,0,0,0.0,0.0
2025-10-15,TT02,53.8,543,8,1,0,0,0.0,0.0
2025-10-16,EM01,116.91,1003,31,13,3,3,1381.46,699.72
2025-10-16,EM02,299.62,9886,244,83,9,0,4360.71,2253.1
2025-10-16,EM03,101.59,3519,68,4,1,0,370.69,189.87
2025-10-16,GG01,753.38,1578,140,39,15,3,11079.81,5497.13
2025-10-16,GG02,363.91,813,31,6,1,1,745.6,396.6
2025-10-16,GG03,746.46,6372,86,14,4,4,3757.34,2059.78
2025-10-16,MT01,654.16,10644,108,14,3,3,724.93,345.99
2025-10-16,MT02,710.94,7147,83,12,3,3,2769.01,1478.75
2025-10-16,MT03,600.49,14972,204,23,10,3,5520.91,3087.78
2025-10-16,OR01,0.0,16998,483,86,16,4,9309.59,4571.94
2025-10-16,OR02,0.0,25603,260,30,7,3,2970.38,1459.97
2025-10-16,TT01,184.95,1532,29,3,1,1,611.55,407.7
2025-10-16,TT02,11.15,72,1,0,0,0,0.0,0.0
2025-10-17,EM01,76.21,753,18,8,1,1,1075.38,611.01
2025-10-17,EM02,544.19,16147,403,118,12,0,5496.37,2805.84
2025-10-17,EM03,326.0,10500,192,10,4,0,4057.83,2474.29
2025-10-17,GG01,672.32,2030,147,37,15,3,10401.24,5209.7
2025-10-17,GG02,1885.86,4234,163,34,6,6,4926.62,2573.54
2025-10-17,GG03,726.31,5619,68,9,4,4,3825.31,2125.16
2025-10-17,MT01,1239.63,19534,163,21,5,5,3380.5,1751.63
2025-10-17,MT02,623.99,7500,79,12,2,2,1375.98,727.67
2025-10-17,MT03,421.55,8672,137,13,6,3,4882.54,2718.12
2025-10-17,OR01,0.0,4659,140,26,6,2,2681.79,1222.24
2025-10-17,OR02,0.0,38505,438,53,9,2,5873.06,2921.15
2025-10-17,TT01,421.2,2636,63,5,3,3,1546.36,1008.54
2025-10-17,TT02,210.62,1833,29,3,1,1,207.43,111.69
2025-10-18,EM01,22.12,198,6,3,0,0,0.0,0.0
2025-10-18,EM02,280.5,8219,210,58,7,0,4604.19,2487.33
2025-10-18,EM03,208.55,6013,127,7,3,0,1636.52,951.56
2025-10-18,GG01,366.26,692,60,14,7,2,5204.71,2608.0
2025-10-18,GG02,561.32,1479,49,10,2,2,898.6,401.51
2025-10-18,GG03,531.44,4694,63,11,3,3,2772.93,1540.52
2025-10-18,MT01,829.74,12419,116,14,3,3,852.53,467.34
2025-10-18,MT02,518.94,7114,77,10,2,2,1050.29,557.27
2025-10-18,MT03,783.3,16393,271,34,12,0,7282.78,3939.4
2025-10-18,OR01,0.0,18936,579,106,17,5,13339.91,6569.12
2025-10-18,OR02,0.0,21240,278,36,7,4,4401.12,2237.7
2025-10-18,TT01,302.42,2104,48,4,3,3,1099.1,687.75
2025-10-18,TT02,372.9,3009,44,4,2,2,1149.98,737.16
2025-10-19,EM01,31.65,298,8,3,0,0,0.0,0.0
2025-10-19,EM02,387.56,13665,346,99,13,3,10316.58,5618.16
2025-10-19,EM03,169.04,6353,109,6,2,0,1397.98,821.05
2025-10-19,GG01,272.67,732,65,16,8,2,5086.89,2424.49
2025-10-19,GG02,1610.23,4115,122,24,6,6,4372.81,2187.28
2025-10-19,GG03,333.34,3866,43,7,3,3,1486.52,693.7
2025-10-19,MT01,1350.74,17712,166,20,4,4,1630.03,860.42
2025-10-19,MT02,446.68,5703,62,10,2,2,1163.73,543.08
2025-10-19,MT03,591.53,11728,195,19,13,3,6023.02,3224.16
2025-10-19,OR01,0.0,9977,298,59,12,3,7214.39,3575.02
2025-10-19,OR02,0.0,38010,381,44,9,4,6754.07,3403.74
2025-10-19,TT01,206.95,1641,33,3,2,2,677.54,379.42
2025-10-19,TT02,415.93,3598,53,5,2,2,1101.63,706.17
2025-10-20,EM01,50.02,384,12,6,1,1,360.57,172.09
2025-10-20,EM02,295.22,9435,211,60,7,2,3453.8,1682.35
2025-10-20,EM03,199.1,5740,125,7,3,0,2721.8,1515.49
2025-10-20,GG01,521.45,1597,130,32,14,5,7688.08,3672.26
2025-10-20,GG02,1346.08,3735,119,24,4,4,2511.01,1314.44
2025-10-20,GG03,485.93,5265,64,10,4,4,3714.07,2012.38
2025-10-20,MT01,1119.36,15844,153,18,4,4,3011.36,1670.35
2025-10-20,MT02,434.7,5284,55,8,2,2,927.5,432.83
2025-10-20,MT03,403.77,11440,148,15,8,1,5595.93,3127.22
2025-10-20,OR01,0.0,8848,273,57,10,5,5254.07,2516.78
2025-10-20,OR02,0.0,34313,319,34,8,0,4322.75,1981.52
2025-10-20,TT01,459.21,3502,74,7,4,4,1239.85,739.41
2025-10-20,TT02,69.04,650,8,1,0,0,0.0,0.0
2025-10-21,EM01,19.94,141,5,2,0,0,0.0,0.0
2025-10-21,EM02,224.65,7190,168,50,7,0,3844.32,1863.93
2025-10-21,EM03,236.25,11065,194,9,4,0,2034.64,1171.25
2025-10-21,GG01,411.94,1005,94,23,11,1,6586.35,3115.07
2025-10-21,GG02,961.98,1955,77,15,3,3,2511.5,1288.16
2025-10-21,GG03,616.98,6977,83,12,4,4,2408.6,1227.86
2025-10-21,MT01,564.24,11854,103,14,3,3,1255.05,681.67
2025-10-21,MT02,588.22,6408,66,10,2,2,1665.92,925.51
2025-10-21,MT03,704.17,18547,270,26,12,3,8464.66,4859.92
2025-10-21,OR01,0.0,10644,337,62,12,2,7803.82,3992.8
2025-10-21,OR02,0.0,22090,201,21,6,1,4393.12,2222.78
2025-10-21,TT01,351.43,2121,55,5,3,3,0.0,0.0
2025-10-21,TT02,347.6,2171,33,3,1,1,410.45,221.01
2025-10-22,EM01,85.18,806,26,11,2,2,719.9,343.58
2025-10-22,EM02,346.98,10521,276,80,9,0,5205.88,2611.01
2025-10-22,EM03,244.18,6194,114,6,3,0,1349.35,691.14
2025-10-22,GG01,304.38,739,67,16,9,6,6694.16,3337.37
2025-10-22,GG02,456.4,877,33,6,1,1,430.27,192.25
2025-10-22,GG03,704.49,8031,91,12,5,5,3648.84,1992.05
2025-10-22,MT01,955.4,16108,145,16,4,4,1637.13,899.24
2025-10-22,MT02,1027.03,13853,130,18,4,4,2806.31,1463.19
2025-10-22,MT03,865.83,15105,233,25,9,3,3781.62,2137.37
2025-10-22,OR01,0.0,11656,322,49,11,1,8704.36,4245.31
2025-10-22,OR02,0.0,45104,448,46,11,5,7777.91,3942.91
2025-10-22,TT01,599.98,4712,88,8,5,5,2578.37,1632.06
2025-10-22,TT02,191.25,1637,24,3,1,1,296.18,159.48
2025-10-23,EM01,111.47,922,28,13,2,2,677.38,323.29
2025-10-23,EM02,137.42,6137,151,43,7,0,3301.25,1540.59
2025-10-23,EM03,420.94,16736,347,17,7,0,4899.7,2838.4
2025-10-23,GG01,109.91,336,24,6,3,1,962.95,416.94
2025-10-23,GG02,1754.17,3222,121,23,5,5,2854.64,1423.78
2025-10-23,GG03,136.27,1380,18,3,1,1,727.42,404.12
2025-10-23,MT01,823.36,10041,104,14,3,3,1189.67,567.79
2025-10-23,MT02,472.65,5943,62,9,2,2,903.57,501.99
2025-10-23,MT03,953.29,26608,351,37,18,3,9306.43,5191.05
2025-10-23,OR01,0.0,12661,381,66,15,4,9663.83,4750.43
2025-10-23,OR02,0.0,31114,309,33,9,0,5103.09,2602.33
2025-10-23,TT01,382.57,2923,66,6,4,4,683.89,429.13
2025-10-23,TT02,183.18,1870,25,2,1,1,0.0,0.0
2025-10-24,EM01,101.61,850,26,9,2,2,2084.42,1141.86
2025-10-24,EM02,263.41,8594,199,59,8,0,4635.4,2331.96
2025-10-24,EM03,274.8,9265,153,7,4,0,1933.06,1148.22
2025-10-24,GG01,467.56,1213,89,20,10,2,5328.37,2482.4
2025-10-24,GG02,681.87,1229,41,9,1,1,733.7,390.27
2025-10-24,GG03,200.76,1929,21,3,1,1,1474.98,819.43
2025-10-24,MT01,348.72,6086,55,6,1,1,271.93,129.78
2025-10-24,MT02,685.27,9376,99,15,4,4,2871.28,1557.46
2025-10-24,MT03,1140.87,26619,326,32,17,0,8978.22,4933.51
2025-10-24,OR01,0.0,18772,501,100,19,3,12994.95,6493.59
2025-10-24,OR02,0.0,27972,342,36,8,3,5888.93,3000.01
2025-10-24,TT01,471.17,3519,85,7,5,5,1247.45,698.57
2025-10-24,TT02,372.24,2922,47,5,2,2,360.24,193.98
2025-10-25,EM01,54.7,513,15,7,1,1,547.74,261.42
2025-10-25,EM02,241.91,7671,191,60,7,0,3709.53,1924.91
2025-10-25,EM03,71.43,2408,54,3,1,0,345.74,177.09
2025-10-25,GG01,378.39,944,83,23,11,3,8368.75,4093.86
2025-10-25,GG02,1607.12,3770,126,24,5,5,2684.95,1286.89
2025-10-25,GG03,280.79,2792,34,5,2,2,1017.61,474.89
2025-10-25,MT01,655.08,9705,94,11,3,3,1469.11,701.17
2025-10-25,MT02,578.79,7223,76,11,3,3,1544.59,858.11
2025-10-25,MT03,712.07,15577,249,24,13,3,6965.86,3798.8
2025-10-25,OR01,0.0,16570,464,80,14,3,9255.67,4607.28
2025-10-25,OR02,0.0,39807,405,51,10,0,7992.67,4193.76
2025-10-25,TT01,660.82,3846,91,9,6,6,2415.88,1509.32
2025-10-25,TT02,331.09,2231,39,5,1,1,797.3,511.09
2025-10-26,EM01,24.55,194,6,2,0,0,0.0,0.0
2025-10-26,EM02,309.47,7611,221,66,7,1,5917.19,3264.85
2025-10-26,EM03,128.08,4415,85,5,2,0,1264.8,747.61
2025-10-26,GG01,322.55,742,63,17,6,1,3490.83,1644.77
2025-10-26,GG02,1519.08,2746,106,23,4,4,2220.88,992.31
2025-10-26,GG03,175.44,1418,22,3,1,1,758.58,354.0
2025-10-26,MT01,543.77,9650,88,12,2,2,1295.25,716.35
2025-10-26,MT02,503.29,6685,62,10,2,2,925.12,513.95
2025-10-26,MT03,874.17,16426,215,24,9,1,5411.94,3034.11
2025-10-26,OR01,0.0,6785,189,29,5,2,4638.64,2415.96
2025-10-26,OR02,0.0,15284,148,15,3,0,2030.22,1045.79
2025-10-26,TT01,489.65,2856,62,5,4,4,1572.72,924.97
2025-10-26,TT02,8.76,64,1,0,0,0,0.0,0.0
2025-10-27,EM01,69.71,501,18,7,1,1,644.59,307.65
2025-10-27,EM02,244.87,8286,181,51,8,0,3657.13,1776.81
2025-10-27,EM03,100.01,2489,57,3,1,0,222.1,113.76
2025-10-27,GG01,494.44,1256,123,41,15,2,9415.85,4646.03
2025-10-27,GG02,437.79,947,32,6,1,1,1056.85,562.16
2025-10-27,GG03,235.6,2127,28,5,1,1,599.28,279.67
2025-10-27,MT01,524.7,7824,67,8,2,2,672.84,382.29
2025-10-27,MT02,785.24,7561,95,14,3,3,536.13,297.85
2025-10-27,MT03,1122.3,21419,328,31,13,3,7520.03,4141.7
2025-10-27,OR01,0.0,9100,314,57,11,2,6165.4,3032.83
2025-10-27,OR02,0.0,38003,353,40,9,2,7527.25,3878.52
2025-10-27,TT01,45.14,307,7,1,0,0,0.0,0.0
2025-10-27,TT02,309.49,2770,39,4,2,2,907.25,548.35
2025-10-28,EM01,89.23,849,24,11,2,2,1137.42,542.86
2025-10-28,EM02,218.81,5849,171,52,6,0,4454.52,2426.75
2025-10-28,EM03,285.68,7778,155,8,3,0,744.19,453.77
2025-10-28,GG01,647.21,1533,128,31,18,3,13392.06,6606.65
2025-10-28,GG02,552.74,1344,44,9,1,1,1370.55,729.01
2025-10-28,GG03,234.66,2541,25,4,1,1,314.28,146.66
2025-10-28,MT01,347.98,5388,51,6,1,1,760.56,432.13
2025-10-28,MT02,438.34,5792,57,9,2,2,796.35,371.63
2025-10-28,MT03,574.7,12799,188,20,9,0,3934.37,2186.22
2025-10-28,OR01,0.0,19525,585,99,18,5,11249.26,5459.5
2025-10-28,OR02,0.0,27282,254,35,7,0,4631.47,2204.26
2025-10-28,TT01,172.4,1310,26,2,1,1,323.6,181.22
2025-10-28,TT02,611.21,4253,66,6,3,3,1135.91,672.96
2025-10-29,EM01,76.01,652,20,9,1,1,499.1,283.58
2025-10-29,EM02,281.66,13479,275,83,10,1,6944.59,3766.09
2025-10-29,EM03,216.16,6947,145,8,3,0,1442.18,879.38
2025-10-29,GG01,551.81,1473,125,29,12,4,7327.76,3648.73
2025-10-29,GG02,1513.91,3674,125,24,5,5,4779.62,2499.5
2025-10-29,GG03,1044.85,12560,141,17,7,7,4121.29,2262.94
2025-10-29,MT01,352.37,5388,50,6,1,1,447.36,213.51
2025-10-29,MT02,242.97,3473,36,6,1,1,451.21,250.67
2025-10-29,MT03,624.24,14033,223,23,10,1,6846.79,3921.19
2025-10-29,OR01,0.0,11391,314,49,11,4,5714.57,2724.17
2025-10-29,OR02,0.0,20260,183,21,4,0,1787.76,886.38
2025-10-29,TT01,117.42,880,18,1,1,1,0.0,0.0
2025-10-29,TT02,724.21,6090,90,7,5,5,1589.87,856.08
2025-10-30,EM01,32.19,290,9,4,1,1,0.0,0.0
2025-10-30,EM02,128.1,5440,138,45,6,0,3141.32,1630.85
2025-10-30,EM03,133.39,4478,96,5,2,0,1257.12,710.55
2025-10-30,GG01,621.22,1811,125,32,15,2,8962.16,4410.0
2025-10-30,GG02,1449.83,2787,106,25,4,4,3769.56,2005.09
2025-10-30,GG03,332.77,3217,41,6,2,2,1567.18,831.8
2025-10-30,MT01,905.17,13244,128,14,4,4,1619.71,773.05
2025-10-30,MT02,988.71,10176,111,18,3,3,2480.19,1261.41
2025-10-30,MT03,458.77,11162,161,13,8,2,3148.45,1734.36
2025-10-30,OR01,0.0,11058,291,53,9,4,5692.51,2817.48
2025-10-30,OR02,0.0,22442,234,33,7,1,6306.55,3230.1
2025-10-30,TT01,911.47,6174,141,13,7,7,2564.34,1614.96
2025-10-30,TT02,580.44,4607,73,7,3,3,1473.4,878.37
2025-10-31,EM01,16.24,136,4,2,0,0,0.0,0.0
2025-10-31,EM02,234.14,8244,176,50,7,1,3810.94,1945.24
2025-10-31,EM03,412.36,16302,311,14,7,0,4129.04,2418.21
2025-10-31,GG01,541.77,1490,118,31,13,0,9653.24,4752.62
2025-10-31,GG02,1177.02,2571,83,16,3,3,2358.24,1214.7
2025-10-31,GG03,468.83,3879,46,7,2,2,1758.91,977.16
2025-10-31,MT01,1147.13,18402,159,19,5,5,2443.33,1388.26
2025-10-31,MT02,547.48,6238,66,11,2,2,1785.84,917.18
2025-10-31,MT03,558.48,11702,163,16,8,1,4589.93,2471.88
2025-10-31,OR01,0.0,15915,475,80,15,6,11203.83,5454.82
2025-10-31,OR02,0.0,38772,450,61,11,3,6869.41,3441.17
2025-10-31,TT01,876.32,5086,118,9,6,6,2562.68,1592.87
2025-10-31,TT02,863.49,7743,118,12,6,6,2600.68,1536.32
2025-11-01,EM01,141.35,1403,39,18,3,3,1848.77,1008.62
2025-11-01,EM02,327.49,9248,244,72,9,0,5101.55,2715.33
2025-11-01,EM03,130.69,4704,92,5,2,0,1186.95,690.66
2025-11-01,GG01,532.48,1464,116,26,15,5,7687.05,3715.78
2025-11-01,GG02,586.2,1403,46,10,1,1,459.68,205.39
2025-11-01,GG03,591.86,7316,83,13,4,4,4578.0,2507.6
2025-11-01,MT01,1818.95,32227,293,39,7,7,3835.56,2068.21
2025-11-01,MT02,1364.39,20095,191,25,8,8,5487.85,2957.28
2025-11-01,MT03,988.17,26064,362,33,17,4,10358.29,5782.89
2025-11-01,OR01,0.0,6068,203,42,6,3,3262.78,1543.43
2025-11-01,OR02,0.0,31228,297,31,6,1,4400.07,2291.76
2025-11-01,TT01,253.99,2332,41,4,2,2,755.5,423.08
2025-11-01,TT02,587.5,3416,58,6,2,2,516.33,278.02
2025-11-02,EM01,37.07,355,10,5,1,1,657.9,314.0
2025-11-02,EM02,238.06,9132,213,71,9,1,4694.08,2428.83
2025-11-02,EM03,215.94,8259,157,6,3,0,2619.75,1597.4
2025-11-02,GG01,725.68,1941,149,40,15,3,8470.23,4075.8
2025-11-02,GG02,1597.33,3492,123,24,4,4,915.83,454.39
2025-11-02,GG03,911.2,10697,122,18,7,7,3866.01,2147.8
2025-11-02,MT01,1430.06,21047,182,23,5,5,2835.15,1460.7
2025-11-02,MT02,1253.75,13364,139,21,6,6,2822.62,1470.33
2025-11-02,MT03,963.42,15409,251,26,11,2,5660.29,3238.65
2025-11-02,OR01,0.0,18921,494,85,19,11,12326.73,6135.96
2025-11-02,OR02,0.0,11588,120,14,3,2,1269.92,567.41
2025-11-02,TT01,923.61,5823,126,11,8,8,2806.8,1728.43
2025-11-02,TT02,548.17,5076,71,7,4,4,1493.81,847.56
2025-11-03,EM01,62.99,571,17,7,1,1,736.85,418.66
2025-11-03,EM02,423.76,13468,384,117,14,1,8690.07,4484.57
2025-11-03,EM03,82.86,2250,46,3,1,0,801.98,489.01
2025-11-03,GG01,518.31,1185,100,23,12,2,7943.81,3885.42
2025-11-03,GG02,1048.39,2088,67,13,2,2,339.2,151.56
2025-11-03,GG03,142.75,1621,16,3,1,1,929.15,516.19
2025-11-03,MT01,733.78,11204,100,13,3,3,1644.74,826.91
2025-11-03,MT02,654.2,7150,74,9,3,3,2012.23,1117.91
2025-11-03,MT03,432.06,11781,152,16,8,1,4722.78,2650.28
2025-11-03,OR01,0.0,14492,468,103,17,7,11116.8,5429.93
2025-11-03,OR02,0.0,38511,401,48,8,3,5083.14,2502.51
2025-11-03,TT01,595.8,5002,96,9,5,5,1748.44,1068.16
2025-11-03,TT02,456.91,3280,46,5,2,2,313.28,168.69
2025-11-04,EM01,19.29,222,6,2,0,0,0.0,0.0
2025-11-04,EM02,143.22,5344,131,34,5,0,3460.41,1887.68
2025-11-04,EM03,33.34,1129,25,1,0,0,0.0,0.0
2025-11-04,GG01,574.17,1266,95,25,14,2,11862.23,5990.22
2025-11-04,GG02,1146.91,2239,71,13,2,2,2180.5,1105.21
2025-11-04,GG03,1178.63,13171,152,23,6,6,2734.23,1454.16
2025-11-04,MT01,1073.41,19789,148,19,5,5,1382.13,659.65
2025-11-04,MT02,638.41,7379,81,11,2,2,1320.71,688.6
2025-11-04,MT03,1029.91,22369,271,31,12,0,5308.53,2881.31
2025-11-04,OR01,0.0,14149,502,85,17,4,12813.6,6376.89
2025-11-04,OR02,0.0,23936,224,26,5,1,3426.92,1753.59
2025-11-04,TT01,691.59,5308,109,10,5,5,1685.79,1069.95
2025-11-04,TT02,609.61,6475,83,7,4,4,3023.27,1863.31
2025-11-05,EM01,14.74,142,4,2,0,0,0.0,0.0
2025-11-05,EM02,318.73,10096,279,100,11,0,9011.45,4705.44
2025-11-05,EM03,96.39,4113,76,4,2,0,997.48,581.74
2025-11-05,GG01,596.52,1536,117,29,14,5,10861.69,5427.3
2025-11-05,GG02,1779.87,5135,141,24,5,5,3006.2,1490.18
2025-11-05,GG03,1169.52,13868,150,25,7,7,5577.62,2845.49
2025-11-05,MT01,1235.71,19213,166,18,3,3,2217.18,1185.01
2025-11-05,MT02,485.22,6676,67,10,2,2,415.41,193.86
2025-11-05,MT03,541.68,13070,182,19,10,1,4526.78,2500.63
2025-11-05,OR01,0.0,9424,281,58,10,4,6332.51,3095.04
2025-11-05,OR02,0.0,16175,152,18,3,1,2218.98,1158.71
2025-11-05,TT01,462.44,3743,75,6,4,4,1487.16,877.94
2025-11-05,TT02,212.09,1676,28,3,1,1,448.42,241.46
2025-11-06,EM01,119.74,944,31,14,2,2,569.35,271.73
2025-11-06,EM02,443.18,16267,393,117,14,0,7650.02,3910.79
2025-11-06,EM03,306.71,12397,221,10,4,0,2417.88,1411.56
2025-11-06,GG01,478.93,1163,91,28,10,5,6067.67,2963.64
2025-11-06,GG02,1518.59,3227,111,26,5,5,2924.24,1486.41
2025-11-06,GG03,1288.51,13644,152,25,8,8,7561.15,4176.68
2025-11-06,MT01,818.03,13117,117,15,3,3,2714.22,1500.02
2025-11-06,MT02,666.94,9198,92,14,4,4,2539.84,1336.82
2025-11-06,MT03,439.14,10694,143,15,9,3,3159.47,1707.1
2025-11-06,OR01,0.0,16685,503,90,16,4,12405.64,6199.77
2025-11-06,OR02,0.0,24098,241,30,5,1,3194.12,1635.08
2025-11-06,TT01,639.56,4684,114,10,6,6,2500.0,1625.52
2025-11-06,TT02,993.1,9602,118,12,6,6,2518.16,1543.6
2025-11-07,EM01,19.51,157,5,2,0,0,0.0,0.0
2025-11-07,EM02,270.17,10401,214,68,10,0,6570.07,3477.86
2025-11-07,EM03,291.88,7677,156,7,3,0,1703.94,945.98
2025-11-07,GG01,446.71,1109,85,21,11,2,8119.92,3969.31
2025-11-07,GG02,1314.89,2617,90,18,4,4,3624.55,1894.91
2025-11-07,GG03,303.32,3188,41,6,2,2,1321.04,733.91
2025-11-07,MT01,921.68,14130,125,13,3,3,1161.29,618.96
2025-11-07,MT02,1464.44,14433,193,30,8,8,4118.73,2147.7
2025-11-07,MT03,1300.42,22457,392,37,17,2,10009.14,5601.87
2025-11-07,OR01,0.0,20665,548,115,23,3,13461.79,6443.14
2025-11-07,OR02,0.0,42298,449,56,11,3,5722.05,2824.17
2025-11-07,TT01,687.97,4464,101,9,5,5,2432.61,1444.67
2025-11-07,TT02,636.07,5236,82,8,4,4,1850.55,1140.12
2025-11-08,EM01,23.28,162,5,2,0,0,0.0,0.0
2025-11-08,EM02,94.74,3609,83,26,4,0,2453.58,1244.43
2025-11-08,EM03,262.61,10773,192,9,4,0,1680.31,919.1
2025-11-08,GG01,489.09,1779,116,30,16,8,13499.04,6803.61
2025-11-08,GG02,3045.44,5730,232,37,8,8,6348.66,3268.11
2025-11-08,GG03,530.17,5401,60,10,3,3,716.59,334.41
2025-11-08,MT01,1492.5,30036,228,26,6,6,2872.55,1585.32
2025-11-08,MT02,1202.08,19065,202,30,7,7,4195.94,2228.25
2025-11-08,MT03,710.04,14002,227,22,10,1,5135.78,2725.32
2025-11-08,OR01,0.0,19883,535,99,15,2,12111.35,6026.31
2025-11-08,OR02,0.0,39234,347,35,8,1,6857.27,3552.32
2025-11-08,TT01,891.22,6142,127,11,7,7,1332.08,799.43
2025-11-08,TT02,617.34,4189,77,7,4,4,897.23,483.12
2025-11-09,EM01,41.21,399,10,5,1,1,422.81,201.79
2025-11-09,EM02,188.91,7748,182,59,8,0,4156.45,2148.9
2025-11-09,EM03,112.58,4295,70,3,1,0,597.96,306.27
2025-11-09,GG01,587.05,1174,119,25,14,6,9583.04,4633.44
2025-11-09,GG02,2063.16,5100,167,31,6,6,3420.41,1779.05
2025-11-09,GG03,913.82,6978,85,12,5,5,4914.01,2660.53
2025-11-09,MT01,876.72,13665,108,14,3,3,1578.26,854.41
2025-11-09,MT02,738.76,10826,92,17,3,3,1689.85,905.06
2025-11-09,MT03,712.59,19809,254,29,10,3,5988.17,3342.2
2025-11-09,OR01,0.0,13687,431,84,12,6,10062.81,5056.79
2025-11-09,OR02,0.0,28231,276,35,7,0,4805.61,2422.99
2025-11-09,TT01,494.07,3392,85,8,4,4,2084.47,1344.9
2025-11-09,TT02,131.53,1492,20,2,1,1,560.25,359.14
2025-11-10,EM01,47.31,404,12,4,1,1,370.28,176.72
2025-11-10,EM02,229.89,6909,173,56,7,0,4257.59,2207.53
2025-11-10,EM03,75.72,2668,46,3,1,0,391.21,200.38
2025-11-10,GG01,627.06,1553,140,33,13,4,10171.02,5067.89
2025-11-10,GG02,380.56,782,28,5,1,1,266.27,118.97
2025-11-10,GG03,376.03,4274,54,8,3,3,2383.33,1324.08
2025-11-10,MT01,569.57,14027,110,11,3,3,1186.77,566.41
2025-11-10,MT02,1401.84,19767,183,26,6,6,5315.89,2867.99
2025-11-10,MT03,343.8,9540,126,12,7,1,3793.45,2078.29
2025-11-10,OR01,0.0,11274,374,81,12,4,5944.12,2889.15
2025-11-10,OR02,0.0,22668,260,35,7,2,3707.96,1892.99
2025-11-10,TT01,814.1,5236,120,13,7,7,2400.66,1472.2
2025-11-10,TT02,187.16,1942,26,3,1,1,453.54,244.21
2025-11-11,EM01,174.06,1249,42,20,4,4,3019.35,1557.86
2025-11-11,EM02,163.4,4890,134,45,5,3,4180.61,2225.1
2025-11-11,EM03,219.14,8743,168,8,3,0,1575.73,897.4
2025-11-11,GG01,835.71,1587,133,33,13,4,7394.33,3492.28
2025-11-11,GG02,1421.41,2794,98,22,4,4,3893.15,2070.83
2025-11-11,GG03,522.51,6341,72,11,3,3,1884.09,1046.72
2025-11-11,MT01,1570.22,23979,216,28,6,6,5427.08,2928.88
2025-11-11,MT02,754.77,10533,103,14,3,3,1376.15,642.2
2025-11-11,MT03,738.05,17744,259,25,11,3,5033.37,2749.41
2025-11-11,OR01,0.0,16266,503,68,18,6,10141.58,4968.64
2025-11-11,OR02,0.0,39991,412,48,9,5,5929.78,2984.79
2025-11-11,TT01,889.52,6304,140,11,8,8,3334.11,2030.74
2025-11-11,TT02,375.17,2734,43,5,2,2,667.56,359.46
2025-11-12,EM01,16.05,146,4,2,0,0,0.0,0.0
2025-11-12,EM02,344.32,12409,249,68,9,1,7757.15,4237.31
2025-11-12,EM03,170.51,5354,113,7,2,0,1710.35,990.3
2025-11-12,GG01,720.65,1895,139,38,14,4,8373.73,4065.96
2025-11-12,GG02,728.59,1298,53,11,2,2,1805.36,925.92
2025-11-12,GG03,605.25,5407,58,10,3,3,2853.07,1503.27
2025-11-12,MT01,833.41,15079,126,15,4,4,2098.12,1096.17
2025-11-12,MT02,438.37,5696,62,12,2,2,1917.47,1065.26
2025-11-12,MT03,619.53,15438,240,24,12,1,5826.98,3189.11
2025-11-12,OR01,0.0,10689,314,62,11,8,6148.81,3052.6
2025-11-12,OR02,0.0,30406,338,37,8,5,4624.3,2384.63
2025-11-12,TT01,322.04,2100,50,4,3,3,1005.65,563.16
2025-11-12,TT02,730.86,5029,84,7,5,5,1480.28,894.1
2025-11-13,EM01,54.66,408,13,6,1,1,0.0,0.0
2025-11-13,EM02,312.76,8444,250,80,10,0,5170.82,2661.89
2025-11-13,EM03,225.91,6661,149,8,3,0,1477.05,837.86
2025-11-13,GG01,488.61,1481,118,29,12,2,6490.3,3026.28
2025-11-13,GG02,1435.12,2796,108,20,4,4,2741.92,1424.27
2025-11-13,GG03,640.22,7334,84,11,4,4,1569.42,786.33
2025-11-13,MT01,2035.27,25080,228,27,6,6,2103.01,1003.71
2025-11-13,MT02,1281.25,15788,153,27,6,6,3720.43,1974.56
2025-11-13,MT03,715.52,17224,255,30,11,2,5706.3,3219.49
2025-11-13,OR01,0.0,8880,249,45,9,1,4854.21,2426.97
2025-11-13,OR02,0.0,43158,441,53,12,4,8540.22,4381.99
2025-11-13,TT01,713.5,4472,113,10,5,5,1718.79,1120.3
2025-11-13,TT02,653.46,4511,89,9,4,4,1023.68,551.22
2025-11-14,EM01,40.22,460,11,5,1,1,465.96,264.75
2025-11-14,EM02,249.5,9883,215,58,9,0,6584.07,3407.58
2025-11-14,EM03,186.12,6279,116,6,2,0,756.22,387.33
2025-11-14,GG01,538.79,1621,121,33,14,2,10161.96,4822.12
2025-11-14,GG02,1304.0,3197,115,26,4,4,2759.14,1384.61
2025-11-14,GG03,1202.59,14916,149,24,7,7,4035.02,2218.07
2025-11-14,MT01,314.09,5352,45,5,1,1,1208.62,686.72
2025-11-14,MT02,913.65,12729,135,22,5,5,4569.93,2485.0
2025-11-14,MT03,409.06,9378,133,12,6,2,2122.54,1099.62
2025-11-14,OR01,0.0,13082,407,78,13,8,8045.62,3981.34
2025-11-14,OR02,0.0,31679,324,46,7,2,6540.92,3403.36
2025-11-14,TT01,603.41,4519,90,7,5,5,964.53,540.13
2025-11-14,TT02,752.61,5388,93,10,5,5,905.01,487.32
2025-11-15,EM01,128.59,1138,33,16,3,3,2127.46,1136.64
2025-11-15,EM02,227.19,8903,211,57,7,0,5376.62,2895.35
2025-11-15,EM03,46.57,1328,28,1,0,0,0.0,0.0
2025-11-15,GG01,362.22,1036,84,19,10,6,9742.13,4896.7
2025-11-15,GG02,1134.28,2053,83,17,3,3,1905.58,973.15
2025-11-15,GG03,1036.93,13469,150,23,8,8,4463.4,2345.93
2025-11-15,MT01,971.48,14162,128,12,4,4,920.0,439.09
2025-11-15,MT02,561.62,5256,68,11,2,2,1066.22,497.57
2025-11-15,MT03,847.06,25110,337,41,17,3,10049.91,5626.84
2025-11-15,OR01,0.0,15451,432,69,16,4,12761.81,6308.07
2025-11-15,OR02,0.0,34560,412,58,9,1,4942.9,2394.09
2025-11-15,TT01,618.33,4392,95,9,6,6,1978.29,1186.48
2025-11-15,TT02,330.31,2870,47,5,2,2,581.85,313.31
2025-11-16,EM01,99.04,765,28,12,2,2,2126.66,1208.33
2025-11-16,EM02,294.69,7589,197,55,7,1,4259.61,2214.5
2025-11-16,EM03,230.51,9000,166,7,4,0,1325.18,725.06
2025-11-16,GG01,502.91,1175,101,26,11,5,7281.81,3454.62
2025-11-16,GG02,1949.27,4811,156,34,5,5,3350.62,1683.88
2025-11-16,GG03,465.07,4567,47,7,2,2,1787.77,993.2
2025-11-16,MT01,193.22,3732,34,4,1,1,535.5,304.26
2025-11-16,MT02,340.84,4164,46,7,2,2,1111.5,518.69
2025-11-16,MT03,830.34,20542,313,37,17,4,12273.94,6899.35
2025-11-16,OR01,0.0,16831,535,100,19,5,9772.12,4866.21
2025-11-16,OR02,0.0,5269,66,9,2,1,1043.1,524.36
2025-11-16,TT01,866.82,7469,132,10,10,10,1298.07,777.76
2025-11-16,TT02,497.79,4085,57,6,3,3,860.59,463.39
2025-11-17,EM01,7.9,65,2,1,0,0,0.0,0.0
2025-11-17,EM02,90.45,3141,73,21,3,0,2537.74,1363.85
2025-11-17,EM03,90.74,2872,63,3,1,0,607.53,370.44
2025-11-17,GG01,926.16,2606,195,48,21,6,12049.53,5732.53
2025-11-17,GG02,2635.77,5697,191,39,7,7,5138.01,2695.84
2025-11-17,GG03,803.47,7229,89,12,5,5,3373.0,1873.89
2025-11-17,MT01,1287.61,22306,208,26,6,6,3611.75,1964.03
2025-11-17,MT02,985.43,9317,118,17,4,4,2006.74,1055.75
2025-11-17,MT03,1229.34,23852,416,47,19,2,8527.97,4697.98
2025-11-17,OR01,0.0,16123,409,92,17,1,12357.6,6062.63
2025-11-17,OR02,0.0,22830,227,29,5,2,2525.48,1217.31
2025-11-17,TT01,729.41,5014,104,10,6,6,3809.21,2478.28
2025-11-17,TT02,798.92,5694,83,9,4,4,1670.72,980.82
2025-11-18,EM01,94.19,816,25,11,2,2,799.0,381.34
2025-11-18,EM02,257.7,9048,220,67,9,1,4775.81,2436.88
2025-11-18,EM03,226.33,8725,152,8,3,0,1134.18,660.3
2025-11-18,GG01,640.77,1605,133,34,18,4,10949.97,5447.43
2025-11-18,GG02,783.07,1968,64,14,2,2,1348.48,664.94
2025-11-18,GG03,1002.86,8171,118,16,6,6,5500.3,3013.66
2025-11-18,MT01,874.68,14347,126,18,3,3,1270.08,606.17
2025-11-18,MT02,931.93,12392,136,21,5,5,2324.21,1199.25
2025-11-18,MT03,816.03,21926,318,30,15,1,7415.74,4161.68
2025-11-18,OR01,0.0,9075,263,48,9,4,4963.17,2492.3
2025-11-18,OR02,0.0,12659,158,18,4,1,1972.28,976.49
2025-11-18,TT01,756.21,5083,108,8,6,6,1930.25,1141.47
2025-11-18,TT02,377.27,3722,55,5,3,3,1167.02,628.39
2025-11-19,EM01,67.99,484,15,6,1,1,530.7,253.29
2025-11-19,EM02,361.79,13779,340,94,13,2,7399.05,3888.33
2025-11-19,EM03,105.25,2431,51,3,1,0,751.4,458.17
2025-11-19,GG01,699.01,2155,155,39,19,9,13986.88,6947.49
2025-11-19,GG02,3087.58,6945,246,52,9,9,4938.37,2436.97
2025-11-19,GG03,1241.9,11313,151,23,7,7,5719.58,3147.1
2025-11-19,MT01,1526.08,24276,199,26,5,5,2573.94,1329.65
2025-11-19,MT02,649.87,8519,74,11,2,2,282.28,131.73
2025-11-19,MT03,407.45,10179,175,17,9,0,5236.84,2906.91
2025-11-19,OR01,0.0,7820,265,45,9,2,4206.01,1911.62
2025-11-19,OR02,0.0,59754,594,75,13,4,8232.14,4087.88
2025-11-19,TT01,392.96,3007,67,6,4,4,1392.29,779.68
2025-11-19,TT02,454.78,3371,53,5,3,3,947.27,510.06
2025-11-20,EM01,106.04,943,26,10,2,2,1895.13,1027.13
2025-11-20,EM02,258.3,9823,257,81,7,0,4777.83,2533.97
2025-11-20,EM03,113.38,4007,89,4,2,0,437.17,223.92
2025-11-20,GG01,737.38,1759,159,44,16,3,10165.89,4985.27
2025-11-20,GG02,3636.13,7359,221,40,8,8,4826.32,2484.62
2025-11-20,GG03,361.67,4022,47,6,2,2,2263.87,1257.71
2025-11-20,MT01,893.17,16266,133,19,4,4,2415.4,1327.37
2025-11-20,MT02,1012.72,11654,136,19,5,5,1865.23,947.33
2025-11-20,MT03,622.52,18878,240,23,10,1,6502.8,3692.19
2025-11-20,OR01,0.0,18728,598,113,17,5,10472.08,5062.96
2025-11-20,OR02,0.0,31462,256,30,5,2,4036.07,2101.03
2025-11-20,TT01,893.24,5301,122,10,7,7,1539.57,862.16
2025-11-20,TT02,355.01,3450,52,6,2,2,576.58,369.6
2025-11-21,EM01,88.78,630,18,9,1,1,252.68,120.6
2025-11-21,EM02,227.21,6951,200,58,7,3,4297.72,2183.14
2025-11-21,EM03,251.71,8669,171,9,4,0,2671.13,1569.31
2025-11-21,GG01,649.16,1723,120,27,13,4,8359.12,4005.04
2025-11-21,GG02,858.74,2315,63,13,2,2,643.64,342.36
2025-11-21,GG03,466.42,4323,58,11,3,3,3654.59,1993.03
2025-11-21,MT01,2157.22,27960,267,31,8,8,1500.32,772.73
2025-11-21,MT02,485.82,6198,62,10,2,2,1386.99,730.33
2025-11-21,MT03,1170.7,31681,441,48,20,2,12928.87,7224.59
2025-11-21,OR01,0.0,18511,598,114,20,6,13416.5,6522.0
2025-11-21,OR02,0.0,39833,346,44,7,3,4574.93,2310.84
2025-11-21,TT01,372.97,2646,50,4,2,2,316.84,177.43
2025-11-21,TT02,566.16,4215,59,6,3,3,1992.31,1252.65
2025-11-22,EM01,114.58,1010,27,11,2,2,2118.56,1203.73
2025-11-22,EM02,294.44,7323,203,63,9,1,5371.25,2787.72
2025-11-22,EM03,29.14,875,19,1,0,0,0.0,0.0
2025-11-22,GG01,487.58,1290,95,21,10,0,5092.24,2440.14
2025-11-22,GG02,1665.08,4805,171,35,7,7,4008.72,1958.97
2025-11-22,GG03,866.8,8229,98,15,5,5,3744.73,1984.09
2025-11-22,MT01,1125.14,17690,160,17,5,5,2494.08,1343.23
2025-11-22,MT02,939.19,11455,144,28,5,5,3418.73,1814.48
2025-11-22,MT03,1003.61,20132,262,27,16,4,8341.11,4645.78
2025-11-22,OR01,0.0,9482,293,43,13,5,5033.38,2403.01
2025-11-22,OR02,0.0,58904,596,77,13,3,8666.61,4236.62
2025-11-22,TT01,772.66,6044,125,11,6,6,1781.46,1170.51
2025-11-22,TT02,908.44,5920,84,8,4,4,1258.15,737.2
2025-11-23,EM01,78.35,562,16,7,1,1,965.73,460.92
2025-11-23,EM02,221.78,6909,163,39,5,0,3624.73,1945.13
2025-11-23,EM03,103.87,3543,77,3,2,0,811.41,415.6
2025-11-23,GG01,328.59,928,76,18,12,5,7983.13,3891.3
2025-11-23,GG02,1667.51,3102,108,24,4,4,2868.4,1496.18
2025-11-23,GG03,645.85,7668,89,15,5,5,2337.0,1260.62
2025-11-23,MT01,3129.2,34215,342,43,9,9,3665.15,1963.94
2025-11-23,MT02,776.07,8597,92,15,3,3,1762.36,959.92
2025-11-23,MT03,868.83,19988,273,28,14,1,7063.73,3925.01
2025-11-23,OR01,0.0,14527,487,101,16,6,9256.24,4487.62
2025-11-23,OR02,0.0,20194,189,22,4,1,2342.36,1180.39
2025-11-23,TT01,587.62,5064,110,10,5,5,2420.78,1540.15
2025-11-23,TT02,178.18,1441,21,2,1,1,825.68,529.28
2025-11-24,EM01,28.86,208,6,2,0,0,0.0,0.0
2025-11-24,EM02,356.91,14392,375,100,13,0,6796.46,3461.18
2025-11-24,EM03,99.74,3320,61,3,1,0,311.56,159.58
2025-11-24,GG01,814.72,1847,168,40,19,4,13474.6,6689.71
2025-11-24,GG02,1120.74,2839,100,18,4,4,4114.18,2188.38
2025-11-24,GG03,1321.51,10149,133,18,6,6,3618.04,1907.16
2025-11-24,MT01,1017.69,16524,155,22,4,4,2149.31,1149.76
2025-11-24,MT02,1066.82,11125,143,27,5,5,2259.89,1221.79
2025-11-24,MT03,973.3,23340,327,31,15,1,8318.48,4466.29
2025-11-24,OR01,0.0,22295,691,110,23,9,11989.51,5776.31
2025-11-24,OR02,0.0,32174,308,37,10,3,7903.78,4071.5
2025-11-24,TT01,821.12,6912,143,13,8,8,3638.68,2281.49
2025-11-24,TT02,704.31,7072,96,10,5,5,1193.19,642.49
2025-11-25,EM01,86.63,677,23,10,2,2,293.29,139.98
2025-11-25,EM02,377.22,14511,350,108,12,2,7154.81,3728.69
2025-11-25,EM03,76.86,2719,57,3,1,0,433.36,264.24
2025-11-25,GG01,711.2,2064,175,42,20,4,12732.62,6072.03
2025-11-25,GG02,2031.09,4508,170,35,7,7,5086.13,2705.38
2025-11-25,GG03,1352.67,12055,137,22,7,7,4159.28,2241.46
2025-11-25,MT01,1585.83,20421,196,24,5,5,2306.29,1227.69
2025-11-25,MT02,1167.21,13416,168,26,6,6,3624.32,1888.68
2025-11-25,MT03,1004.84,20847,345,37,18,5,10003.35,5694.42
2025-11-25,OR01,0.0,14796,463,78,17,5,9966.73,4885.88
2025-11-25,OR02,0.0,31233,286,34,8,5,7428.54,3800.4
2025-11-25,TT01,1421.34,9815,206,19,10,10,3556.5,2221.36
2025-11-25,TT02,541.63,3948,67,6,3,3,1258.9,754.33
2025-11-26,EM01,260.41,1946,57,28,5,5,2182.25,1074.77
2025-11-26,EM02,187.6,5959,167,50,8,0,5654.28,2937.75
2025-11-26,EM03,417.03,15274,280,14,6,0,3590.06,2054.51
2025-11-26,GG01,479.47,1149,94,28,13,6,10488.1,5176.85
2025-11-26,GG02,1137.05,2103,87,19,3,3,3448.06,1834.07
2025-11-26,GG03,1159.05,11018,127,23,6,6,4797.8,2610.15
2025-11-26,MT01,367.33,4888,50,5,1,1,335.45,160.1
2025-11-26,MT02,1622.4,15152,155,26,5,5,2574.72,1329.97
2025-11-26,MT03,615.74,14659,230,23,13,3,6804.67,3738.33
2025-11-26,OR01,0.0,36783,1069,190,29,13,15892.67,7655.21
2025-11-26,OR02,0.0,33574,363,40,8,5,5236.99,2635.11
2025-11-26,TT01,714.71,5094,114,9,7,7,3433.79,2236.93
2025-11-26,TT02,195.64,1373,23,2,1,1,267.53,144.05
2025-11-27,EM01,96.22,777,22,9,2,2,1217.12,660.7
2025-11-27,EM02,391.53,12036,333,122,14,2,9147.94,4849.0
2025-11-27,EM03,220.67,8899,169,7,3,0,2155.49,1275.99
2025-11-27,GG01,752.69,2212,159,38,18,8,13174.75,6602.97
2025-11-27,GG02,3241.89,5947,216,45,7,7,4784.04,2439.99
2025-11-27,GG03,1386.42,11751,159,25,8,8,4618.31,2425.34
2025-11-27,MT01,1619.23,24643,228,26,8,8,5266.4,2824.85
2025-11-27,MT02,732.73,6996,78,12,2,2,1046.51,549.22
2025-11-27,MT03,1135.12,24460,395,35,23,7,15141.9,8620.81
2025-11-27,OR01,0.0,17183,537,106,18,5,9405.05,4526.47
2025-11-27,OR02,0.0,49048,419,43,12,8,6327.44,3103.15
2025-11-27,TT01,665.78,4273,96,11,5,5,1555.98,917.68
2025-11-27,TT02,719.86,5853,81,8,4,4,889.72,479.08
2025-11-28,EM01,87.33,938,27,12,2,2,951.22,516.32
2025-11-28,EM02,217.32,6458,171,64,8,1,5217.04,2784.32
2025-11-28,EM03,211.88,8171,164,9,4,0,2053.21,1183.5
2025-11-28,GG01,917.82,2514,205,64,21,5,13935.11,6750.41
2025-11-28,GG02,2592.03,5852,190,41,6,6,4566.8,2348.86
2025-11-28,GG03,165.54,1511,18,3,1,1,415.16,230.65
2025-11-28,MT01,1947.71,39480,299,37,11,11,6199.73,3344.9
2025-11-28,MT02,760.16,11103,123,19,4,4,2666.25,1481.24
2025-11-28,MT03,838.46,17482,273,27,15,5,7823.07,4212.08
2025-11-28,OR01,0.0,14378,394,81,15,7,9205.51,4455.96
2025-11-28,OR02,0.0,37791,333,45,8,3,4619.37,2350.64
2025-11-28,TT01,808.39,4197,99,8,5,5,2021.3,1272.74
2025-11-28,TT02,453.74,3922,62,5,4,4,1352.0,803.24
2025-11-29,EM01,45.79,454,13,6,1,1,565.72,321.43
2025-11-29,EM02,320.06,15306,317,78,11,2,7735.98,4088.38
2025-11-29,EM03,75.78,2623,53,3,1,0,428.89,261.52
2025-11-29,GG01,826.85,2817,208,51,25,9,11239.66,5256.72
2025-11-29,GG02,2293.97,6099,212,41,8,8,5718.84,2943.83
2025-11-29,GG03,1296.48,12714,126,19,5,5,3979.94,2211.07
2025-11-29,MT01,1804.12,27539,249,31,7,7,3746.59,2070.43
2025-11-29,MT02,645.87,7922,87,12,3,3,2626.9,1326.51
2025-11-29,MT03,876.87,17778,266,25,12,4,6980.13,4018.54
2025-11-29,OR01,0.0,15823,491,88,14,3,9717.3,4868.58
2025-11-29,OR02,0.0,43997,449,53,10,3,5552.16,2796.01
2025-11-29,TT01,350.31,2809,60,6,3,3,2012.67,1298.26
2025-11-29,TT02,1417.46,11702,181,20,9,9,3024.88,1787.56
2025-11-30,EM01,161.74,1252,44,18,4,4,2839.11,1563.56
2025-11-30,EM02,321.77,9274,244,65,10,0,4433.92,2278.27
2025-11-30,EM03,261.67,8775,185,10,5,0,2641.8,1524.98
2025-11-30,GG01,712.33,1783,152,41,17,4,10855.09,5318.75
2025-11-30,GG02,2611.41,5010,187,30,7,7,4785.32,2480.45
2025-11-30,GG03,1382.5,15041,181,26,8,8,5034.18,2620.37
2025-11-30,MT01,2949.89,57734,472,56,13,13,8525.28,4544.63
2025-11-30,MT02,853.64,10449,142,20,5,5,2330.8,1269.31
2025-11-30,MT03,488.84,11107,179,16,9,2,4915.05,2736.3
2025-11-30,OR01,0.0,14481,487,79,16,7,7971.82,3887.08
2025-11-30,OR02,0.0,61228,685,96,12,2,7364.61,3672.81
2025-11-30,TT01,963.37,6856,149,17,10,10,2674.59,1583.17
2025-11-30,TT02,536.56,3579,58,6,3,3,1155.93,677.21
2025-12-01,EM01,59.16,548,16,7,1,1,334.43,159.61
2025-12-01,EM02,119.54,3760,104,28,5,3,2889.96,1530.78
2025-12-01,EM03,345.53,10753,228,11,5,0,2132.15,1214.83
2025-12-01,GG01,360.42,858,70,18,8,2,4629.42,2311.34
2025-12-01,GG02,1762.57,4548,141,32,6,6,4643.5,2398.9
2025-12-01,GG03,733.68,5743,79,12,4,4,3947.27,2192.92
2025-12-01,MT01,642.49,10365,93,11,3,3,1061.67,506.71
2025-12-01,MT02,1783.72,22475,258,41,9,9,7262.97,3862.19
2025-12-01,MT03,699.59,13912,235,19,14,2,7852.58,4400.25
2025-12-01,OR01,0.0,11966,452,82,16,7,12543.58,6242.05
2025-12-01,OR02,0.0,29132,335,44,8,1,5830.35,3005.16
2025-12-01,TT01,611.75,2730,79,8,4,4,2079.09,1319.5
2025-12-01,TT02,776.04,5595,89,10,5,5,2558.35,1530.8
2025-12-02,EM01,48.29,382,12,5,1,1,328.77,156.91
2025-12-02,EM02,334.7,12489,272,71,9,0,6037.19,3113.82
2025-12-02,EM03,185.41,6192,120,7,2,0,1382.01,776.5
2025-12-02,GG01,348.04,938,76,18,8,0,4602.99,2143.03
2025-12-02,GG02,1088.37,2539,85,14,3,3,1644.21,874.58
2025-12-02,GG03,173.91,1810,25,4,1,1,1507.27,837.37
2025-12-02,MT01,539.67,9811,91,10,2,2,1644.3,887.2
2025-12-02,MT02,234.99,3362,37,6,1,1,924.85,513.81
2025-12-02,MT03,813.08,13694,245,21,13,1,7019.93,3887.52
2025-12-02,OR01,0.0,13632,399,65,15,4,10959.84,5510.01
2025-12-02,OR02,0.0,47052,412,57,10,3,7563.15,3860.34
2025-12-02,TT01,477.82,3244,77,7,4,4,1692.12,1051.42
2025-12-02,TT02,198.87,1620,26,3,1,1,371.34,199.95
2025-12-03,EM01,65.02,564,16,7,1,1,335.33,160.05
2025-12-03,EM02,440.25,16912,351,101,12,0,8252.63,4494.96
2025-12-03,EM03,455.54,13504,251,13,5,0,2465.47,1391.51
2025-12-03,GG01,507.42,1540,95,23,14,2,7508.31,3515.33
2025-12-03,GG02,1596.58,4968,129,22,5,5,3632.98,1904.36
2025-12-03,GG03,357.73,3849,42,6,2,2,372.91,174.02
2025-12-03,MT01,386.19,6283,50,6,1,1,937.21,532.51
2025-12-03,MT02,726.98,9078,96,16,3,3,2055.09,1096.42
2025-12-03,MT03,1055.59,22239,371,43,19,3,7817.36,4373.24
2025-12-03,OR01,0.0,17191,540,83,19,5,13062.48,6555.86
2025-12-03,OR02,0.0,20233,171,23,5,2,3590.51,1756.38
2025-12-03,TT01,346.79,3336,63,6,4,4,1924.84,1283.23
2025-12-03,TT02,388.46,2960,38,4,2,2,452.83,243.83
2025-12-04,EM01,18.85,185,5,2,0,0,0.0,0.0
2025-12-04,EM02,376.83,11142,325,107,14,1,8743.85,4603.92
2025-12-04,EM03,146.2,5675,106,5,2,0,863.63,442.35
2025-12-04,GG01,391.8,1335,95,26,12,3,8267.39,4088.28
2025-12-04,GG02,764.63,2001,65,12,2,2,1882.59,1001.38
2025-12-04,GG03,1228.99,11440,144,25,7,7,3636.79,1871.66
2025-12-04,MT01,865.9,16966,130,16,4,4,1896.98,1077.83
2025-12-04,MT02,554.39,6218,89,15,3,3,689.46,321.75
2025-12-04,MT03,1167.08,30546,435,39,20,2,11856.84,6424.13
2025-12-04,OR01,0.0,5787,201,32,8,2,4740.78,2332.17
2025-12-04,OR02,0.0,46263,441,57,10,0,4360.83,2028.48
2025-12-04,TT01,298.33,1886,45,4,2,2,0.0,0.0
2025-12-04,TT02,7.85,67,1,0,0,0,0.0,0.0
2025-12-05,EM01,51.06,541,15,7,2,2,1471.01,835.81
2025-12-05,EM02,132.91,3965,108,34,4,0,2327.59,1241.76
2025-12-05,EM03,95.96,4747,82,4,2,0,1380.33,808.19
2025-12-05,GG01,505.41,1472,111,23,14,4,8962.97,4376.98
2025-12-05,GG02,965.84,2475,82,17,3,3,3382.86,1799.39
2025-12-05,GG03,1097.94,10881,123,18,7,7,6143.35,3379.88
2025-12-05,MT01,1918.31,24523,247,31,7,7,2851.66,1558.46
2025-12-05,MT02,547.09,6356,63,8,3,3,914.09,483.31
2025-12-05,MT03,464.02,9732,145,15,8,2,4508.94,2476.54
2025-12-05,OR01,0.0,16411,490,80,17,2,7404.71,3402.94
2025-12-05,OR02,0.0,45513,452,57,11,2,6949.18,3480.82
2025-12-05,TT01,726.45,4575,91,7,5,5,958.11,536.54
2025-12-05,TT02,155.03,1585,23,2,1,1,291.62,157.02
2025-12-06,EM01,105.27,813,25,11,2,2,1698.76,889.71
2025-12-06,EM02,357.07,15031,304,97,11,2,4877.93,2325.06
2025-12-06,EM03,140.01,5662,112,6,3,0,1891.36,1132.37
2025-12-06,GG01,639.34,1768,135,33,16,4,11547.5,5675.16
2025-12-06,GG02,1113.6,2128,77,17,2,2,1760.85,936.62
2025-12-06,GG03,284.16,3137,40,6,2,2,1837.78,1020.99
2025-12-06,MT01,1049.93,17303,137,15,3,3,1701.27,868.92
2025-12-06,MT02,285.74,3357,41,6,1,1,704.77,391.54
2025-12-06,MT03,646.04,14196,201,25,12,2,5986.85,3249.28
2025-12-06,OR01,0.0,14442,466,81,18,4,11549.62,5707.1
2025-12-06,OR02,0.0,40600,347,43,7,1,3688.22,1883.75
2025-12-06,TT01,1088.83,6340,150,11,7,7,2904.33,1694.74
2025-12-06,TT02,342.47,2632,46,5,2,2,990.69,606.69
2025-12-07,EM01,62.63,613,20,9,1,1,438.02,209.06
2025-12-07,EM02,361.99,11277,286,76,12,0,6945.46,3612.68
2025-12-07,EM03,154.34,6474,109,6,2,0,1152.74,675.9
2025-12-07,GG01,509.88,1386,97,21,13,3,8415.27,4186.42
2025-12-07,GG02,1221.35,3166,102,22,3,3,2765.51,1427.24
2025-12-07,GG03,463.01,4611,58,9,3,3,2493.99,1335.75
2025-12-07,MT01,369.06,5355,47,6,1,1,682.19,325.59
2025-12-07,MT02,947.59,10668,111,18,4,4,1557.54,726.85
2025-12-07,MT03,863.09,19863,307,28,15,2,7329.57,4078.46
2025-12-07,OR01,0.0,19619,526,97,16,4,10334.29,5179.78
2025-12-07,OR02,0.0,31484,330,42,7,1,3214.35,1518.47
2025-12-07,TT01,271.39,2411,47,4,2,2,246.95,138.29
2025-12-07,TT02,40.25,245,4,0,0,0,0.0,0.0
2025-12-08,EM01,13.9,133,4,2,0,0,0.0,0.0
2025-12-08,EM02,444.12,15057,355,100,11,0,6281.94,3377.01
2025-12-08,EM03,164.44,6396,127,6,4,0,1685.41,863.26
2025-12-08,GG01,742.76,1380,129,35,14,2,7717.66,3771.55
2025-12-08,GG02,419.93,945,37,7,1,1,426.36,226.79
2025-12-08,GG03,269.43,2728,31,4,1,1,1317.01,731.67
2025-12-08,MT01,1357.45,20859,211,23,7,7,4098.93,2175.93
2025-12-08,MT02,540.07,5773,63,7,2,2,2174.85,1208.25
2025-12-08,MT03,670.08,16546,257,25,12,0,6174.57,3514.63
2025-12-08,OR01,0.0,19773,640,114,22,11,16254.68,7878.63
2025-12-08,OR02,0.0,36785,369,46,8,2,4018.47,1999.66
2025-12-08,TT01,623.95,4704,104,10,6,6,1723.83,1057.33
2025-12-08,TT02,708.25,4665,76,7,5,5,1312.66,706.82
2025-12-09,EM01,19.55,164,5,2,0,0,0.0,0.0
2025-12-09,EM02,441.61,13247,337,98,12,0,6472.38,3394.19
2025-12-09,EM03,316.37,10438,202,11,5,0,2928.92,1646.91
2025-12-09,GG01,489.89,886,90,19,9,1,4552.69,2157.88
2025-12-09,GG02,1052.76,2519,87,17,3,3,2611.86,1360.44
2025-12-09,GG03,226.35,2289,26,3,1,1,592.09,328.94
2025-12-09,MT01,1277.54,16538,154,17,5,5,2424.35,1339.67
2025-12-09,MT02,521.7,5107,51,8,2,2,921.85,430.2
2025-12-09,MT03,974.99,27048,388,47,16,2,8624.2,4621.66
2025-12-09,OR01,0.0,13521,345,76,10,3,7081.38,3485.15
2025-12-09,OR02,0.0,34109,343,43,9,0,5059.29,2541.6
2025-12-09,TT01,269.43,2373,51,5,3,3,607.9,405.27
2025-12-09,TT02,513.66,4025,58,6,3,3,996.97,585.87
2025-12-10,EM01,50.67,582,16,7,1,1,2149.29,1221.19
2025-12-10,EM02,179.2,5206,124,36,5,0,3345.07,1754.38
2025-12-10,EM03,58.24,3164,49,3,1,0,500.6,256.4
2025-12-10,GG01,737.7,1768,137,29,15,2,10606.94,5128.56
2025-12-10,GG02,885.0,1924,68,13,3,3,3143.11,1671.87
2025-12-10,GG03,776.23,8284,94,15,6,6,2447.88,1267.16
2025-12-10,MT01,939.87,13805,125,14,3,3,1613.31,916.65
2025-12-10,MT02,614.42,8184,77,12,3,3,487.39,227.45
2025-12-10,MT03,697.49,16347,239,27,10,0,6726.04,3751.65
2025-12-10,OR01,0.0,25081,758,131,22,3,14207.43,7098.59
2025-12-10,OR02,0.0,44194,456,61,10,2,5728.43,2921.59
2025-12-10,TT01,578.59,4247,83,8,4,4,736.74,472.53
2025-12-10,TT02,499.87,3327,54,6,3,3,1212.38,726.53
2025-12-11,EM01,39.16,366,10,5,0,0,0.0,0.0
2025-12-11,EM02,298.6,10481,265,68,11,0,7312.25,3851.23
2025-12-11,EM03,354.27,15195,273,14,8,0,4773.44,2758.79
2025-12-11,GG01,606.31,1314,109,27,12,3,7947.1,3949.93
2025-12-11,GG02,3273.08,7116,234,51,10,10,8138.71,4244.11
2025-12-11,GG03,582.11,5686,68,11,3,3,1007.23,470.03
2025-12-11,MT01,515.61,10277,86,11,2,2,1025.32,559.07
2025-12-11,MT02,333.82,3944,43,7,1,1,652.64,362.58
2025-12-11,MT03,852.22,20723,302,35,16,0,8086.85,4556.81
2025-12-11,OR01,0.0,11682,341,64,13,3,10183.94,5019.93
2025-12-11,OR02,0.0,35487,340,42,9,1,6642.7,3362.24
2025-12-11,TT01,775.04,4515,107,10,6,6,1118.94,666.81
2025-12-11,TT02,222.11,1746,25,3,1,1,720.11,461.61
2025-12-12,EM01,14.48,143,4,2,0,0,0.0,0.0
2025-12-12,EM02,232.5,7047,183,47,7,0,3190.43,1611.27
2025-12-12,EM03,267.67,10583,206,11,5,0,2597.33,1494.45
2025-12-12,GG01,436.24,1295,112,27,13,4,8169.38,3881.01
2025-12-12,GG02,1384.71,3008,101,22,5,5,2305.32,1136.53
2025-12-12,GG03,50.07,578,6,1,0,0,0.0,0.0
2025-12-12,MT01,1144.96,19579,168,24,4,4,1010.71,482.38
2025-12-12,MT02,672.37,9534,102,14,4,4,3387.45,1837.6
2025-12-12,MT03,929.83,18134,274,26,12,1,7875.9,4542.81
2025-12-12,OR01,0.0,7320,206,32,7,1,4562.65,2284.75
2025-12-12,OR02,0.0,31841,316,37,9,2,4400.25,2067.65
2025-12-12,TT01,824.19,6174,123,13,7,7,2210.53,1281.21
2025-12-12,TT02,306.82,2306,41,4,2,2,561.79,302.5
2025-12-13,EM01,133.53,960,30,13,2,2,1843.66,1047.53
2025-12-13,EM02,194.2,6180,168,48,7,1,4366.12,2301.34
2025-12-13,EM03,172.71,6841,126,7,3,0,1905.87,1109.16
2025-12-13,GG01,547.67,1985,148,39,15,2,11651.0,5774.86
2025-12-13,GG02,1330.57,2999,103,17,4,4,2645.18,1302.04
2025-12-13,GG03,840.0,9754,111,17,5,5,4879.79,2683.47
2025-12-13,MT01,1035.12,15708,146,16,4,4,2194.03,1126.11
2025-12-13,MT02,1477.6,13833,192,32,7,7,3254.14,1704.11
2025-12-13,MT03,863.34,20579,296,33,13,1,5076.24,2731.3
2025-12-13,OR01,0.0,9761,277,57,9,5,3477.85,1566.06
2025-12-13,OR02,0.0,42404,449,55,11,3,8272.3,4266.98
2025-12-13,TT01,620.64,4497,101,7,5,5,872.53,530.93
2025-12-13,TT02,257.48,2098,35,4,2,2,349.86,188.39
2025-12-14,EM01,133.09,1421,39,20,3,3,1290.77,616.05
2025-12-14,EM02,162.82,5341,133,38,5,1,2687.89,1415.65
2025-12-14,EM03,144.4,5490,106,5,2,0,847.88,480.36
2025-12-14,GG01,636.22,1428,142,34,19,5,12405.13,6075.79
2025-12-14,GG02,1691.42,4616,142,29,6,6,4131.7,2125.94
2025-12-14,GG03,711.32,6731,88,11,4,4,1887.97,1013.13
2025-12-14,MT01,527.47,8850,74,10,2,2,403.93,192.79
2025-12-14,MT02,56.64,674,8,1,0,0,0.0,0.0
2025-12-14,MT03,1340.06,20061,346,33,19,3,13567.04,7618.34
2025-12-14,OR01,0.0,11949,352,64,12,2,6414.36,3058.73
2025-12-14,OR02,0.0,38290,426,46,10,3,5703.34,2746.05
2025-12-14,TT01,592.09,4503,88,10,5,5,1907.1,1182.32
2025-12-14,TT02,472.59,3534,62,6,2,2,1280.17,762.63
2025-12-15,EM01,93.54,764,22,10,2,2,813.78,462.37
2025-12-15,EM02,335.11,11555,289,84,12,1,8455.73,4538.86
2025-12-15,EM03,407.53,16905,274,15,6,0,4247.29,2366.07
2025-12-15,GG01,246.35,665,48,10,7,0,4410.92,2159.48
2025-12-15,GG02,1488.18,4295,128,25,4,4,2121.21,947.77
2025-12-15,GG03,572.7,6640,82,11,5,5,5546.9,3081.61
2025-12-15,MT01,1349.81,15851,151,17,4,4,3004.03,1706.84
2025-12-15,MT02,674.93,7105,86,13,3,3,1834.04,939.65
2025-12-15,MT03,468.56,9916,144,14,7,0,3656.4,2045.26
2025-12-15,OR01,0.0,13916,474,76,14,5,7432.42,3636.33
2025-12-15,OR02,0.0,44526,390,51,9,4,4847.17,2373.49
2025-12-15,TT01,491.17,3564,89,8,4,4,1505.0,928.44
2025-12-15,TT02,183.52,1389,21,2,1,1,243.18,130.94
2025-12-16,EM01,125.24,829,29,13,3,3,1799.32,939.79
2025-12-16,EM02,155.51,5625,129,37,4,1,2457.52,1263.95
2025-12-16,EM03,452.14,14281,293,16,8,0,2197.63,1186.93
2025-12-16,GG01,553.13,1509,104,19,14,3,11399.42,5749.18
2025-12-16,GG02,1549.73,3492,105,19,3,3,2498.83,1285.34
2025-12-16,GG03,624.9,6567,78,10,4,4,2485.83,1344.57
2025-12-16,MT01,370.64,6308,59,8,1,1,931.78,529.42
2025-12-16,MT02,144.41,1717,19,3,0,0,0.0,0.0
2025-12-16,MT03,722.57,16428,260,32,13,1,6819.66,3799.43
2025-12-16,OR01,0.0,18986,434,61,15,3,11410.18,5700.47
2025-12-16,OR02,0.0,46381,419,52,12,2,7236.39,3670.02
2025-12-16,TT01,365.4,2844,58,5,3,3,493.59,276.41
2025-12-16,TT02,374.59,2507,42,5,2,2,1434.29,904.22
2025-12-17,EM01,51.88,359,12,5,1,1,285.43,136.23
2025-12-17,EM02,135.42,5055,129,37,5,1,3077.03,1709.46
2025-12-17,EM03,320.94,9664,218,11,6,0,2824.81,1596.07
2025-12-17,GG01,456.3,1013,91,22,11,4,5172.27,2366.44
2025-12-17,GG02,1127.8,2508,80,17,3,3,1796.04,926.28
2025-12-17,GG03,275.54,2574,35,5,2,2,1710.59,920.01
2025-12-17,MT01,322.72,6333,47,6,1,1,834.04,473.89
2025-12-17,MT02,716.68,8678,96,14,4,4,1544.2,780.05
2025-12-17,MT03,889.52,19800,293,32,14,2,6283.19,3326.12
2025-12-17,OR01,0.0,12629,424,77,14,2,11425.08,5698.42
2025-12-17,OR02,0.0,35670,287,37,6,2,2070.68,991.61
2025-12-17,TT01,606.21,3824,86,9,5,5,911.54,559.82
2025-12-17,TT02,629.4,4358,67,6,3,3,747.33,479.06
2025-12-18,EM01,78.93,563,19,9,1,1,345.4,164.85
2025-12-18,EM02,230.62,7692,210,65,9,0,6511.52,3543.4
2025-12-18,EM03,390.12,13054,262,16,5,0,2421.94,1359.82
2025-12-18,GG01,491.88,1547,104,33,12,3,8865.54,4385.52
2025-12-18,GG02,1574.89,3361,112,22,4,4,3714.39,1884.86
2025-12-18,GG03,607.55,6539,82,12,3,3,2242.44,1216.96
2025-12-18,MT01,686.06,9787,103,11,3,3,1978.99,1085.43
2025-12-18,MT02,63.38,900,10,2,0,0,0.0,0.0
2025-12-18,MT03,1215.21,21080,340,39,17,2,6786.56,3669.28
2025-12-18,OR01,0.0,13174,445,87,15,2,9395.36,4723.86
2025-12-18,OR02,0.0,50199,490,56,11,2,7043.36,3605.28
2025-12-18,TT01,775.28,4799,109,9,6,6,800.85,448.47
2025-12-18,TT02,500.05,2809,49,5,2,2,635.37,342.13
2025-12-19,EM01,76.1,533,17,7,1,1,666.8,318.25
2025-12-19,EM02,363.95,8955,244,66,8,0,4608.11,2453.43
2025-12-19,EM03,178.24,5813,121,6,3,0,564.03,288.9
2025-12-19,GG01,332.2,909,66,14,7,1,3642.07,1723.35
2025-12-19,GG02,1999.64,4599,147,30,6,6,4422.91,2307.5
2025-12-19,GG03,195.71,2291,24,4,1,1,2643.71,1468.73
2025-12-19,MT01,1249.26,22485,186,25,4,4,2569.84,1296.41
2025-12-19,MT02,280.52,3004,32,5,1,1,773.63,429.79
2025-12-19,MT03,1672.42,27973,490,43,20,2,11208.96,6218.64
2025-12-19,OR01,0.0,19228,555,106,19,5,12443.84,6212.52
2025-12-19,OR02,0.0,57097,530,64,11,4,5271.45,2613.34
2025-12-19,TT01,513.39,3608,75,8,4,4,1564.2,940.92
2025-12-19,TT02,125.51,736,13,1,0,0,0.0,0.0
2025-12-20,EM01,108.71,973,27,14,2,2,542.08,258.72
2025-12-20,EM02,145.09,3507,90,30,3,0,1720.41,870.82
2025-12-20,EM03,141.22,5347,111,6,3,0,703.41,360.29
2025-12-20,GG01,534.91,1419,117,37,14,3,9561.21,4677.42
2025-12-20,GG02,2165.22,4711,157,33,6,6,5869.39,3122.01
2025-12-20,GG03,385.04,3686,49,7,3,3,2145.52,1105.53
2025-12-20,MT01,1942.9,22356,224,25,5,5,3291.68,1778.37
2025-12-20,MT02,699.36,9371,83,13,3,3,1335.2,704.64
2025-12-20,MT03,778.79,16437,273,26,12,1,5624.58,3211.49
2025-12-20,OR01,0.0,11882,323,59,12,2,7221.23,3523.8
2025-12-20,OR02,0.0,39180,401,39,8,2,4926.62,2489.18
2025-12-20,TT01,143.39,1073,27,3,1,1,192.46,107.78
2025-12-20,TT02,537.16,3457,56,5,2,2,1309.73,785.91
2025-12-21,EM01,82.71,870,23,10,2,2,1212.07,688.67
2025-12-21,EM02,604.47,16071,471,134,16,1,9656.97,4933.66
2025-12-21,EM03,174.43,4858,110,6,2,0,1079.85,619.65
2025-12-21,GG01,929.27,2046,167,40,22,4,10865.53,4989.16
2025-12-21,GG02,2586.08,6122,194,44,9,9,5024.86,2636.72
2025-12-21,GG03,300.59,2549,32,6,1,1,331.62,154.76
2025-12-21,MT01,910.35,14942,129,14,4,4,2303.82,1237.69
2025-12-21,MT02,557.79,6895,70,11,2,2,709.75,331.22
2025-12-21,MT03,1200.83,33502,470,41,20,3,12041.43,6471.56
2025-12-21,OR01,0.0,13906,465,88,17,5,11288.93,5655.79
2025-12-21,OR02,0.0,46134,429,48,11,1,6507.22,3226.93
2025-12-21,TT01,368.52,2903,65,6,3,3,817.94,458.05
2025-12-21,TT02,891.67,8002,103,8,5,5,1491.07,865.89
2025-12-22,EM01,68.63,454,14,7,1,1,1050.89,597.1
2025-12-22,EM02,272.81,10686,249,73,11,0,6324.7,3233.59
2025-12-22,EM03,324.0,12772,228,11,6,0,2991.86,1619.6
2025-12-22,GG01,369.25,877,70,16,8,2,5184.73,2611.65
2025-12-22,GG02,1578.4,3716,131,26,5,5,5295.89,2718.52
2025-12-22,GG03,1103.79,9300,116,17,7,7,3596.28,1926.86
2025-12-22,MT01,1659.92,24413,217,27,7,7,3753.68,2057.44
2025-12-22,MT02,563.28,7174,74,11,3,3,1764.7,904.33
2025-12-22,MT03,1509.59,32614,507,50,21,2,11676.18,6358.48
2025-12-22,OR01,0.0,12647,329,57,15,1,10291.51,5045.71
2025-12-22,OR02,0.0,66047,575,63,12,1,8554.5,4255.06
2025-12-22,TT01,461.17,3870,75,8,4,4,1285.35,787.54
2025-12-22,TT02,484.43,3434,60,6,3,3,1623.81,1009.9
2025-12-23,EM01,25.98,198,6,3,0,0,0.0,0.0
2025-12-23,EM02,364.73,11558,274,79,9,1,6436.59,3308.16
2025-12-23,EM03,149.96,7051,131,8,3,0,1324.32,807.51
2025-12-23,GG01,793.36,1735,136,35,14,2,7391.83,3613.27
2025-12-23,GG02,1780.37,3203,109,22,4,4,2786.74,1482.3
2025-12-23,GG03,530.21,7279,85,13,4,4,1694.84,832.94
2025-12-23,MT01,958.14,13276,127,14,3,3,2994.83,1596.58
2025-12-23,MT02,753.94,8219,90,13,3,3,1813.1,938.56
2025-12-23,MT03,1564.53,25171,377,46,20,1,13199.37,7418.39
2025-12-23,OR01,0.0,17630,593,122,19,3,11140.75,5359.12
2025-12-23,OR02,0.0,19015,210,25,5,2,2518.24,1214.85
2025-12-23,TT01,328.1,2032,44,4,2,2,557.4,371.6
2025-12-23,TT02,497.05,3819,59,6,2,2,548.18,295.18
2025-12-24,EM01,49.1,378,12,6,1,1,832.09,472.78
2025-12-24,EM02,534.28,17097,351,103,14,0,10520.76,5742.36
2025-12-24,EM03,147.5,6572,108,5,2,0,916.14,529.84
2025-12-24,GG01,698.47,1538,118,31,14,2,11458.77,5473.03
2025-12-24,GG02,1286.61,3865,116,23,5,5,2729.93,1399.41
2025-12-24,GG03,357.95,3968,45,8,2,2,788.08,367.77
2025-12-24,MT01,964.55,14708,133,16,4,4,1986.73,1062.66
2025-12-24,MT02,575.23,6951,76,12,2,2,1569.24,871.8
2025-12-24,MT03,996.95,22093,324,32,16,2,7907.84,4112.63
2025-12-24,OR01,0.0,16289,447,82,15,6,9516.8,4696.04
2025-12-24,OR02,0.0,21006,213,25,5,1,2748.8,1322.42
2025-12-24,TT01,277.58,1980,44,4,3,3,1173.02,752.07
2025-12-24,TT02,394.02,3598,52,6,2,2,880.79,521.86
2025-12-25,EM01,41.12,340,10,5,1,1,353.17,168.56
2025-12-25,EM02,188.4,5813,168,51,6,1,4626.9,2534.19
2025-12-25,EM03,454.33,18394,348,14,8,0,4238.47,2360.2
2025-12-25,GG01,499.28,1506,100,24,12,2,12158.14,6226.44
2025-12-25,GG02,1338.4,3728,119,21,4,4,3448.9,1721.96
2025-12-25,GG03,821.98,8161,101,15,5,5,3577.68,1929.7
2025-12-25,MT01,368.9,4761,47,5,1,1,562.4,319.55
2025-12-25,MT02,766.03,7803,82,14,3,3,1345.72,628.0
2025-12-25,MT03,961.39,16592,278,28,13,2,5418.88,2845.41
2025-12-25,OR01,0.0,22508,652,105,22,4,11901.48,5741.25
2025-12-25,OR02,0.0,62103,593,76,13,2,7778.56,4011.76
2025-12-25,TT01,637.24,5246,99,8,7,7,3206.66,1956.17
2025-12-25,TT02,584.25,5931,88,9,3,3,1720.76,1032.01
2025-12-26,EM01,19.83,156,5,2,0,0,0.0,0.0
2025-12-26,EM02,281.83,9183,239,78,8,0,6290.86,3398.51
2025-12-26,EM03,238.72,8930,160,7,4,0,2008.28,1174.03
2025-12-26,GG01,853.4,1802,153,35,16,1,10036.44,4915.14
2025-12-26,GG02,2462.19,5451,176,31,7,7,5222.39,2742.62
2025-12-26,GG03,316.43,3462,38,5,2,2,2006.52,1114.73
2025-12-26,MT01,1113.85,17374,148,20,5,5,2414.22,1219.5
2025-12-26,MT02,130.89,1551,17,3,0,0,0.0,0.0
2025-12-26,MT03,634.7,12234,220,23,12,0,6915.1,3880.97
2025-12-26,OR01,0.0,16316,389,75,11,6,8610.04,4361.13
2025-12-26,OR02,0.0,38545,421,49,10,3,5847.45,2895.48
2025-12-26,TT01,852.33,5453,124,12,6,6,1747.8,1056.76
2025-12-26,TT02,507.12,3055,50,5,2,2,258.82,139.36
2025-12-27,EM01,53.21,446,13,5,1,1,341.75,163.11
2025-12-27,EM02,170.51,5250,142,42,7,0,3197.25,1642.82
2025-12-27,EM03,239.63,7544,151,7,4,0,2814.02,1539.65
2025-12-27,GG01,459.02,1225,98,24,9,3,5962.19,2891.82
2025-12-27,GG02,1098.03,2301,80,15,4,4,2418.58,1233.31
2025-12-27,GG03,372.25,3474,46,6,2,2,1575.81,837.79
2025-12-27,MT01,797.41,13419,112,11,3,3,1763.55,901.96
2025-12-27,MT02,530.82,6836,63,10,3,3,1780.0,928.74
2025-12-27,MT03,915.09,20281,305,31,13,1,6914.17,3758.73
2025-12-27,OR01,0.0,21283,604,106,19,6,10092.35,4830.59
2025-12-27,OR02,0.0,57533,651,86,14,1,7729.62,3865.27
2025-12-27,TT01,371.9,2780,57,5,4,4,550.88,308.5
2025-12-27,TT02,226.52,1736,29,3,1,1,543.59,292.7
2025-12-28,EM01,74.84,602,16,7,1,1,678.46,385.49
2025-12-28,EM02,416.47,14490,326,97,11,1,7103.35,3743.08
2025-12-28,EM03,281.88,10122,212,11,5,0,4064.63,2293.16
2025-12-28,GG01,991.84,2540,199,47,23,3,12473.4,5945.4
2025-12-28,GG02,1292.51,2231,77,14,3,3,2714.96,1402.73
2025-12-28,GG03,305.67,3048,40,7,2,2,1102.78,612.65
2025-12-28,MT01,1283.31,24179,192,21,6,6,4722.63,2608.17
2025-12-28,MT02,575.65,6375,76,12,3,3,1481.95,797.97
2025-12-28,MT03,796.82,16192,254,25,13,2,7826.34,4161.47
2025-12-28,OR01,0.0,20446,584,93,17,4,9502.4,4615.59
2025-12-28,OR02,0.0,34668,370,36,10,3,6938.86,3454.63
2025-12-28,TT01,295.47,2112,45,4,2,2,1293.08,862.06
2025-12-28,TT02,458.75,3725,56,6,3,3,1624.53,989.4
2025-12-29,EM01,81.61,751,23,11,2,2,493.25,235.41
2025-12-29,EM02,353.08,13006,299,95,9,0,3180.05,1642.17
2025-12-29,EM03,192.03,6000,130,7,3,0,1643.79,969.26
2025-12-29,GG01,533.01,1065,99,25,13,2,11816.89,6028.6
2025-12-29,GG02,1900.68,3639,139,25,5,5,2994.87,1506.29
2025-12-29,GG03,730.44,8048,80,11,4,4,4659.74,2553.55
2025-12-29,MT01,382.67,7117,54,7,1,1,354.1,169.0
2025-12-29,MT02,895.6,11825,121,17,4,4,1642.12,912.29
2025-12-29,MT03,456.75,11706,166,16,10,0,3349.96,1810.01
2025-12-29,OR01,0.0,16906,490,83,15,4,6930.34,3257.53
2025-12-29,OR02,0.0,42738,434,55,10,5,4188.29,2075.05
2025-12-29,TT01,218.62,1947,37,3,2,2,1127.41,704.56
2025-12-29,TT02,830.44,7331,99,9,5,5,1584.09,907.84
2025-12-30,EM01,51.94,384,12,6,1,1,1111.64,631.61
2025-12-30,EM02,287.7,9498,233,64,11,0,6548.52,3344.48
2025-12-30,EM03,252.99,8462,150,7,3,0,2011.44,1105.03
2025-12-30,GG01,788.29,1738,132,31,17,5,12785.75,6397.23
2025-12-30,GG02,668.54,1438,50,11,2,2,1532.95,766.87
2025-12-30,GG03,756.5,7379,86,12,3,3,1391.97,711.73
2025-12-30,MT01,348.72,5076,47,6,1,1,343.06,163.74
2025-12-30,MT02,897.0,9923,117,18,4,4,2568.31,1409.12
2025-12-30,MT03,951.54,19001,295,29,15,0,7378.45,4079.2
2025-12-30,OR01,0.0,19294,514,92,14,3,11358.11,5727.89
2025-12-30,OR02,0.0,34334,380,49,8,2,3122.71,1487.54
2025-12-30,TT01,302.91,2463,50,5,2,2,857.45,530.03
2025-12-30,TT02,362.24,2800,44,4,2,2,474.24,255.37
2025-12-31,EM01,119.49,1060,32,17,3,3,1913.48,1019.97
2025-12-31,EM02,206.68,6841,166,45,6,1,2858.95,1453.87
2025-12-31,EM03,182.09,7223,133,8,3,0,1750.75,986.5
2025-12-31,GG01,969.59,2200,184,52,18,4,11152.2,5412.09
2025-12-31,GG02,1744.44,3420,117,23,4,4,2129.14,1011.63
2025-12-31,GG03,464.65,4155,48,7,3,3,1759.69,889.58
2025-12-31,MT01,1100.56,17828,170,21,4,4,2173.43,1176.31
2025-12-31,MT02,663.99,8160,86,13,3,3,1838.84,931.16
2025-12-31,MT03,1030.77,18438,369,37,19,2,9880.24,5403.8
2025-12-31,OR01,0.0,25004,804,143,24,8,15525.68,7455.93
2025-12-31,OR02,0.0,41576,406,57,9,2,6190.76,3104.29
2025-12-31,TT01,435.96,3050,65,5,3,3,1285.03,817.85
2025-12-31,TT02,342.62,3086,45,6,2,2,690.57,371.85
